{"textures":{"particle":"mineclub/hats/gfx_archer_hat"},"elements":[{"rotation":{"origin":[11.5,13,11.5],"angle":0,"axis":"y"},"from":[3.5,8,3.5],"to":[12.5,11,12.5],"faces":{"east":{"uv":[11.5,7.5,7,9],"texture":"#particle"},"south":{"uv":[7,10,11.5,11.5],"texture":"#particle"},"north":{"uv":[7,5,11.5,6.5],"texture":"#particle"},"west":{"uv":[7,7.5,11.5,9],"texture":"#particle"},"up":{"uv":[11.5,5,7,0.5],"texture":"#particle"}}},{"rotation":{"origin":[3.5,8.70711,9.62132],"angle":45,"axis":"x"},"from":[3,9.70711,9.62132],"to":[4,14.70711,10.62132],"faces":{"east":{"uv":[15.5,13,15,15.5],"texture":"#particle"},"south":{"uv":[15,9,15.5,11.5],"texture":"#particle"},"west":{"uv":[15,13,15.5,15.5],"texture":"#particle"},"up":{"uv":[15,8.5,15.5,9],"texture":"#particle"},"down":{"uv":[15,11.5,15.5,12],"texture":"#particle"}}},{"rotation":{"origin":[3.5,8.70711,9.62132],"angle":45,"axis":"x"},"from":[3,6.70711,8.62132],"to":[4,16.70711,9.62132],"faces":{"east":{"uv":[13.5,8.5,13,13.5],"texture":"#particle"},"south":{"uv":[13.5,8.5,14,13.5],"texture":"#particle"},"north":{"uv":[12.5,8.5,13,13.5],"texture":"#particle"},"west":{"uv":[13,8.5,13.5,13.5],"texture":"#particle"},"up":{"uv":[13,8.5,12.5,8],"texture":"#particle"}}},{"rotation":{"origin":[3.5,8.70711,9.62132],"angle":45,"axis":"x"},"from":[3,8.70711,7.62132],"to":[4,13.70711,8.62132],"faces":{"east":{"uv":[15.5,4.5,15,7],"texture":"#particle"},"north":{"uv":[14.5,4.5,15,7],"texture":"#particle"},"west":{"uv":[15,4.5,15.5,7],"texture":"#particle"},"up":{"uv":[15,4.5,14.5,4],"texture":"#particle"},"down":{"uv":[15,7.5,14.5,7],"texture":"#particle"}}},{"rotation":{"origin":[10.5,13,10.5],"angle":0,"axis":"y"},"from":[2.5,5,2.5],"to":[6.5,8,3.5],"faces":{"east":{"uv":[12.5,1,13,2.5],"texture":"#particle"},"north":{"uv":[13,1,15,2.5],"texture":"#particle"},"west":{"uv":[15,1,15.5,2.5],"texture":"#particle"},"up":{"uv":[15,1,13,0.5],"texture":"#particle"},"down":{"uv":[15,3,13,2.5],"texture":"#particle"}}},{"rotation":{"origin":[5.5,13,10.5],"angle":0,"axis":"y"},"from":[9.5,5,2.5],"to":[13.5,8,3.5],"faces":{"east":{"uv":[15.5,1,15,2.5],"texture":"#particle"},"north":{"uv":[15,1,13,2.5],"texture":"#particle"},"west":{"uv":[13,1,12.5,2.5],"texture":"#particle"},"up":{"uv":[13,1,15,0.5],"texture":"#particle"},"down":{"uv":[13,3,15,2.5],"texture":"#particle"}}},{"rotation":{"origin":[11.5,13,10.5],"angle":0,"axis":"y"},"from":[6.5,5,2.5],"to":[7.5,7,3.5],"faces":{"east":{"uv":[12.5,4.5,13,5.5],"texture":"#particle"},"north":{"uv":[13,4.5,13.5,5.5],"texture":"#particle"},"up":{"uv":[13.5,4.5,13,4],"texture":"#particle"},"down":{"uv":[13.5,6,13,5.5],"texture":"#particle"}}},{"rotation":{"origin":[4.5,13,10.5],"angle":0,"axis":"y"},"from":[8.5,5,2.5],"to":[9.5,7,3.5],"faces":{"north":{"uv":[13.5,4.5,13,5.5],"texture":"#particle"},"west":{"uv":[13,4.5,12.5,5.5],"texture":"#particle"},"up":{"uv":[13,4.5,13.5,4],"texture":"#particle"},"down":{"uv":[13,6,13.5,5.5],"texture":"#particle"}}},{"rotation":{"origin":[20.5,13,11.5],"angle":0,"axis":"y"},"from":[2.5,5,3.5],"to":[13.5,8,13.5],"faces":{"east":{"uv":[5.5,13,0.5,14.5],"texture":"#particle"},"south":{"uv":[5.5,13,11,14.5],"texture":"#particle"},"north":{"uv":[0.5,5.5,6,7],"texture":"#particle"},"west":{"uv":[0.5,13,5.5,14.5],"texture":"#particle"},"up":{"uv":[6,5.5,0.5,0.5],"texture":"#particle"},"down":{"uv":[6,12,0.5,7],"texture":"#particle"}}}],"display":{"head":{"translation":[0,6.45,0],"scale":[1.61,1.61,1.61]},"firstperson_righthand":{"rotation":[0,45,0],"translation":[1,2.5,0.5],"scale":[0.4,0.4,0.4]},"thirdperson_lefthand":{"rotation":[75,45,0],"translation":[0,2.5,-0.25],"scale":[0.55,0.55,0.55]},"firstperson_lefthand":{"rotation":[0,45,0],"translation":[1,2.5,0.5],"scale":[0.4,0.4,0.4]},"thirdperson_righthand":{"rotation":[75,45,0],"translation":[0,2.5,-0.25],"scale":[0.55,0.55,0.55]},"gui":{"rotation":[30,225,0],"translation":[0,-1,0],"scale":[0.8,0.8,0.8]},"fixed":{"rotation":[0,-90,0],"translation":[0,-1,0]}}}