{"textures":{"particle":"mineclub/hats/gfx_ash_hat"},"elements":[{"rotation":{"origin":[12,15,11],"angle":0,"axis":"y"},"from":[3,5,3],"to":[13,10,13],"faces":{"east":{"uv":[10.5,5.5,5.5,8],"texture":"#particle"},"south":{"uv":[10.5,5.5,15.5,8],"texture":"#particle"},"north":{"uv":[0.5,5.5,5.5,8],"texture":"#particle"},"west":{"uv":[5.5,5.5,10.5,8],"texture":"#particle"},"up":{"uv":[5.5,5.5,0.5,0.5],"texture":"#particle"},"down":{"uv":[5.5,13,0.5,8],"texture":"#particle"}}},{"rotation":{"origin":[12,15,1],"angle":0,"axis":"y"},"from":[3,5,0],"to":[13,6,3],"faces":{"east":{"uv":[13.5,11,11.5,11.5],"texture":"#particle"},"north":{"uv":[6.5,11,11.5,11.5],"texture":"#particle"},"west":{"uv":[11.5,11,13.5,11.5],"texture":"#particle"},"up":{"uv":[11.5,11,6.5,9.5],"texture":"#particle"},"down":{"uv":[11.5,13.5,6.5,11.5],"texture":"#particle"}}},{"rotation":{"origin":[12,15,0],"angle":0,"axis":"y"},"from":[4,5,-1],"to":[12,6,0],"faces":{"east":{"uv":[5,14.5,4.5,15],"texture":"#particle"},"north":{"uv":[0.5,14.5,4.5,15],"texture":"#particle"},"west":{"uv":[4.5,14.5,5,15],"texture":"#particle"},"up":{"uv":[4.5,14.5,0.5,14],"texture":"#particle"},"down":{"uv":[4.5,15.5,0.5,15],"texture":"#particle"}}},{"rotation":{"origin":[12,16,11],"angle":0,"axis":"y"},"from":[4,10,4],"to":[12,11,12],"faces":{"east":{"uv":[15.5,2,11.5,2.5],"texture":"#particle"},"south":{"uv":[11.5,3.5,15.5,4],"texture":"#particle"},"north":{"uv":[11.5,0.5,15.5,1],"texture":"#particle"},"west":{"uv":[11.5,2,15.5,2.5],"texture":"#particle"},"up":{"uv":[10.5,4.5,6.5,0.5],"texture":"#particle"}}}],"display":{"head":{"translation":[0,6.4,0],"scale":[1.6,1.6,1.6]},"firstperson_righthand":{"rotation":[0,45,0],"translation":[1,2.5,0.5],"scale":[0.4,0.4,0.4]},"thirdperson_lefthand":{"rotation":[75,45,0],"translation":[0,2.5,-0.25],"scale":[0.55,0.55,0.55]},"firstperson_lefthand":{"rotation":[0,45,0],"translation":[1,2.5,0.5],"scale":[0.4,0.4,0.4]},"thirdperson_righthand":{"rotation":[75,45,0],"translation":[0,2.5,-0.25],"scale":[0.55,0.55,0.55]},"gui":{"rotation":[30,225,0],"translation":[-1,1,0],"scale":[0.8,0.8,0.8]}}}