{"textures":{"particle":"mineclub/hats/aviators"},"elements":[{"name":"Element","from":[7.5,4,3],"to":[8.5,5,4],"faces":{"south":{"uv":[5,8,6,9],"texture":"#particle"},"north":{"uv":[5,8,6,9],"texture":"#particle"},"up":{"uv":[5,8,6,9],"texture":"#particle"},"down":{"uv":[5,8,6,9],"texture":"#particle"}}},{"name":"Element","from":[4.4,2,3],"to":[6.5,3,4],"faces":{"east":{"uv":[11,1,12,2],"texture":"#particle"},"south":{"uv":[7,12,9,13],"texture":"#particle"},"north":{"uv":[12,1,14,2],"texture":"#particle"},"west":{"uv":[14,1,15,2],"texture":"#particle"},"up":{"uv":[0,0,0,0],"texture":"#particle"},"down":{"uv":[14,2,12,3],"texture":"#particle"}}},{"name":"Element","from":[9.5,2,3],"to":[11.6,3,4],"faces":{"east":{"uv":[11,1,12,2],"texture":"#particle"},"south":{"uv":[7,12,9,13],"texture":"#particle"},"north":{"uv":[12,1,14,2],"texture":"#particle"},"west":{"uv":[14,1,15,2],"texture":"#particle"},"up":{"uv":[0,0,0,0],"texture":"#particle"},"down":{"uv":[14,2,12,3],"texture":"#particle"}}},{"rotation":{"origin":[4.10711,3,3.5],"angle":-45,"axis":"z"},"name":"Element","from":[3.6071,2.5,3.0031],"to":[5.0196,3.5,3.9906],"faces":{"south":{"uv":[9,5,10,6],"texture":"#particle"},"north":{"uv":[9,5,10,6],"texture":"#particle"},"up":{"uv":[9,5,10,6],"texture":"#particle"},"down":{"uv":[9,5,10,6],"texture":"#particle"}}},{"rotation":{"origin":[9.20711,3,3.5],"angle":-45,"axis":"z"},"name":"Element","from":[8.7071,2.5,3.0031],"to":[10.1196,3.5,3.9906],"faces":{"south":{"uv":[9,5,10,6],"texture":"#particle"},"north":{"uv":[9,5,10,6],"texture":"#particle"},"up":{"uv":[9,5,10,6],"texture":"#particle"},"down":{"uv":[9,5,10,6],"texture":"#particle"}}},{"rotation":{"origin":[6.79286,3.00002,3.50002],"angle":45,"axis":"z"},"name":"Element","from":[5.8804,2.5,3.0031],"to":[7.2929,3.5,3.9906],"faces":{"south":{"uv":[10,5,9,6],"texture":"#particle"},"north":{"uv":[10,5,9,6],"texture":"#particle"},"up":{"uv":[10,5,9,6],"texture":"#particle"},"down":{"uv":[10,5,9,6],"texture":"#particle"}}},{"rotation":{"origin":[11.89286,3.00002,3.50002],"angle":45,"axis":"z"},"name":"Element","from":[10.9804,2.5,3.0031],"to":[12.3929,3.5,3.9906],"faces":{"south":{"uv":[10,5,9,6],"texture":"#particle"},"north":{"uv":[10,5,9,6],"texture":"#particle"},"up":{"uv":[10,5,9,6],"texture":"#particle"},"down":{"uv":[10,5,9,6],"texture":"#particle"}}},{"name":"Element","from":[3.4,3,3],"to":[7.5,5,4],"faces":{"east":{"uv":[1,2,2,4],"texture":"#particle"},"south":{"uv":[1,11,5,13],"texture":"#particle"},"north":{"uv":[2,2,6,4],"texture":"#particle"},"west":{"uv":[6,2,7,4],"texture":"#particle"},"up":{"uv":[6,2,2,1],"texture":"#particle"}}},{"name":"Element","from":[8.5,3,3],"to":[12.6,5,4],"faces":{"east":{"uv":[1,2,2,4],"texture":"#particle"},"south":{"uv":[1,11,5,13],"texture":"#particle"},"north":{"uv":[2,2,6,4],"texture":"#particle"},"west":{"uv":[6,2,7,4],"texture":"#particle"},"up":{"uv":[6,2,2,1],"texture":"#particle"}}},{"name":"Element","from":[3,4,3.5],"to":[4,5,9.5],"faces":{"east":{"uv":[15,8,9,9],"texture":"#particle"},"north":{"uv":[8,8,9,9],"texture":"#particle"},"west":{"uv":[9,8,15,9],"texture":"#particle"},"up":{"uv":[9,8,15,9],"texture":"#particle","rotation":90},"down":{"uv":[9,8,15,9],"texture":"#particle","rotation":270}}},{"name":"Element","from":[12,4,3.5],"to":[13,5,9.5],"faces":{"east":{"uv":[15,8,9,9],"texture":"#particle"},"north":{"uv":[9,8,8,9],"texture":"#particle"},"west":{"uv":[9,8,15,9],"texture":"#particle"},"up":{"uv":[9,9,15,8],"texture":"#particle","rotation":90},"down":{"uv":[9,9,15,8],"texture":"#particle","rotation":270}}},{"rotation":{"origin":[8.00175,3.23049,14.09619],"angle":45,"axis":"x"},"name":"Element","from":[3.0018,0.2305,9.5962],"to":[4.0018,1.2305,11.5962],"faces":{"east":{"uv":[14,5,12,6],"texture":"#particle"},"south":{"uv":[14,5,15,6],"texture":"#particle"},"west":{"uv":[12,5,14,6],"texture":"#particle"},"up":{"uv":[12,5,14,6],"texture":"#particle","rotation":90},"down":{"uv":[12,5,14,6],"texture":"#particle","rotation":270}}},{"rotation":{"origin":[7.99825,3.23049,14.09619],"angle":45,"axis":"x"},"name":"Element","from":[11.9982,0.2305,9.5962],"to":[12.9982,1.2305,11.5962],"faces":{"east":{"uv":[14,5,12,6],"texture":"#particle"},"south":{"uv":[15,5,14,6],"texture":"#particle"},"west":{"uv":[12,5,14,6],"texture":"#particle"},"up":{"uv":[12,6,14,5],"texture":"#particle","rotation":90},"down":{"uv":[12,6,14,5],"texture":"#particle","rotation":270}}}],"display":{"head":{"translation":[0,6.4,0],"scale":[1.6,1.6,1.6]},"firstperson_righthand":{"rotation":[0,45,0],"translation":[2.5,3,0.5],"scale":[0.4,0.4,0.4]},"thirdperson_lefthand":{"rotation":[75,45,0],"translation":[0,2.5,2.5],"scale":[0.55,0.55,0.55]},"firstperson_lefthand":{"rotation":[0,45,0],"translation":[2.5,3,0.5],"scale":[0.4,0.4,0.4]},"thirdperson_righthand":{"rotation":[75,45,0],"translation":[0,2.5,2.5],"scale":[0.55,0.55,0.55]},"ground":{"translation":[0,3,0]},"gui":{"rotation":[30,225,0],"translation":[-1,4,0]},"fixed":{"translation":[0,5,0]}}}