{"textures":{"particle":"mineclub/hats/gfx_bandana_mineclub"},"elements":[{"rotation":{"origin":[7.5,6,3.5],"angle":0,"axis":"y"},"from":[3,4.5,3],"to":[12,6.5,4],"faces":{"south":{"uv":[10,8,1,6],"texture":"#particle"},"north":{"uv":[1,2,10,4],"texture":"#particle"},"west":{"uv":[10,2,11,5],"texture":"#particle"},"up":{"uv":[10,2,1,1],"texture":"#particle"},"down":{"uv":[10,6,1,5],"texture":"#particle"}}},{"rotation":{"origin":[12.5,6,7.5],"angle":0,"axis":"y"},"from":[12,4.5,3],"to":[13,6.5,12],"faces":{"east":{"uv":[1,11,10,13],"texture":"#particle"},"north":{"uv":[10,2,11,5],"texture":"#particle"},"west":{"uv":[10,8,1,6],"texture":"#particle"},"up":{"uv":[10,2,1,1],"texture":"#particle","rotation":90},"down":{"uv":[10,6,1,5],"texture":"#particle","rotation":270}}},{"rotation":{"origin":[8.5,6,12.5],"angle":0,"axis":"y"},"from":[4,4.5,12],"to":[13,6.5,13],"faces":{"east":{"uv":[10,2,11,5],"texture":"#particle"},"south":{"uv":[1,11,10,13],"texture":"#particle"},"north":{"uv":[10,8,1,6],"texture":"#particle"},"up":{"uv":[10,2,1,1],"texture":"#particle","rotation":180},"down":{"uv":[10,6,1,5],"texture":"#particle","rotation":180}}},{"rotation":{"origin":[3.5,6,8.5],"angle":0,"axis":"y"},"from":[3,4.5,4],"to":[4,6.5,13],"faces":{"east":{"uv":[10,8,1,6],"texture":"#particle"},"south":{"uv":[10,2,11,5],"texture":"#particle"},"west":{"uv":[1,11,10,13],"texture":"#particle"},"up":{"uv":[10,2,1,1],"texture":"#particle","rotation":270},"down":{"uv":[10,6,1,5],"texture":"#particle","rotation":90}}}],"display":{"head":{"translation":[0,6.5,0],"scale":[1.6,1.6,1.6]},"firstperson_righthand":{"rotation":[0,45,0],"translation":[1,3,0.5],"scale":[0.4,0.4,0.4]},"thirdperson_lefthand":{"rotation":[75,45,0],"translation":[0,2.5,-0.25],"scale":[0.55,0.55,0.55]},"firstperson_lefthand":{"rotation":[0,45,0],"translation":[1,3,0.5],"scale":[0.4,0.4,0.4]},"thirdperson_righthand":{"rotation":[75,45,0],"translation":[0,2.5,-0.25],"scale":[0.55,0.55,0.55]},"ground":{"translation":[0,1,0]},"gui":{"rotation":[30,225,0],"translation":[0,1,0],"scale":[0.8,0.8,0.8]},"fixed":{"translation":[0,2,0]}}}