{"textures":{"particle":"mineclub/hats/gfx_bat_glasses"},"elements":[{"rotation":{"origin":[4.4197,6.60999,3.5],"angle":-22.5,"axis":"z"},"name":"Element","from":[2.4197,6.11,3],"to":[7.4197,7.11,4],"faces":{"south":{"uv":[4.66667,1.33333,8,2],"texture":"#particle"},"north":{"uv":[0.66667,1.33333,4,2],"texture":"#particle"},"west":{"uv":[4,1.33333,4.66667,2],"texture":"#particle"},"up":{"uv":[4,1.33333,0.66667,0.66667],"texture":"#particle"},"down":{"uv":[4,2.66667,0.66667,2],"texture":"#particle"}}},{"rotation":{"origin":[11.5803,6.60999,3.5],"angle":22.5,"axis":"z"},"name":"Element","from":[8.5803,6.11,3],"to":[13.5803,7.11,4],"faces":{"east":{"uv":[4.66667,1.33333,4,2],"texture":"#particle"},"south":{"uv":[8,1.33333,4.66667,2],"texture":"#particle"},"north":{"uv":[4,1.33333,0.66667,2],"texture":"#particle"},"up":{"uv":[0.66667,1.33333,4,0.66667],"texture":"#particle"},"down":{"uv":[0.66667,2.66667,4,2],"texture":"#particle"}}},{"rotation":{"origin":[2.84254,7.10476,3.5],"angle":22.5,"axis":"z"},"name":"Element","from":[2.3425,2.1048,3],"to":[3.3425,7.1048,4],"faces":{"east":{"uv":[0.66667,6,1.33333,9.33333],"texture":"#particle"},"south":{"uv":[2.66667,6,3.33333,9.33333],"texture":"#particle"},"north":{"uv":[1.33333,6,2,9.33333],"texture":"#particle"},"west":{"uv":[2,6,2.66667,9.33333],"texture":"#particle"}}},{"rotation":{"origin":[13.15746,7.10476,3.5],"angle":-22.5,"axis":"z"},"name":"Element","from":[12.6575,2.1048,3],"to":[13.6575,7.1048,4],"faces":{"east":{"uv":[2.66667,6,2,9.33333],"texture":"#particle"},"south":{"uv":[3.33333,6,2.66667,9.33333],"texture":"#particle"},"north":{"uv":[2,6,1.33333,9.33333],"texture":"#particle"},"west":{"uv":[1.33333,6,0.66667,9.33333],"texture":"#particle"}}},{"rotation":{"origin":[5.87118,2.4061,3.5],"angle":22.5,"axis":"z"},"name":"Element","from":[4.3712,1.9061,3],"to":[8.3712,2.9061,4],"faces":{"south":{"uv":[12.66667,1.33333,15.33333,2],"texture":"#particle"},"north":{"uv":[9.33333,1.33333,12,2],"texture":"#particle"},"west":{"uv":[12,1.33333,12.66667,2],"texture":"#particle"},"up":{"uv":[12,1.33333,9.33333,0.66667],"texture":"#particle"},"down":{"uv":[12,2.66667,9.33333,2],"texture":"#particle"}}},{"rotation":{"origin":[10.12882,2.4061,3.5],"angle":-22.5,"axis":"z"},"name":"Element","from":[7.6288,1.9061,3],"to":[11.6288,2.9061,4],"faces":{"east":{"uv":[12.66667,1.33333,12,2],"texture":"#particle"},"south":{"uv":[15.33333,1.33333,12.66667,2],"texture":"#particle"},"north":{"uv":[12,1.33333,9.33333,2],"texture":"#particle"},"up":{"uv":[9.33333,1.33333,12,0.66667],"texture":"#particle"},"down":{"uv":[9.33333,2.66667,12,2],"texture":"#particle"}}},{"name":"Element","from":[7,3,3],"to":[9,6,4],"faces":{"east":{"uv":[4.66667,6.66667,5.33333,8.66667],"texture":"#particle"},"south":{"uv":[7.33333,6.66667,8.66667,8.66667],"texture":"#particle"},"north":{"uv":[5.33333,6.66667,6.66667,8.66667],"texture":"#particle"},"west":{"uv":[6.66667,6.66667,7.33333,8.66667],"texture":"#particle"},"up":{"uv":[6.66667,6.66667,5.33333,6],"texture":"#particle"}}},{"name":"Element","from":[3,5,4],"to":[4,6,11],"faces":{"east":{"uv":[0.66667,4,5.33333,4.66667],"texture":"#particle"},"south":{"uv":[10.66667,4,11.33333,4.66667],"texture":"#particle"},"north":{"uv":[5.33333,4,6,4.66667],"texture":"#particle"},"west":{"uv":[6,4,10.66667,4.66667],"texture":"#particle"},"up":{"uv":[13.33333,8.66667,12.66667,4],"texture":"#particle"},"down":{"uv":[15.33333,8.66667,14.66667,4],"texture":"#particle"}}},{"name":"Element","from":[12,5,4],"to":[13,6,11],"faces":{"east":{"uv":[10.66667,4,6,4.66667],"texture":"#particle"},"south":{"uv":[11.33333,4,10.66667,4.66667],"texture":"#particle"},"north":{"uv":[6,4,5.33333,4.66667],"texture":"#particle"},"west":{"uv":[5.33333,4,0.66667,4.66667],"texture":"#particle"},"up":{"uv":[12.66667,8.66667,13.33333,4],"texture":"#particle"},"down":{"uv":[14.66667,8.66667,15.33333,4],"texture":"#particle"}}},{"name":"Element","from":[3,4,10],"to":[4,5,11],"faces":{"east":{"uv":[0.66667,10.66667,1.33333,11.33333],"texture":"#particle"},"south":{"uv":[2.66667,10.66667,3.33333,11.33333],"texture":"#particle"},"north":{"uv":[1.33333,10.66667,2,11.33333],"texture":"#particle"},"west":{"uv":[2,10.66667,2.66667,11.33333],"texture":"#particle"},"down":{"uv":[2,12,1.33333,11.33333],"texture":"#particle"}}},{"name":"Element","from":[12,4,10],"to":[13,5,11],"faces":{"east":{"uv":[2.66667,10.66667,2,11.33333],"texture":"#particle"},"south":{"uv":[3.33333,10.66667,2.66667,11.33333],"texture":"#particle"},"north":{"uv":[2,10.66667,1.33333,11.33333],"texture":"#particle"},"west":{"uv":[1.33333,10.66667,0.66667,11.33333],"texture":"#particle"},"down":{"uv":[1.33333,12,2,11.33333],"texture":"#particle"}}},{"name":"Element","from":[3.6562,6,3.4688],"to":[4.6562,7,3.4788],"faces":{"south":{"uv":[9.33333,10.66667,8.66667,11.33333],"texture":"#particle"},"north":{"uv":[8.66667,10.66667,9.33333,11.33333],"texture":"#particle"}}},{"name":"Element","from":[3.1875,3,3.4688],"to":[7.1875,6,3.4788],"faces":{"south":{"uv":[7.33333,10.66667,4.66667,12.66667],"texture":"#particle"},"north":{"uv":[4.66667,10.66667,7.33333,12.66667],"texture":"#particle"}}},{"name":"Element","from":[5.0312,2,3.4688],"to":[6.0312,3,3.4788],"faces":{"south":{"uv":[11.33333,10.66667,10.66667,11.33333],"texture":"#particle"},"north":{"uv":[10.66667,10.66667,11.33333,11.33333],"texture":"#particle"}}},{"name":"Element","from":[11.3438,6,3.4688],"to":[12.3438,7,3.4788],"faces":{"south":{"uv":[8.66667,10.66667,9.33333,11.33333],"texture":"#particle"},"north":{"uv":[9.33333,10.66667,8.66667,11.33333],"texture":"#particle"}}},{"name":"Element","from":[8.8125,3,3.4688],"to":[12.8125,6,3.4788],"faces":{"south":{"uv":[4.66667,10.66667,7.33333,12.66667],"texture":"#particle"},"north":{"uv":[7.33333,10.66667,4.66667,12.66667],"texture":"#particle"}}},{"name":"Element","from":[9.9688,2,3.4688],"to":[10.9688,3,3.4788],"faces":{"south":{"uv":[10.66667,10.66667,11.33333,11.33333],"texture":"#particle"},"north":{"uv":[11.33333,10.66667,10.66667,11.33333],"texture":"#particle"}}}],"display":{"head":{"translation":[0,4.4,0],"scale":[1.6,1.6,1.6]},"firstperson_righthand":{"rotation":[0,45,0],"translation":[1,3,0.5],"scale":[0.4,0.4,0.4]},"thirdperson_lefthand":{"rotation":[75,45,0],"translation":[0,2.5,1],"scale":[0.55,0.55,0.55]},"firstperson_lefthand":{"rotation":[0,45,0],"translation":[1,3,0.5],"scale":[0.4,0.4,0.4]},"thirdperson_righthand":{"rotation":[75,45,0],"translation":[0,2.5,1],"scale":[0.55,0.55,0.55]},"ground":{"translation":[0,3,0]},"gui":{"rotation":[30,225,0],"translation":[-1,3.5,0]},"fixed":{"translation":[0,4,0]}}}