{"textures":{"particle":"mineclub/hats/beta_orange"},"elements":[{"from":[2.5,6,2.5],"to":[13.5,7,13.5],"faces":{"east":{"uv":[10,0.5,15.5,1],"texture":"#particle"},"south":{"uv":[10,0.5,15.5,1],"texture":"#particle"},"north":{"uv":[10,0.5,15.5,1],"texture":"#particle"},"west":{"uv":[10,0.5,15.5,1],"texture":"#particle"},"up":{"uv":[6,6,0.5,0.5],"texture":"#particle"},"down":{"uv":[6,0.5,0.5,6],"texture":"#particle"}}},{"from":[3.4,7,3.5],"to":[12.6,9,12.5],"faces":{"east":{"uv":[11,2,15.5,3],"texture":"#particle"},"south":{"uv":[11,2,15.5,3],"texture":"#particle"},"north":{"uv":[11,2,15.5,3],"texture":"#particle"},"west":{"uv":[11,2,15.5,3],"texture":"#particle"},"up":{"uv":[5,12,0.5,7.5],"texture":"#particle"}}},{"rotation":{"origin":[8,9,8],"angle":22.5,"axis":"x"},"from":[4.5,7.53125,4.5],"to":[11.5,11.53125,11.5],"faces":{"east":{"uv":[12,4,15.5,6],"texture":"#particle"},"south":{"uv":[12,4,15.5,6],"texture":"#particle"},"north":{"uv":[12,4,15.5,6],"texture":"#particle"},"west":{"uv":[12,4,15.5,6],"texture":"#particle"},"up":{"uv":[9.5,12,6,8.5],"texture":"#particle"}}},{"rotation":{"origin":[8,11.33857,8.96867],"angle":45,"axis":"x"},"from":[5.5,10.27607,6.46867],"to":[10.5,14.27607,11.46867],"faces":{"east":{"uv":[13,7,15.5,9],"texture":"#particle"},"south":{"uv":[13,7,15.5,9],"texture":"#particle"},"north":{"uv":[13,7,15.5,9],"texture":"#particle"},"west":{"uv":[13,7,15.5,9],"texture":"#particle"},"up":{"uv":[9.5,7.5,7,5],"texture":"#particle"}}},{"rotation":{"origin":[8,13.4157,11.04579],"angle":-22.5,"axis":"x"},"from":[6.5,11.9157,10.42079],"to":[9.5,14.9157,13.42079],"faces":{"east":{"uv":[15.5,11.5,14,10],"texture":"#particle"},"south":{"uv":[11.5,10,13,11.5],"texture":"#particle"},"west":{"uv":[14,10,15.5,11.5],"texture":"#particle"},"up":{"uv":[8.5,4,7,2.5],"texture":"#particle"},"down":{"uv":[7,2.5,8.5,4],"texture":"#particle"}}},{"rotation":{"origin":[8,14.32457,13.24001],"angle":0,"axis":"x"},"from":[7.5,13.82457,13.02126],"to":[8.5,14.82457,14.02126],"faces":{"east":{"uv":[11.5,8.5,11,9],"texture":"#particle"},"south":{"uv":[11,8.5,11.5,9],"texture":"#particle"},"west":{"uv":[11,8.5,11.5,9],"texture":"#particle"},"up":{"uv":[7.5,1.5,7,1],"texture":"#particle"},"down":{"uv":[7.5,1,7,1.5],"texture":"#particle"}}}],"display":{"head":{"rotation":[19.5,0,0],"translation":[0,6.5,1.25],"scale":[1.6,1.6,1.6]},"firstperson_righthand":{"rotation":[0,45,0],"translation":[1,2,0.5],"scale":[0.4,0.4,0.4]},"thirdperson_lefthand":{"rotation":[75,45,0],"translation":[0,2.5,-0.25],"scale":[0.55,0.55,0.55]},"firstperson_lefthand":{"rotation":[0,45,0],"translation":[1,2,0.5],"scale":[0.4,0.4,0.4]},"thirdperson_righthand":{"rotation":[75,45,0],"translation":[0,2.5,-0.25],"scale":[0.55,0.55,0.55]},"ground":{"translation":[0,-1,0]},"gui":{"rotation":[30,225,0],"translation":[0,-1.5,0],"scale":[0.8,0.8,0.8]},"fixed":{"rotation":[0,90,0],"translation":[0,-3,0]}}}