{"textures":{"particle":"mineclub/hats/gfx_boater_hat"},"elements":[{"rotation":{"origin":[12,16,11],"angle":0,"axis":"y"},"from":[3,6,3],"to":[13,11,13],"faces":{"east":{"uv":[6.33333,3.66667,9.66667,5.33333],"texture":"#particle"},"south":{"uv":[9.66667,3.66667,13,5.33333],"texture":"#particle"},"north":{"uv":[6.33333,3.66667,9.66667,5.33333],"texture":"#particle"},"west":{"uv":[6.33333,3.66667,9.66667,5.33333],"texture":"#particle"},"up":{"uv":[9.66667,3.66667,6.33333,0.33333],"texture":"#particle"}}},{"rotation":{"origin":[12,15,11],"angle":0,"axis":"y"},"from":[0,5,0],"to":[16,6,16],"faces":{"east":{"uv":[0.33333,5.66667,5.66667,6],"texture":"#particle"},"south":{"uv":[0.33333,12,5.66667,12.33333],"texture":"#particle"},"north":{"uv":[0.33333,5.66667,5.66667,6],"texture":"#particle"},"west":{"uv":[0.33333,5.66667,5.66667,6],"texture":"#particle"},"up":{"uv":[5.66667,5.66667,0.33333,0.33333],"texture":"#particle"},"down":{"uv":[5.66667,11.33333,0.33333,6],"texture":"#particle"}}},{"rotation":{"origin":[12,14,10.98],"angle":0,"axis":"y"},"from":[4,2,15.99],"to":[7,5,16],"faces":{"south":{"uv":[6.33333,6.33333,7.33333,7.33333],"texture":"#particle"},"north":{"uv":[7.33333,6.33333,6.33333,7.33333],"texture":"#particle"}}},{"rotation":{"origin":[17,14,10.98],"angle":0,"axis":"y"},"from":[9,1,15.99],"to":[12,5,16],"faces":{"south":{"uv":[6.33333,8,7.33333,9.33333],"texture":"#particle"},"north":{"uv":[7.33333,8,6.33333,9.33333],"texture":"#particle"}}}],"display":{"head":{"translation":[0,6.4,0],"scale":[1.6,1.6,1.6]},"firstperson_righthand":{"rotation":[0,45,0],"translation":[0.5,3,0.5],"scale":[0.4,0.4,0.4]},"thirdperson_lefthand":{"rotation":[75,45,0],"translation":[0,2.5,-0.25],"scale":[0.55,0.55,0.55]},"firstperson_lefthand":{"rotation":[0,45,0],"translation":[0.5,3,0.5],"scale":[0.4,0.4,0.4]},"thirdperson_righthand":{"rotation":[75,45,0],"translation":[0,2.5,-0.25],"scale":[0.55,0.55,0.55]},"ground":{"translation":[0,3,0]},"gui":{"rotation":[30,225,0],"translation":[0,0.5,0],"scale":[0.65,0.65,0.65]}}}