{"textures":{"particle":"mineclub/hats/gfx_bucket_hat"},"elements":[{"rotation":{"origin":[12,13,11],"angle":0,"axis":"y"},"from":[3,6,3],"to":[13,8,13],"faces":{"east":{"uv":[7.5,5.5,12.5,6.5],"texture":"#particle"},"south":{"uv":[7.5,5.5,12.5,6.5],"texture":"#particle"},"north":{"uv":[0.5,14,5.5,15],"texture":"#particle"},"west":{"uv":[7.5,5.5,12.5,6.5],"texture":"#particle"},"up":{"uv":[12.5,5.5,7.5,0.5],"texture":"#particle"}}},{"rotation":{"origin":[12.5,14,10.5],"angle":0,"axis":"y"},"from":[3.5,8,3.5],"to":[12.5,10,12.5],"faces":{"east":{"uv":[7.5,12,12,13],"texture":"#particle"},"south":{"uv":[7.5,12,12,13],"texture":"#particle"},"north":{"uv":[6.5,14,11,15],"texture":"#particle"},"west":{"uv":[7.5,12,12,13],"texture":"#particle"},"up":{"uv":[12,12,7.5,7.5],"texture":"#particle"}}},{"rotation":{"origin":[12,12,11],"angle":0,"axis":"y"},"from":[2,5,2],"to":[14,6,14],"faces":{"east":{"uv":[0.5,6.5,6.5,7],"texture":"#particle"},"south":{"uv":[0.5,6.5,6.5,7],"texture":"#particle"},"north":{"uv":[0.5,6.5,6.5,7],"texture":"#particle"},"west":{"uv":[0.5,6.5,6.5,7],"texture":"#particle"},"up":{"uv":[6.5,6.5,0.5,0.5],"texture":"#particle"},"down":{"uv":[6.5,13,0.5,7],"texture":"#particle"}}}],"display":{"head":{"translation":[0,6.45,0],"scale":[1.61,1.61,1.61]},"firstperson_righthand":{"rotation":[0,45,0],"translation":[0.5,2.5,0.5],"scale":[0.4,0.4,0.4]},"thirdperson_lefthand":{"rotation":[75,45,0],"translation":[0,2.5,-0.25],"scale":[0.55,0.55,0.55]},"firstperson_lefthand":{"rotation":[0,45,0],"translation":[0.5,2.5,0.5],"scale":[0.4,0.4,0.4]},"thirdperson_righthand":{"rotation":[75,45,0],"translation":[0,2.5,-0.25],"scale":[0.55,0.55,0.55]},"gui":{"rotation":[30,225,0],"translation":[0,0.5,0],"scale":[0.8,0.8,0.8]},"fixed":{"translation":[0,0.5,0]}}}