{"textures":{"particle":"mineclub/hats/gfx_cactus_cap"},"elements":[{"rotation":{"origin":[8,9.125,8],"angle":0,"axis":"y"},"from":[3,5,3],"to":[13,7,13],"faces":{"east":{"uv":[0.5,5.5,5.5,6.5],"texture":"#particle"},"south":{"uv":[0.5,5.5,5.5,6.5],"texture":"#particle"},"north":{"uv":[0.5,5.5,5.5,6.5],"texture":"#particle"},"west":{"uv":[0.5,5.5,5.5,6.5],"texture":"#particle"},"up":{"uv":[5.5,5.5,0.5,0.5],"texture":"#particle"},"down":{"uv":[5.5,11.5,0.5,6.5],"texture":"#particle"}}},{"rotation":{"origin":[8,9.125,8],"angle":0,"axis":"y"},"from":[3.5,7,3.5],"to":[12.5,10,12.5],"faces":{"east":{"uv":[11,5,15.5,6.5],"texture":"#particle"},"south":{"uv":[6.5,5,11,6.5],"texture":"#particle"},"north":{"uv":[6.5,5,11,6.5],"texture":"#particle"},"west":{"uv":[11,5,15.5,6.5],"texture":"#particle"},"up":{"uv":[11,5,6.5,0.5],"texture":"#particle"}}},{"rotation":{"origin":[8,9.125,8],"angle":0,"axis":"y"},"from":[6.5,10,3.5],"to":[7.5,11,4.5],"faces":{"east":{"uv":[14,8,14.5,8.5],"texture":"#particle"},"north":{"uv":[14.5,8,15,8.5],"texture":"#particle"},"west":{"uv":[15,8,15.5,8.5],"texture":"#particle"},"up":{"uv":[15,8,14.5,7.5],"texture":"#particle"}}},{"rotation":{"origin":[8,9.125,8],"angle":0,"axis":"y"},"from":[11.5,10,6.5],"to":[12.5,11,7.5],"faces":{"east":{"uv":[14.5,8,15,8.5],"texture":"#particle"},"south":{"uv":[14,8,14.5,8.5],"texture":"#particle"},"north":{"uv":[15,8,15.5,8.5],"texture":"#particle"},"up":{"uv":[15,8,14.5,7.5],"texture":"#particle","rotation":90}}},{"rotation":{"origin":[8,9.125,8],"angle":0,"axis":"y"},"from":[8.5,10,11.5],"to":[9.5,11,12.5],"faces":{"east":{"uv":[15,8,15.5,8.5],"texture":"#particle"},"south":{"uv":[14.5,8,15,8.5],"texture":"#particle"},"west":{"uv":[14,8,14.5,8.5],"texture":"#particle"},"up":{"uv":[15,8,14.5,7.5],"texture":"#particle","rotation":180}}},{"rotation":{"origin":[8,9.125,8],"angle":0,"axis":"y"},"from":[3.5,10,8.5],"to":[4.5,11,9.5],"faces":{"south":{"uv":[15,8,15.5,8.5],"texture":"#particle"},"north":{"uv":[14,8,14.5,8.5],"texture":"#particle"},"west":{"uv":[14.5,8,15,8.5],"texture":"#particle"},"up":{"uv":[15,8,14.5,7.5],"texture":"#particle","rotation":270}}},{"rotation":{"origin":[8,9.125,8],"angle":0,"axis":"y"},"from":[10.5,9,2.5],"to":[11.5,10,3.5],"faces":{"east":{"uv":[14,8,14.5,8.5],"texture":"#particle"},"north":{"uv":[14.5,8,15,8.5],"texture":"#particle"},"west":{"uv":[15,8,15.5,8.5],"texture":"#particle"},"up":{"uv":[15,8,14.5,7.5],"texture":"#particle"},"down":{"uv":[15,9,14.5,8.5],"texture":"#particle"}}},{"rotation":{"origin":[8,9.125,8],"angle":0,"axis":"y"},"from":[12.5,9,10.5],"to":[13.5,10,11.5],"faces":{"east":{"uv":[14.5,8,15,8.5],"texture":"#particle"},"south":{"uv":[14,8,14.5,8.5],"texture":"#particle"},"north":{"uv":[15,8,15.5,8.5],"texture":"#particle"},"up":{"uv":[15,8,14.5,7.5],"texture":"#particle","rotation":90},"down":{"uv":[15,9,14.5,8.5],"texture":"#particle","rotation":270}}},{"rotation":{"origin":[8,9.125,8],"angle":0,"axis":"y"},"from":[4.5,9,12.5],"to":[5.5,10,13.5],"faces":{"east":{"uv":[15,8,15.5,8.5],"texture":"#particle"},"south":{"uv":[14.5,8,15,8.5],"texture":"#particle"},"west":{"uv":[14,8,14.5,8.5],"texture":"#particle"},"up":{"uv":[15,8,14.5,7.5],"texture":"#particle","rotation":180},"down":{"uv":[15,9,14.5,8.5],"texture":"#particle","rotation":180}}},{"rotation":{"origin":[8,9.125,8],"angle":0,"axis":"y"},"from":[2.5,9,4.5],"to":[3.5,10,5.5],"faces":{"south":{"uv":[15,8,15.5,8.5],"texture":"#particle"},"north":{"uv":[14,8,14.5,8.5],"texture":"#particle"},"west":{"uv":[14.5,8,15,8.5],"texture":"#particle"},"up":{"uv":[15,8,14.5,7.5],"texture":"#particle","rotation":270},"down":{"uv":[15,9,14.5,8.5],"texture":"#particle","rotation":90}}},{"rotation":{"origin":[8,9.125,8],"angle":0,"axis":"y"},"from":[8.5,7,2.5],"to":[9.5,8,3.5],"faces":{"east":{"uv":[14,8,14.5,8.5],"texture":"#particle"},"north":{"uv":[14.5,8,15,8.5],"texture":"#particle"},"west":{"uv":[15,8,15.5,8.5],"texture":"#particle"},"up":{"uv":[15,8,14.5,7.5],"texture":"#particle"},"down":{"uv":[15,9,14.5,8.5],"texture":"#particle"}}},{"rotation":{"origin":[8,9.125,8],"angle":0,"axis":"y"},"from":[12.5,7,8.5],"to":[13.5,8,9.5],"faces":{"east":{"uv":[14.5,8,15,8.5],"texture":"#particle"},"south":{"uv":[14,8,14.5,8.5],"texture":"#particle"},"north":{"uv":[15,8,15.5,8.5],"texture":"#particle"},"up":{"uv":[15,8,14.5,7.5],"texture":"#particle","rotation":90},"down":{"uv":[15,9,14.5,8.5],"texture":"#particle","rotation":270}}},{"rotation":{"origin":[8,9.125,8],"angle":0,"axis":"y"},"from":[6.5,7,12.5],"to":[7.5,8,13.5],"faces":{"east":{"uv":[15,8,15.5,8.5],"texture":"#particle"},"south":{"uv":[14.5,8,15,8.5],"texture":"#particle"},"west":{"uv":[14,8,14.5,8.5],"texture":"#particle"},"up":{"uv":[15,8,14.5,7.5],"texture":"#particle","rotation":180},"down":{"uv":[15,9,14.5,8.5],"texture":"#particle","rotation":180}}},{"rotation":{"origin":[8,9.125,8],"angle":0,"axis":"y"},"from":[2.5,7,6.5],"to":[3.5,8,7.5],"faces":{"south":{"uv":[15,8,15.5,8.5],"texture":"#particle"},"north":{"uv":[14,8,14.5,8.5],"texture":"#particle"},"west":{"uv":[14.5,8,15,8.5],"texture":"#particle"},"up":{"uv":[15,8,14.5,7.5],"texture":"#particle","rotation":270},"down":{"uv":[15,9,14.5,8.5],"texture":"#particle","rotation":90}}},{"rotation":{"origin":[8,9.125,8],"angle":0,"axis":"y"},"from":[4.5,8,2.5],"to":[5.5,9,3.5],"faces":{"east":{"uv":[14,8,14.5,8.5],"texture":"#particle"},"north":{"uv":[14.5,8,15,8.5],"texture":"#particle"},"west":{"uv":[15,8,15.5,8.5],"texture":"#particle"},"up":{"uv":[15,8,14.5,7.5],"texture":"#particle"},"down":{"uv":[15,9,14.5,8.5],"texture":"#particle"}}},{"rotation":{"origin":[8,9.125,8],"angle":0,"axis":"y"},"from":[12.5,8,4.5],"to":[13.5,9,5.5],"faces":{"east":{"uv":[14.5,8,15,8.5],"texture":"#particle"},"south":{"uv":[14,8,14.5,8.5],"texture":"#particle"},"north":{"uv":[15,8,15.5,8.5],"texture":"#particle"},"up":{"uv":[15,8,14.5,7.5],"texture":"#particle","rotation":90},"down":{"uv":[15,9,14.5,8.5],"texture":"#particle","rotation":270}}},{"rotation":{"origin":[8,9.125,8],"angle":0,"axis":"y"},"from":[10.5,8,12.5],"to":[11.5,9,13.5],"faces":{"east":{"uv":[15,8,15.5,8.5],"texture":"#particle"},"south":{"uv":[14.5,8,15,8.5],"texture":"#particle"},"west":{"uv":[14,8,14.5,8.5],"texture":"#particle"},"up":{"uv":[15,8,14.5,7.5],"texture":"#particle","rotation":180},"down":{"uv":[15,9,14.5,8.5],"texture":"#particle","rotation":180}}},{"rotation":{"origin":[8,9.125,8],"angle":0,"axis":"y"},"from":[2.5,8,10.5],"to":[3.5,9,11.5],"faces":{"south":{"uv":[15,8,15.5,8.5],"texture":"#particle"},"north":{"uv":[14,8,14.5,8.5],"texture":"#particle"},"west":{"uv":[14.5,8,15,8.5],"texture":"#particle"},"up":{"uv":[15,8,14.5,7.5],"texture":"#particle","rotation":270},"down":{"uv":[15,9,14.5,8.5],"texture":"#particle","rotation":90}}},{"rotation":{"origin":[8,9.125,8],"angle":0,"axis":"y"},"from":[4.5,10,4.5],"to":[11.5,11,11.5],"faces":{"east":{"uv":[10,11,13.5,11.5],"texture":"#particle"},"south":{"uv":[6.5,11,10,11.5],"texture":"#particle"},"north":{"uv":[6.5,11,10,11.5],"texture":"#particle"},"west":{"uv":[10,11,13.5,11.5],"texture":"#particle"},"up":{"uv":[10,11,6.5,7.5],"texture":"#particle"}}},{"rotation":{"origin":[8,9.125,8],"angle":0,"axis":"y"},"from":[7,11,7],"to":[9,12,9],"faces":{"east":{"uv":[12,8.5,13,9],"texture":"#particle"},"south":{"uv":[11,8.5,12,9],"texture":"#particle"},"north":{"uv":[11,8.5,12,9],"texture":"#particle"},"west":{"uv":[12,8.5,13,9],"texture":"#particle"},"up":{"uv":[12,8.5,11,7.5],"texture":"#particle"}}},{"rotation":{"origin":[8,9.125,8],"angle":22.5,"axis":"x"},"from":[7,9.47459,4.35859],"to":[9,10.47459,6.35859],"faces":{"east":{"uv":[12,1.5,13,2],"texture":"#particle"},"north":{"uv":[13,1.5,14,2],"texture":"#particle"},"west":{"uv":[14,1.5,15,2],"texture":"#particle"},"up":{"uv":[14,1.5,13,0.5],"texture":"#particle"}}},{"rotation":{"origin":[8,9.125,8],"angle":22.5,"axis":"z"},"from":[9.64141,9.47459,7],"to":[11.64141,10.47459,9],"faces":{"east":{"uv":[13,1.5,14,2],"texture":"#particle"},"south":{"uv":[12,1.5,13,2],"texture":"#particle"},"north":{"uv":[14,1.5,15,2],"texture":"#particle"},"up":{"uv":[14,1.5,13,0.5],"texture":"#particle","rotation":90}}},{"rotation":{"origin":[8,9.125,8],"angle":-22.5,"axis":"x"},"from":[7,9.47459,9.64141],"to":[9,10.47459,11.64141],"faces":{"east":{"uv":[14,1.5,15,2],"texture":"#particle"},"south":{"uv":[13,1.5,14,2],"texture":"#particle"},"west":{"uv":[12,1.5,13,2],"texture":"#particle"},"up":{"uv":[14,1.5,13,0.5],"texture":"#particle","rotation":180}}},{"rotation":{"origin":[8,9.125,8],"angle":-22.5,"axis":"z"},"from":[4.35859,9.47459,7],"to":[6.35859,10.47459,9],"faces":{"south":{"uv":[14,1.5,15,2],"texture":"#particle"},"north":{"uv":[12,1.5,13,2],"texture":"#particle"},"west":{"uv":[13,1.5,14,2],"texture":"#particle"},"up":{"uv":[14,1.5,13,0.5],"texture":"#particle","rotation":270}}}],"display":{"head":{"translation":[0,6.45,0],"scale":[1.61,1.61,1.61]},"firstperson_righthand":{"rotation":[0,45,0],"translation":[1,2,0.5],"scale":[0.4,0.4,0.4]},"thirdperson_lefthand":{"rotation":[75,45,0],"translation":[0,2.5,-0.25],"scale":[0.55,0.55,0.55]},"firstperson_lefthand":{"rotation":[0,45,0],"translation":[1,2,0.5],"scale":[0.4,0.4,0.4]},"thirdperson_righthand":{"rotation":[75,45,0],"translation":[0,2.5,-0.25],"scale":[0.55,0.55,0.55]},"gui":{"rotation":[30,225,0],"translation":[0,-0.5,0],"scale":[0.8,0.8,0.8]}}}