{"textures":{"particle":"mineclub/hats/gfx_cake_hat"},"elements":[{"rotation":{"origin":[8,13,8],"angle":0,"axis":"y"},"from":[2.5,11,2.5],"to":[11.5,13,4.5],"faces":{"south":{"uv":[4,12.33333,7,13],"texture":"#particle"},"north":{"uv":[0.33333,12.33333,3.33333,13],"texture":"#particle"},"west":{"uv":[3.33333,12.33333,4,13],"texture":"#particle"},"up":{"uv":[3.33333,12.33333,0.33333,11.66667],"texture":"#particle"},"down":{"uv":[3.33333,13.66667,0.33333,13],"texture":"#particle"}}},{"rotation":{"origin":[8,13,8],"angle":0,"axis":"y"},"from":[11.5,11,2.5],"to":[13.5,13,11.5],"faces":{"east":{"uv":[0.33333,12.33333,3.33333,13],"texture":"#particle"},"north":{"uv":[3.33333,12.33333,4,13],"texture":"#particle"},"west":{"uv":[4,12.33333,7,13],"texture":"#particle"},"up":{"uv":[3.33333,12.33333,0.33333,11.66667],"texture":"#particle","rotation":90},"down":{"uv":[3.33333,13.66667,0.33333,13],"texture":"#particle","rotation":270}}},{"rotation":{"origin":[8,13,8],"angle":0,"axis":"y"},"from":[4.5,11,11.5],"to":[13.5,13,13.5],"faces":{"east":{"uv":[3.33333,12.33333,4,13],"texture":"#particle"},"south":{"uv":[0.33333,12.33333,3.33333,13],"texture":"#particle"},"north":{"uv":[4,12.33333,7,13],"texture":"#particle"},"up":{"uv":[3.33333,12.33333,0.33333,11.66667],"texture":"#particle","rotation":180},"down":{"uv":[3.33333,13.66667,0.33333,13],"texture":"#particle","rotation":180}}},{"rotation":{"origin":[8,13,8],"angle":0,"axis":"y"},"from":[2.5,11,4.5],"to":[4.5,13,13.5],"faces":{"east":{"uv":[4,12.33333,7,13],"texture":"#particle"},"south":{"uv":[3.33333,12.33333,4,13],"texture":"#particle"},"west":{"uv":[0.33333,12.33333,3.33333,13],"texture":"#particle"},"up":{"uv":[3.33333,12.33333,0.33333,11.66667],"texture":"#particle","rotation":270},"down":{"uv":[3.33333,13.66667,0.33333,13],"texture":"#particle","rotation":90}}},{"rotation":{"origin":[12.5,6,8],"angle":0,"axis":"z"},"from":[3,6,3],"to":[13,12,13],"faces":{"east":{"uv":[5.33333,3.66667,8.66667,5.66667],"texture":"#particle"},"south":{"uv":[5.33333,3.66667,8.66667,5.66667],"texture":"#particle"},"north":{"uv":[5.33333,3.66667,8.66667,5.66667],"texture":"#particle"},"west":{"uv":[5.33333,3.66667,8.66667,5.66667],"texture":"#particle"},"up":{"uv":[8.66667,3.66667,5.33333,0.33333],"texture":"#particle"},"down":{"uv":[8.66667,9,5.33333,5.66667],"texture":"#particle"}}},{"rotation":{"origin":[8,13,8],"angle":0,"axis":"z"},"from":[6,12,6],"to":[10,14,10],"faces":{"east":{"uv":[5.33333,11,6.66667,11.66667],"texture":"#particle"},"south":{"uv":[5.33333,11,6.66667,11.66667],"texture":"#particle"},"north":{"uv":[5.33333,11,6.66667,11.66667],"texture":"#particle"},"west":{"uv":[5.33333,11,6.66667,11.66667],"texture":"#particle"},"up":{"uv":[6.66667,11,5.33333,9.66667],"texture":"#particle"}}},{"rotation":{"origin":[8,15.5,8],"angle":45,"axis":"z"},"from":[6.5,14,6.5],"to":[9.5,17,9.5],"faces":{"east":{"uv":[9.33333,3.33333,10.33333,4.33333],"texture":"#particle"},"south":{"uv":[12.33333,3.33333,13.33333,4.33333],"texture":"#particle"},"north":{"uv":[10.33333,3.33333,11.33333,4.33333],"texture":"#particle"},"west":{"uv":[11.33333,3.33333,12.33333,4.33333],"texture":"#particle"},"up":{"uv":[11.33333,3.33333,10.33333,2.33333],"texture":"#particle"},"down":{"uv":[11.33333,5.33333,10.33333,4.33333],"texture":"#particle"}}},{"rotation":{"origin":[6.58579,16.20711,8],"angle":22.5,"axis":"z"},"from":[6.58579,16.20711,7.5],"to":[7.58579,18.20711,8.5],"faces":{"east":{"uv":[13,1,13.33333,1.66667],"texture":"#particle"},"south":{"uv":[13,1,13.33333,1.66667],"texture":"#particle"},"north":{"uv":[13,1,13.33333,1.66667],"texture":"#particle"},"west":{"uv":[13,1,13.33333,1.66667],"texture":"#particle"},"up":{"uv":[13.33333,1,13,0.66667],"texture":"#particle"}}},{"rotation":{"origin":[12.5,15,11.5],"angle":0,"axis":"y"},"from":[2.5,5,2.5],"to":[13.5,6,13.5],"faces":{"east":{"uv":[0.33333,4.66667,4.66667,5],"texture":"#particle"},"south":{"uv":[0.33333,4.66667,4.66667,5],"texture":"#particle"},"north":{"uv":[0.33333,4.66667,4.66667,5],"texture":"#particle"},"west":{"uv":[0.33333,4.66667,4.66667,5],"texture":"#particle"},"up":{"uv":[4.33333,4.33333,0.66667,0.66667],"texture":"#particle"},"down":{"uv":[4.66667,9.33333,0.33333,5],"texture":"#particle"}}},{"rotation":{"origin":[8,7,8],"angle":0,"axis":"y"},"from":[3.5,5,1.5],"to":[12.5,6,2.5],"faces":{"east":{"uv":[0.33333,10.33333,0.66667,10.66667],"texture":"#particle"},"north":{"uv":[0.66667,10.33333,3.66667,10.66667],"texture":"#particle"},"west":{"uv":[3.66667,10.33333,4,10.66667],"texture":"#particle"},"up":{"uv":[3.66667,10.33333,0.66667,10],"texture":"#particle"},"down":{"uv":[3.66667,11,0.66667,10.66667],"texture":"#particle"}}},{"rotation":{"origin":[8,7,8],"angle":0,"axis":"y"},"from":[13.5,5,3.5],"to":[14.5,6,12.5],"faces":{"east":{"uv":[0.66667,10.33333,3.66667,10.66667],"texture":"#particle"},"south":{"uv":[0.33333,10.33333,0.66667,10.66667],"texture":"#particle"},"north":{"uv":[3.66667,10.33333,4,10.66667],"texture":"#particle"},"up":{"uv":[3.66667,10.33333,0.66667,10],"texture":"#particle","rotation":90},"down":{"uv":[3.66667,11,0.66667,10.66667],"texture":"#particle","rotation":270}}},{"rotation":{"origin":[8,7,8],"angle":0,"axis":"y"},"from":[3.5,5,13.5],"to":[12.5,6,14.5],"faces":{"east":{"uv":[3.66667,10.33333,4,10.66667],"texture":"#particle"},"south":{"uv":[0.66667,10.33333,3.66667,10.66667],"texture":"#particle"},"west":{"uv":[0.33333,10.33333,0.66667,10.66667],"texture":"#particle"},"up":{"uv":[3.66667,10.33333,0.66667,10],"texture":"#particle","rotation":180},"down":{"uv":[3.66667,11,0.66667,10.66667],"texture":"#particle","rotation":180}}},{"rotation":{"origin":[8,7,8],"angle":0,"axis":"y"},"from":[1.5,5,3.5],"to":[2.5,6,12.5],"faces":{"south":{"uv":[3.66667,10.33333,4,10.66667],"texture":"#particle"},"north":{"uv":[0.33333,10.33333,0.66667,10.66667],"texture":"#particle"},"west":{"uv":[0.66667,10.33333,3.66667,10.66667],"texture":"#particle"},"up":{"uv":[3.66667,10.33333,0.66667,10],"texture":"#particle","rotation":270},"down":{"uv":[3.66667,11,0.66667,10.66667],"texture":"#particle","rotation":90}}}],"display":{"head":{"translation":[0,7.45,0],"scale":[1.61,1.61,1.61]},"firstperson_righthand":{"rotation":[0,135,0],"translation":[0.5,2.25,0.5],"scale":[0.4,0.4,0.4]},"thirdperson_lefthand":{"rotation":[75,45,0],"translation":[0,2.5,-0.25],"scale":[0.55,0.55,0.55]},"firstperson_lefthand":{"rotation":[0,135,0],"translation":[0.5,2.25,0.5],"scale":[0.4,0.4,0.4]},"thirdperson_righthand":{"rotation":[75,45,0],"translation":[0,2.5,-0.25],"scale":[0.55,0.55,0.55]},"gui":{"rotation":[30,225,0],"translation":[0,-0.75,0],"scale":[0.75,0.75,0.75]},"fixed":{"translation":[0,-5,0]}}}