{"textures":{"particle":"mineclub/hats/cat_ears"},"elements":[{"rotation":{"origin":[5.58579,8.70711,4.5],"angle":45,"axis":"z"},"from":[5.08579,7.20711,8],"to":[6.08579,13.20711,9],"faces":{"east":{"uv":[1,2,2,8],"texture":"#particle"},"south":{"uv":[1,2,2,8],"texture":"#particle"},"north":{"uv":[1,2,2,8],"texture":"#particle"},"west":{"uv":[1,2,2,8],"texture":"#particle"},"up":{"uv":[2,2,1,1],"texture":"#particle"},"down":{"uv":[2,8,1,9],"texture":"#particle"}}},{"rotation":{"origin":[10.41421,8.70711,4.5],"angle":-45,"axis":"z"},"from":[9.91421,7.20711,8],"to":[10.91421,13.20711,9],"faces":{"east":{"uv":[2,2,1,8],"texture":"#particle"},"south":{"uv":[2,2,1,8],"texture":"#particle"},"north":{"uv":[2,2,1,8],"texture":"#particle"},"west":{"uv":[2,2,1,8],"texture":"#particle"},"up":{"uv":[1,2,2,1],"texture":"#particle"},"down":{"uv":[1,8,2,9],"texture":"#particle"}}},{"rotation":{"origin":[2.55025,8.03553,4.5],"angle":0,"axis":"z"},"from":[2.05025,7.53553,8],"to":[3.05025,11.53553,9],"faces":{"east":{"uv":[4,1,5,5],"texture":"#particle"},"south":{"uv":[4,1,5,5],"texture":"#particle"},"north":{"uv":[4,1,5,5],"texture":"#particle"},"west":{"uv":[4,1,5,5],"texture":"#particle"}}},{"rotation":{"origin":[13.44975,8.03553,4.5],"angle":0,"axis":"z"},"from":[12.94975,7.53553,8],"to":[13.94975,11.53553,9],"faces":{"east":{"uv":[5,1,4,5],"texture":"#particle"},"south":{"uv":[5,1,4,5],"texture":"#particle"},"north":{"uv":[5,1,4,5],"texture":"#particle"},"west":{"uv":[5,1,4,5],"texture":"#particle"}}},{"rotation":{"origin":[2.55025,8.03553,4.5],"angle":0,"axis":"z"},"from":[3.05025,5.53553,8.49688],"to":[4.05025,10.53553,8.50313],"faces":{"south":{"uv":[4,7,5,12],"texture":"#particle"},"north":{"uv":[4,7,5,12],"texture":"#particle"}}},{"rotation":{"origin":[13.44975,8.03553,4.5],"angle":0,"axis":"z"},"from":[11.94975,5.53553,8.49688],"to":[12.94975,10.53553,8.50313],"faces":{"south":{"uv":[5,7,4,12],"texture":"#particle"},"north":{"uv":[5,7,4,12],"texture":"#particle"}}},{"rotation":{"origin":[2.55025,8.03553,4.5],"angle":0,"axis":"z"},"from":[4.05025,4.53553,8.49688],"to":[5.05025,9.53553,8.50313],"faces":{"south":{"uv":[7,7,8,12],"texture":"#particle"},"north":{"uv":[7,7,8,12],"texture":"#particle"}}},{"rotation":{"origin":[13.44975,8.03553,4.5],"angle":0,"axis":"z"},"from":[10.94975,4.53553,8.49688],"to":[11.94975,9.53553,8.50313],"faces":{"south":{"uv":[8,7,7,12],"texture":"#particle"},"north":{"uv":[8,7,7,12],"texture":"#particle"}}},{"rotation":{"origin":[2.55025,8.03553,4.5],"angle":0,"axis":"z"},"from":[5.05025,5.53553,8.49688],"to":[6.05025,8.53553,8.50313],"faces":{"south":{"uv":[10,7,11,10],"texture":"#particle"},"north":{"uv":[10,7,11,10],"texture":"#particle"}}},{"rotation":{"origin":[13.44975,8.03553,4.5],"angle":0,"axis":"z"},"from":[9.94975,5.53553,8.49688],"to":[10.94975,8.53553,8.50313],"faces":{"south":{"uv":[11,7,10,10],"texture":"#particle"},"north":{"uv":[11,7,10,10],"texture":"#particle"}}},{"rotation":{"origin":[3.85158,4.4933,4.5],"angle":22.5,"axis":"z"},"from":[3.35158,4.9933,8],"to":[4.35158,7.9933,9],"faces":{"east":{"uv":[7,1,8,4],"texture":"#particle"},"south":{"uv":[7,1,8,4],"texture":"#particle"},"north":{"uv":[7,1,8,4],"texture":"#particle"},"west":{"uv":[7,1,8,4],"texture":"#particle"}}},{"rotation":{"origin":[12.14842,4.4933,4.5],"angle":-22.5,"axis":"z"},"from":[11.64842,4.9933,8],"to":[12.64842,7.9933,9],"faces":{"east":{"uv":[8,1,7,4],"texture":"#particle"},"south":{"uv":[8,1,7,4],"texture":"#particle"},"north":{"uv":[8,1,7,4],"texture":"#particle"},"west":{"uv":[8,1,7,4],"texture":"#particle"}}},{"rotation":{"origin":[6.62322,3.88644,4.5],"angle":-22.5,"axis":"z"},"from":[3.12322,3.38644,8],"to":[5.12322,4.38644,9],"faces":{"east":{"uv":[10,1,11,2],"texture":"#particle"},"south":{"uv":[11,1,13,2],"texture":"#particle"},"north":{"uv":[11,1,13,2],"texture":"#particle"},"up":{"uv":[13,2,11,1],"texture":"#particle"},"down":{"uv":[13,1,11,2],"texture":"#particle"}}},{"rotation":{"origin":[9.37678,3.88644,4.5],"angle":22.5,"axis":"z"},"from":[10.87678,3.38644,8],"to":[12.87678,4.38644,9],"faces":{"south":{"uv":[13,1,11,2],"texture":"#particle"},"north":{"uv":[13,1,11,2],"texture":"#particle"},"west":{"uv":[11,1,10,2],"texture":"#particle"},"up":{"uv":[11,2,13,1],"texture":"#particle"},"down":{"uv":[11,1,13,2],"texture":"#particle"}}}],"display":{"head":{"translation":[0,6.4,0],"scale":[1.6,1.6,1.6]},"firstperson_righthand":{"rotation":[0,90,0],"translation":[1.5,2,0.5],"scale":[0.4,0.4,0.4]},"thirdperson_lefthand":{"rotation":[75,45,0],"translation":[1,2.5,-0.5],"scale":[0.55,0.55,0.55]},"firstperson_lefthand":{"rotation":[0,90,0],"translation":[1.5,2,0.5],"scale":[0.4,0.4,0.4]},"thirdperson_righthand":{"rotation":[75,45,0],"translation":[1,2.5,-0.5],"scale":[0.55,0.55,0.55]},"gui":{"rotation":[30,225,0],"scale":[0.8,0.8,0.8]},"fixed":{"translation":[0,1,-1]}}}