{"textures":{"particle":"mineclub/hats/cowboyhat"},"elements":[{"from":[3,0,3],"to":[13,1.25,13],"faces":{"east":{"uv":[4.5,4.25,7,4.5],"texture":"#particle"},"south":{"uv":[5.5,5.5,8,5.75],"texture":"#particle"},"north":{"uv":[4.5,4,7,4.25],"texture":"#particle"},"west":{"uv":[5.5,4.5,8,4.75],"texture":"#particle"},"up":{"uv":[2.5,2.5,0,0],"texture":"#particle"},"down":{"uv":[2.5,2.5,0,5],"texture":"#particle"}}},{"rotation":{"origin":[12.8087,0.4619,8],"angle":22.5,"axis":"z"},"from":[12.8087,-0.0381,3],"to":[14.8087,0.9619,13],"faces":{"east":{"uv":[5.5,4.75,8,5],"texture":"#particle"},"south":{"uv":[6.5,2.25,7,2.5],"texture":"#particle"},"north":{"uv":[6.5,2,7,2.25],"texture":"#particle"},"west":{"uv":[5.5,5,8,5.25],"texture":"#particle"},"up":{"uv":[0.5,7.5,0,5],"texture":"#particle"},"down":{"uv":[1,5,0.5,7.5],"texture":"#particle"}}},{"rotation":{"origin":[3.1913,0.4619,8],"angle":-22.5,"axis":"z"},"from":[1.1913,-0.0381,3],"to":[3.1913,0.9619,13],"faces":{"east":{"uv":[5.5,5.25,8,5.5],"texture":"#particle"},"south":{"uv":[6.5,2.75,7,3],"texture":"#particle"},"north":{"uv":[6.5,2.5,7,2.75],"texture":"#particle"},"west":{"uv":[5.5,5.75,8,6],"texture":"#particle"},"up":{"uv":[1.5,7.5,1,5],"texture":"#particle"},"down":{"uv":[2,5,1.5,7.5],"texture":"#particle"}}},{"rotation":{"origin":[12.8087,0.4619,8],"angle":22.5,"axis":"z"},"from":[14.8087,-0.0381,4],"to":[15.8087,0.9619,12],"faces":{"east":{"uv":[2.5,2,4.5,2.25],"texture":"#particle"},"south":{"uv":[6.5,3.25,6.75,3.5],"texture":"#particle"},"north":{"uv":[6.5,3,6.75,3.25],"texture":"#particle"},"west":{"uv":[2.5,2.25,4.5,2.5],"texture":"#particle"},"up":{"uv":[2.25,7,2,5],"texture":"#particle"},"down":{"uv":[2.5,5,2.25,7],"texture":"#particle"}}},{"rotation":{"origin":[3.1913,0.4619,8],"angle":-22.5,"axis":"z"},"from":[0.1913,-0.0381,4],"to":[1.1913,0.9619,12],"faces":{"east":{"uv":[2.5,6,4.5,6.25],"texture":"#particle"},"south":{"uv":[6.5,3.75,6.75,4],"texture":"#particle"},"north":{"uv":[6.5,3.5,6.75,3.75],"texture":"#particle"},"west":{"uv":[4.5,6,6.5,6.25],"texture":"#particle"},"up":{"uv":[2.75,8.25,2.5,6.25],"texture":"#particle"},"down":{"uv":[3,6.25,2.75,8.25],"texture":"#particle"}}},{"rotation":{"origin":[9,8,18],"angle":0,"axis":"y"},"from":[4,0,13],"to":[12,1.25,14],"faces":{"east":{"uv":[6.5,6,6.75,6.25],"texture":"#particle"},"south":{"uv":[5,6.25,7,6.5],"texture":"#particle"},"north":{"uv":[3,6.25,5,6.5],"texture":"#particle"},"west":{"uv":[3,6.75,3.25,7],"texture":"#particle"},"up":{"uv":[5,6.75,3,6.5],"texture":"#particle"},"down":{"uv":[7,6.5,5,6.75],"texture":"#particle"}}},{"rotation":{"origin":[9,8,7],"angle":0,"axis":"y"},"from":[4,0,2],"to":[12,1.25,3],"faces":{"east":{"uv":[3.25,6.75,3.5,7],"texture":"#particle"},"south":{"uv":[6.5,0.25,8.5,0.5],"texture":"#particle"},"north":{"uv":[6.5,0,8.5,0.25],"texture":"#particle"},"west":{"uv":[3.5,6.75,3.75,7],"texture":"#particle"},"up":{"uv":[8.5,0.75,6.5,0.5],"texture":"#particle"},"down":{"uv":[8.5,0.75,6.5,1],"texture":"#particle"}}},{"rotation":{"origin":[9,9,9],"angle":0,"axis":"y"},"from":[4,1,4],"to":[12,5,12],"faces":{"east":{"uv":[4.5,1,6.5,2],"texture":"#particle"},"south":{"uv":[4.5,2,6.5,3],"texture":"#particle"},"north":{"uv":[4.5,0,6.5,1],"texture":"#particle"},"west":{"uv":[4.5,3,6.5,4],"texture":"#particle"},"up":{"uv":[4.5,4.5,2.5,2.5],"texture":"#particle"},"down":{"uv":[4.5,0,2.5,2],"texture":"#particle"}}},{"rotation":{"origin":[10,13,10],"angle":0,"axis":"y"},"from":[5,5,5],"to":[11,6,11],"faces":{"east":{"uv":[6.5,1.25,8,1.5],"texture":"#particle"},"south":{"uv":[6.5,1.5,8,1.75],"texture":"#particle"},"north":{"uv":[6.5,1,8,1.25],"texture":"#particle"},"west":{"uv":[6.5,1.75,8,2],"texture":"#particle"},"up":{"uv":[4,6,2.5,4.5],"texture":"#particle"},"down":{"uv":[5.5,4.5,4,6],"texture":"#particle"}}}],"display":{"head":{"translation":[0,18.25,0],"scale":[1.6,1.6,1.6]},"firstperson_righthand":{"rotation":[0,45,0],"translation":[1,3.75,0.5],"scale":[0.4,0.4,0.4]},"thirdperson_lefthand":{"rotation":[75,45,0],"translation":[0,2.25,1.75],"scale":[0.55,0.55,0.55]},"firstperson_lefthand":{"rotation":[0,45,0],"translation":[2,4,0.5],"scale":[0.4,0.4,0.4]},"thirdperson_righthand":{"rotation":[75,45,0],"translation":[0,2.25,1.75],"scale":[0.55,0.55,0.55]},"ground":{"translation":[0,6.25,0]},"gui":{"rotation":[30,225,0],"translation":[0,3.75,0],"scale":[0.8,0.8,0.8]},"fixed":{"rotation":[0,90,0],"translation":[0,-3,0]}}}