{"textures":{"particle":"mineclub/hats/gfx_crown"},"elements":[{"rotation":{"origin":[8,8.5,8],"angle":0,"axis":"y"},"from":[3,5,3],"to":[13,7,13],"faces":{"east":{"uv":[0.5,5.5,5.5,6.5],"texture":"#particle"},"south":{"uv":[0.5,5.5,5.5,6.5],"texture":"#particle"},"north":{"uv":[0.5,5.5,5.5,6.5],"texture":"#particle"},"west":{"uv":[0.5,5.5,5.5,6.5],"texture":"#particle"},"up":{"uv":[5.5,5.5,0.5,0.5],"texture":"#particle"},"down":{"uv":[5.5,11.5,0.5,6.5],"texture":"#particle"}}},{"rotation":{"origin":[8,8.5,8],"angle":-45,"axis":"y"},"from":[0.49854,7,7.5],"to":[1.49854,11,8.5],"faces":{"east":{"uv":[12,1,12.5,3],"texture":"#particle"},"south":{"uv":[13.5,1,14,3],"texture":"#particle"},"north":{"uv":[12.5,1,13,3],"texture":"#particle"},"west":{"uv":[13,1,13.5,3],"texture":"#particle"},"up":{"uv":[13,1,12.5,0.5],"texture":"#particle"},"down":{"uv":[13,3.5,12.5,3],"texture":"#particle"}}},{"rotation":{"origin":[8,8.5,8],"angle":-45,"axis":"y"},"from":[7.5,7,0.49854],"to":[8.5,11,1.49854],"faces":{"east":{"uv":[12.5,1,13,3],"texture":"#particle"},"south":{"uv":[12,1,12.5,3],"texture":"#particle"},"north":{"uv":[13,1,13.5,3],"texture":"#particle"},"west":{"uv":[13.5,1,14,3],"texture":"#particle"},"up":{"uv":[13,1,12.5,0.5],"texture":"#particle","rotation":90},"down":{"uv":[13,3.5,12.5,3],"texture":"#particle","rotation":270}}},{"rotation":{"origin":[8,8.5,8],"angle":-45,"axis":"y"},"from":[14.49854,7,7.5],"to":[15.49854,11,8.5],"faces":{"east":{"uv":[13,1,13.5,3],"texture":"#particle"},"south":{"uv":[12.5,1,13,3],"texture":"#particle"},"north":{"uv":[13.5,1,14,3],"texture":"#particle"},"west":{"uv":[12,1,12.5,3],"texture":"#particle"},"up":{"uv":[13,1,12.5,0.5],"texture":"#particle","rotation":180},"down":{"uv":[13,3.5,12.5,3],"texture":"#particle","rotation":180}}},{"rotation":{"origin":[8,8.5,8],"angle":-45,"axis":"y"},"from":[7.5,7,14.49854],"to":[8.5,11,15.49854],"faces":{"east":{"uv":[13.5,1,14,3],"texture":"#particle"},"south":{"uv":[13,1,13.5,3],"texture":"#particle"},"north":{"uv":[12,1,12.5,3],"texture":"#particle"},"west":{"uv":[12.5,1,13,3],"texture":"#particle"},"up":{"uv":[13,1,12.5,0.5],"texture":"#particle","rotation":270},"down":{"uv":[13,3.5,12.5,3],"texture":"#particle","rotation":90}}},{"rotation":{"origin":[8,8.5,8],"angle":-45,"axis":"y"},"from":[1.49854,10,7.5],"to":[2.49854,11,8.5],"faces":{"east":{"uv":[12.5,4.5,13,5],"texture":"#particle"},"south":{"uv":[12,4.5,12.5,5],"texture":"#particle"},"north":{"uv":[13,4.5,13.5,5],"texture":"#particle"},"down":{"uv":[13.5,5.5,13,5],"texture":"#particle"}}},{"rotation":{"origin":[8,8.5,8],"angle":-45,"axis":"y"},"from":[7.5,10,1.49854],"to":[8.5,11,2.49854],"faces":{"east":{"uv":[13,4.5,13.5,5],"texture":"#particle"},"south":{"uv":[12.5,4.5,13,5],"texture":"#particle"},"west":{"uv":[12,4.5,12.5,5],"texture":"#particle"},"down":{"uv":[13.5,5.5,13,5],"texture":"#particle","rotation":270}}},{"rotation":{"origin":[8,8.5,8],"angle":-45,"axis":"y"},"from":[13.49854,10,7.5],"to":[14.49854,11,8.5],"faces":{"south":{"uv":[13,4.5,13.5,5],"texture":"#particle"},"north":{"uv":[12,4.5,12.5,5],"texture":"#particle"},"west":{"uv":[12.5,4.5,13,5],"texture":"#particle"},"down":{"uv":[13.5,5.5,13,5],"texture":"#particle","rotation":180}}},{"rotation":{"origin":[8,8.5,8],"angle":-45,"axis":"y"},"from":[7.5,10,13.49854],"to":[8.5,11,14.49854],"faces":{"east":{"uv":[12,4.5,12.5,5],"texture":"#particle"},"north":{"uv":[12.5,4.5,13,5],"texture":"#particle"},"west":{"uv":[13,4.5,13.5,5],"texture":"#particle"},"down":{"uv":[13.5,5.5,13,5],"texture":"#particle","rotation":90}}},{"rotation":{"origin":[8,8.5,8],"angle":-45,"axis":"y"},"from":[7.49854,11,7.5],"to":[8.49854,12,8.5],"faces":{"east":{"uv":[7.5,13.5,8,14],"texture":"#particle"},"south":{"uv":[9,13.5,9.5,14],"texture":"#particle"},"north":{"uv":[8,13.5,8.5,14],"texture":"#particle"},"west":{"uv":[8.5,13.5,9,14],"texture":"#particle"},"up":{"uv":[8.5,14,8,13.5],"texture":"#particle"}}},{"rotation":{"origin":[8,8.5,8],"angle":-45,"axis":"y"},"from":[5.49854,10,7.5],"to":[10.49854,11,8.5],"faces":{"east":{"uv":[9,10.5,9.5,11],"texture":"#particle"},"south":{"uv":[6.5,10.5,9,11],"texture":"#particle"},"north":{"uv":[6.5,10.5,9,11],"texture":"#particle"},"west":{"uv":[9,10.5,9.5,11],"texture":"#particle"},"up":{"uv":[9,10.5,6.5,10],"texture":"#particle"},"down":{"uv":[9,11.5,6.5,11],"texture":"#particle"}}},{"rotation":{"origin":[8,8.5,8],"angle":-45,"axis":"y"},"from":[7.5,10,5.49854],"to":[8.5,11,10.49854],"faces":{"east":{"uv":[6.5,10.5,9,11],"texture":"#particle"},"south":{"uv":[9,10.5,9.5,11],"texture":"#particle"},"north":{"uv":[9,10.5,9.5,11],"texture":"#particle"},"west":{"uv":[6.5,10.5,9,11],"texture":"#particle"},"up":{"uv":[9,10.5,6.5,10],"texture":"#particle","rotation":90},"down":{"uv":[9,11.5,6.5,11],"texture":"#particle","rotation":270}}},{"rotation":{"origin":[8,8.5,8],"angle":-45,"axis":"y"},"from":[1.49854,11,7.5],"to":[6.49854,12,8.5],"faces":{"east":{"uv":[6.5,8,7,8.5],"texture":"#particle"},"south":{"uv":[10,8,12.5,8.5],"texture":"#particle"},"north":{"uv":[7,8,9.5,8.5],"texture":"#particle"},"west":{"uv":[9.5,8,10,8.5],"texture":"#particle"},"up":{"uv":[9.5,8,7,7.5],"texture":"#particle"},"down":{"uv":[9.5,9,7,8.5],"texture":"#particle"}}},{"rotation":{"origin":[8,8.5,8],"angle":-45,"axis":"y"},"from":[7.5,11,1.49854],"to":[8.5,12,6.49854],"faces":{"east":{"uv":[7,8,9.5,8.5],"texture":"#particle"},"south":{"uv":[6.5,8,7,8.5],"texture":"#particle"},"north":{"uv":[9.5,8,10,8.5],"texture":"#particle"},"west":{"uv":[10,8,12.5,8.5],"texture":"#particle"},"up":{"uv":[9.5,8,7,7.5],"texture":"#particle","rotation":90},"down":{"uv":[9.5,9,7,8.5],"texture":"#particle","rotation":270}}},{"rotation":{"origin":[8,8.5,8],"angle":-45,"axis":"y"},"from":[9.49854,11,7.5],"to":[14.49854,12,8.5],"faces":{"east":{"uv":[9.5,8,10,8.5],"texture":"#particle"},"south":{"uv":[7,8,9.5,8.5],"texture":"#particle"},"north":{"uv":[10,8,12.5,8.5],"texture":"#particle"},"west":{"uv":[6.5,8,7,8.5],"texture":"#particle"},"up":{"uv":[9.5,8,7,7.5],"texture":"#particle","rotation":180},"down":{"uv":[9.5,9,7,8.5],"texture":"#particle","rotation":180}}},{"rotation":{"origin":[8,8.5,8],"angle":-45,"axis":"y"},"from":[7.5,11,9.49854],"to":[8.5,12,14.49854],"faces":{"east":{"uv":[10,8,12.5,8.5],"texture":"#particle"},"south":{"uv":[9.5,8,10,8.5],"texture":"#particle"},"north":{"uv":[6.5,8,7,8.5],"texture":"#particle"},"west":{"uv":[7,8,9.5,8.5],"texture":"#particle"},"up":{"uv":[9.5,8,7,7.5],"texture":"#particle","rotation":270},"down":{"uv":[9.5,9,7,8.5],"texture":"#particle","rotation":90}}},{"rotation":{"origin":[8,8.5,8],"angle":0,"axis":"y"},"from":[3,6.5,7],"to":[13,10.5,9],"faces":{"east":{"uv":[5.5,13.5,6.5,15.5],"texture":"#particle"},"south":{"uv":[0.5,13.5,5.5,15.5],"texture":"#particle"},"north":{"uv":[0.5,13.5,5.5,15.5],"texture":"#particle"},"west":{"uv":[5.5,13.5,6.5,15.5],"texture":"#particle"},"up":{"uv":[5.5,13.5,0.5,12.5],"texture":"#particle"}}},{"rotation":{"origin":[8,8.5,8],"angle":0,"axis":"y"},"from":[7,6.5,3],"to":[9,10.5,13],"faces":{"east":{"uv":[0.5,13.5,5.5,15.5],"texture":"#particle"},"south":{"uv":[5.5,13.5,6.5,15.5],"texture":"#particle"},"north":{"uv":[5.5,13.5,6.5,15.5],"texture":"#particle"},"west":{"uv":[0.5,13.5,5.5,15.5],"texture":"#particle"},"up":{"uv":[5.5,13.5,0.5,12.5],"texture":"#particle","rotation":90}}},{"rotation":{"origin":[8,8.5,8],"angle":0,"axis":"y"},"from":[3.5,7,3.5],"to":[12.5,10,12.5],"faces":{"east":{"uv":[6.5,5,11,6.5],"texture":"#particle"},"south":{"uv":[6.5,5,11,6.5],"texture":"#particle"},"north":{"uv":[6.5,5,11,6.5],"texture":"#particle"},"west":{"uv":[6.5,5,11,6.5],"texture":"#particle"},"up":{"uv":[11,5,6.5,0.5],"texture":"#particle"}}}],"display":{"head":{"translation":[0,6.45,0],"scale":[1.61,1.61,1.61]},"firstperson_righthand":{"rotation":[0,45,0],"translation":[1,2.5,0.5],"scale":[0.4,0.4,0.4]},"thirdperson_lefthand":{"rotation":[75,45,0],"translation":[0,2.5,-0.25],"scale":[0.55,0.55,0.55]},"firstperson_lefthand":{"rotation":[0,45,0],"translation":[1,2.5,0.5],"scale":[0.4,0.4,0.4]},"thirdperson_righthand":{"rotation":[75,45,0],"translation":[0,2.5,-0.25],"scale":[0.55,0.55,0.55]},"gui":{"rotation":[30,225,0],"scale":[0.8,0.8,0.8]},"fixed":{"translation":[0,-1,0]}}}