{"textures":{"particle":"mineclub/hats/devil_horns"},"elements":[{"rotation":{"origin":[3.77583,8.15432,5],"angle":22.5,"axis":"z"},"from":[2.77583,5.15432,7],"to":[4.77583,9.15432,9],"faces":{"east":{"uv":[1,1,3,5],"texture":"#particle"},"south":{"uv":[7,1,9,5],"texture":"#particle"},"north":{"uv":[3,1,5,5],"texture":"#particle"},"west":{"uv":[5,1,7,5],"texture":"#particle"},"up":{"uv":[3,9,1,7],"texture":"#particle"},"down":{"uv":[7,7,5,9],"texture":"#particle"}}},{"rotation":{"origin":[12.22417,8.15432,5],"angle":-22.5,"axis":"z"},"from":[11.22417,5.15432,7],"to":[13.22417,9.15432,9],"faces":{"east":{"uv":[7,1,5,5],"texture":"#particle"},"south":{"uv":[9,1,7,5],"texture":"#particle"},"north":{"uv":[5,1,3,5],"texture":"#particle"},"west":{"uv":[3,1,1,5],"texture":"#particle"},"up":{"uv":[1,9,3,7],"texture":"#particle"},"down":{"uv":[5,7,7,9],"texture":"#particle"}}},{"rotation":{"origin":[3.39315,9.0782,8],"angle":-22.5,"axis":"z"},"from":[2.89315,8.5782,7.5],"to":[3.89315,11.5782,8.5],"faces":{"east":{"uv":[11,1,12,4],"texture":"#particle"},"south":{"uv":[14,1,15,4],"texture":"#particle"},"north":{"uv":[12,1,13,4],"texture":"#particle"},"west":{"uv":[13,1,14,4],"texture":"#particle"},"up":{"uv":[12,7,11,6],"texture":"#particle"}}},{"rotation":{"origin":[12.60685,9.0782,8],"angle":22.5,"axis":"z"},"from":[12.10685,8.5782,7.5],"to":[13.10685,11.5782,8.5],"faces":{"east":{"uv":[14,1,13,4],"texture":"#particle"},"south":{"uv":[15,1,14,4],"texture":"#particle"},"north":{"uv":[13,1,12,4],"texture":"#particle"},"west":{"uv":[12,1,11,4],"texture":"#particle"},"up":{"uv":[11,7,12,6],"texture":"#particle"}}}],"display":{"head":{"translation":[0,6.4,0],"scale":[1.6,1.6,1.6]},"firstperson_righthand":{"rotation":[0,45,0],"translation":[2.5,2.5,0.5],"scale":[0.4,0.4,0.4]},"thirdperson_lefthand":{"rotation":[75,45,0],"translation":[1,2,0.5],"scale":[0.55,0.55,0.55]},"firstperson_lefthand":{"rotation":[0,45,0],"translation":[2.5,2.5,0.5],"scale":[0.4,0.4,0.4]},"thirdperson_righthand":{"rotation":[75,45,0],"translation":[1,2,0.5],"scale":[0.55,0.55,0.55]},"gui":{"rotation":[30,225,0],"scale":[0.8,0.8,0.8]},"fixed":{"translation":[0,1,0]}}}