{"textures":{"particle":"mineclub/hats/gfx_disguise"},"elements":[{"rotation":{"origin":[8,9,8],"angle":0,"axis":"y"},"name":"Element","from":[7,5,3],"to":[9,6,4],"faces":{"east":{"uv":[6.5,3,7,3.5],"texture":"#particle"},"south":{"uv":[7,3,8,3.5],"texture":"#particle"},"north":{"uv":[5.5,3,6.5,3.5],"texture":"#particle"},"west":{"uv":[6.5,3,7,3.5],"texture":"#particle"}}},{"rotation":{"origin":[8,9,8],"angle":0,"axis":"y"},"name":"Element","from":[3,4,3],"to":[4,6,4],"faces":{"east":{"uv":[9,3,9.5,4],"texture":"#particle"},"south":{"uv":[10.5,3,11,4],"texture":"#particle"},"north":{"uv":[9.5,3,10,4],"texture":"#particle"},"west":{"uv":[10,3,10.5,4],"texture":"#particle"},"down":{"uv":[9.5,4,10,4.5],"texture":"#particle"}}},{"rotation":{"origin":[8,9,8],"angle":0,"axis":"y"},"name":"Element","from":[12,4,3],"to":[13,6,4],"faces":{"east":{"uv":[10.5,3,10,4],"texture":"#particle"},"south":{"uv":[11,3,10.5,4],"texture":"#particle"},"north":{"uv":[10,3,9.5,4],"texture":"#particle"},"west":{"uv":[9.5,3,9,4],"texture":"#particle"},"down":{"uv":[10,4,9.5,4.5],"texture":"#particle"}}},{"rotation":{"origin":[8,9,8],"angle":0,"axis":"y"},"name":"Element","from":[3,6,3],"to":[13,7,4],"faces":{"east":{"uv":[5.5,1,6,1.5],"texture":"#particle"},"south":{"uv":[6,1,11,1.5],"texture":"#particle"},"north":{"uv":[0.5,1,5.5,1.5],"texture":"#particle"},"west":{"uv":[5.5,1,6,1.5],"texture":"#particle"},"up":{"uv":[5.5,1,0.5,0.5],"texture":"#particle"},"down":{"uv":[5.5,2,0.5,1.5],"texture":"#particle"}}},{"rotation":{"origin":[8,9,8],"angle":0,"axis":"y"},"name":"Element","from":[3,5,4],"to":[4,6,5],"faces":{"east":{"uv":[9.5,5.5,10,6],"texture":"#particle"},"south":{"uv":[9,5.5,9.5,6],"texture":"#particle"},"west":{"uv":[8.5,5.5,9,6],"texture":"#particle"},"down":{"uv":[9,6,9.5,6.5],"texture":"#particle"}}},{"rotation":{"origin":[8,9,8],"angle":0,"axis":"y"},"name":"Element","from":[12,5,4],"to":[13,6,5],"faces":{"east":{"uv":[9,5.5,8.5,6],"texture":"#particle"},"south":{"uv":[9.5,5.5,9,6],"texture":"#particle"},"west":{"uv":[10,5.5,9.5,6],"texture":"#particle"},"down":{"uv":[9.5,6,9,6.5],"texture":"#particle"}}},{"rotation":{"origin":[8,9,8],"angle":0,"axis":"y"},"name":"Element","from":[3,6,4],"to":[4,7,11],"faces":{"east":{"uv":[0.5,9,4,9.5],"texture":"#particle"},"south":{"uv":[4,7.5,4.5,8],"texture":"#particle"},"west":{"uv":[0.5,7.5,4,8],"texture":"#particle"},"up":{"uv":[5.5,4.5,6,8],"texture":"#particle"},"down":{"uv":[7,4.5,7.5,8],"texture":"#particle"}}},{"rotation":{"origin":[8,9,8],"angle":0,"axis":"y"},"name":"Element","from":[12,6,4],"to":[13,7,11],"faces":{"east":{"uv":[4,7.5,0.5,8],"texture":"#particle"},"south":{"uv":[4.5,7.5,4,8],"texture":"#particle"},"west":{"uv":[4,9,0.5,9.5],"texture":"#particle"},"up":{"uv":[6,4.5,5.5,8],"texture":"#particle"},"down":{"uv":[7.5,4.5,7,8],"texture":"#particle"}}},{"rotation":{"origin":[8,9,8],"angle":0,"axis":"y"},"name":"Element","from":[3,5,10],"to":[4,6,11],"faces":{"east":{"uv":[8.5,7.5,9,8],"texture":"#particle"},"south":{"uv":[10,7.5,10.5,8],"texture":"#particle"},"north":{"uv":[9,7.5,9.5,8],"texture":"#particle"},"west":{"uv":[9.5,7.5,10,8],"texture":"#particle"},"down":{"uv":[9,8,9.5,8.5],"texture":"#particle"}}},{"rotation":{"origin":[8,9,8],"angle":0,"axis":"y"},"name":"Element","from":[12,5,10],"to":[13,6,11],"faces":{"east":{"uv":[10,7.5,9.5,8],"texture":"#particle"},"south":{"uv":[10.5,7.5,10,8],"texture":"#particle"},"north":{"uv":[9.5,7.5,9,8],"texture":"#particle"},"west":{"uv":[9,7.5,8.5,8],"texture":"#particle"},"down":{"uv":[9.5,8,9,8.5],"texture":"#particle"}}},{"rotation":{"origin":[8,9,8],"angle":0,"axis":"y"},"name":"Element","from":[4,3,3],"to":[7,4,4],"faces":{"south":{"uv":[3,5.5,4.5,6],"texture":"#particle"},"north":{"uv":[1,5.5,2.5,6],"texture":"#particle"},"west":{"uv":[2.5,5.5,3,6],"texture":"#particle"},"up":{"uv":[1,5,2.5,5.5],"texture":"#particle"},"down":{"uv":[1,6,2.5,6.5],"texture":"#particle"}}},{"rotation":{"origin":[13,9,8],"angle":0,"axis":"y"},"name":"Element","from":[9,3,3],"to":[12,4,4],"faces":{"east":{"uv":[0.5,5.5,1,6],"texture":"#particle"},"south":{"uv":[3,5.5,4.5,6],"texture":"#particle"},"north":{"uv":[1,5.5,2.5,6],"texture":"#particle"},"up":{"uv":[1,5,2.5,5.5],"texture":"#particle"},"down":{"uv":[1,6,2.5,6.5],"texture":"#particle"}}},{"rotation":{"origin":[8,9,8],"angle":0,"axis":"y"},"name":"Element","from":[4,4,3.4688],"to":[12,6,3.4788],"faces":{"south":{"uv":[0.5,3,4.5,4],"texture":"#particle"},"north":{"uv":[0.5,3,4.5,4],"texture":"#particle"}}},{"rotation":{"origin":[16,11,10],"angle":0,"axis":"y"},"from":[7,2,2],"to":[9,5,4],"faces":{"east":{"uv":[0.5,11.5,1.5,13],"texture":"#particle"},"south":{"uv":[3.5,11.5,4.5,13],"texture":"#particle"},"north":{"uv":[1.5,11.5,2.5,13],"texture":"#particle"},"west":{"uv":[2.5,11.5,3.5,13],"texture":"#particle"},"up":{"uv":[2.5,11.5,1.5,10.5],"texture":"#particle"},"down":{"uv":[2.5,14,1.5,13],"texture":"#particle"}}},{"rotation":{"origin":[7,3,3.46875],"angle":22.5,"axis":"z"},"from":[5,1,2.96875],"to":[8,3,3.96875],"faces":{"south":{"uv":[7.5,9.5,9,10.5],"texture":"#particle"},"north":{"uv":[5.5,9.5,7,10.5],"texture":"#particle"},"west":{"uv":[7,9.5,7.5,10.5],"texture":"#particle"},"up":{"uv":[7,9.5,5.5,9],"texture":"#particle"},"down":{"uv":[7,11,5.5,10.5],"texture":"#particle"}}},{"rotation":{"origin":[9,3,3.46875],"angle":-22.5,"axis":"z"},"from":[8,1,2.96875],"to":[11,3,3.96875],"faces":{"east":{"uv":[7.5,9.5,7,10.5],"texture":"#particle"},"south":{"uv":[9,9.5,7.5,10.5],"texture":"#particle"},"north":{"uv":[7,9.5,5.5,10.5],"texture":"#particle"},"up":{"uv":[5.5,9.5,7,9],"texture":"#particle"},"down":{"uv":[5.5,11,7,10.5],"texture":"#particle"}}}],"display":{"head":{"translation":[0,4.4,0],"scale":[1.6,1.6,1.6]},"firstperson_righthand":{"rotation":[0,45,0],"translation":[1.5,3,0.5],"scale":[0.4,0.4,0.4]},"thirdperson_lefthand":{"rotation":[75,45,0],"translation":[0,2.5,1],"scale":[0.55,0.55,0.55]},"firstperson_lefthand":{"rotation":[0,45,0],"translation":[1.5,3,0.5],"scale":[0.4,0.4,0.4]},"thirdperson_righthand":{"rotation":[75,45,0],"translation":[0,2.5,1],"scale":[0.55,0.55,0.55]},"ground":{"translation":[0,4,0]},"gui":{"rotation":[30,225,0],"translation":[-1,3.5,0]},"fixed":{"translation":[0,4,0]}}}