{"textures":{"particle":"mineclub/hats/elf"},"texture_size":[32,32],"elements":[{"rotation":{"origin":[3.42871,7.39315,7.5],"angle":-22.5,"axis":"z"},"from":[-0.27129,4.59315,8.5],"to":[5.72871,6.59315,8.5],"faces":{"east":{"uv":[0,0,0,1],"texture":"#particle"},"south":{"uv":[0,1,3,2],"texture":"#particle"},"north":{"uv":[0,0,3,1],"texture":"#particle"},"west":{"uv":[0,0,0,1],"texture":"#particle"},"up":{"uv":[3,0,0,0],"texture":"#particle"},"down":{"uv":[3,0,0,0],"texture":"#particle"}}},{"rotation":{"origin":[12.57129,7.39315,7.5],"angle":22.5,"axis":"z"},"from":[10.27129,4.59315,8.5],"to":[16.27129,6.59315,8.5],"faces":{"east":{"uv":[0,0,0,1],"texture":"#particle"},"south":{"uv":[0,3,3,4],"texture":"#particle"},"north":{"uv":[0,2,3,3],"texture":"#particle"},"west":{"uv":[0,0,0,1],"texture":"#particle"},"up":{"uv":[3,0,0,0],"texture":"#particle"},"down":{"uv":[3,0,0,0],"texture":"#particle"}}},{"rotation":{"origin":[3.42871,7.39315,7.5],"angle":-22.5,"axis":"z"},"from":[-0.27129,4.59315,8.95],"to":[5.72871,6.59315,8.95],"faces":{"east":{"uv":[0,0,0,1],"texture":"#particle"},"south":{"uv":[3,0,6,1],"texture":"#particle"},"north":{"uv":[3,3,6,4],"texture":"#particle"},"west":{"uv":[0,0,0,1],"texture":"#particle"},"up":{"uv":[3,0,0,0],"texture":"#particle"},"down":{"uv":[3,0,0,0],"texture":"#particle"}}},{"rotation":{"origin":[12.57129,7.39315,7.5],"angle":22.5,"axis":"z"},"from":[10.27129,4.59315,8.95],"to":[16.27129,6.59315,8.95],"faces":{"east":{"uv":[0,0,0,1],"texture":"#particle"},"south":{"uv":[3,2,6,3],"texture":"#particle"},"north":{"uv":[3,1,6,2],"texture":"#particle"},"west":{"uv":[0,0,0,1],"texture":"#particle"},"up":{"uv":[3,0,0,0],"texture":"#particle"},"down":{"uv":[3,0,0,0],"texture":"#particle"}}},{"rotation":{"origin":[9.46677,8.32442,12],"angle":-45,"axis":"z"},"from":[3.46677,1.32442,8],"to":[9.46677,2.32442,9],"faces":{"east":{"uv":[6,3,6.5,3.5],"texture":"#particle"},"south":{"uv":[4,4,7,4.5],"texture":"#particle"},"north":{"uv":[0,4,3,4.5],"texture":"#particle"},"west":{"uv":[6,3.5,6.5,4],"texture":"#particle"},"up":{"uv":[3,5,0,4.5],"texture":"#particle"},"down":{"uv":[6.5,4.5,3.5,5],"texture":"#particle"}}},{"rotation":{"origin":[6.53323,8.32442,12],"angle":45,"axis":"z"},"from":[6.53323,1.32442,8],"to":[12.53323,2.32442,9],"faces":{"east":{"uv":[0,6.5,0.5,7],"texture":"#particle"},"south":{"uv":[3.5,5,6.5,5.5],"texture":"#particle"},"north":{"uv":[0.5,5,3.5,5.5],"texture":"#particle"},"west":{"uv":[0.5,6.5,1,7],"texture":"#particle"},"up":{"uv":[3.5,6,0.5,5.5],"texture":"#particle"},"down":{"uv":[7,5.5,4,6],"texture":"#particle"}}},{"rotation":{"origin":[7.3484,9.01673,12],"angle":-22.5,"axis":"z"},"from":[1.3384,5.00673,7.99],"to":[7.3584,6.02673,9.01],"faces":{"east":{"uv":[1,6.5,1.5,7],"texture":"#particle"},"south":{"uv":[4,6,7,6.5],"texture":"#particle"},"north":{"uv":[0,6,3,6.5],"texture":"#particle"},"west":{"uv":[1.5,6.5,2,7],"texture":"#particle"},"up":{"uv":[9,0.5,6,0],"texture":"#particle"},"down":{"uv":[9,0.5,6,1],"texture":"#particle"}}},{"rotation":{"origin":[8.6516,9.01673,12],"angle":22.5,"axis":"z"},"from":[8.6416,5.00673,7.99],"to":[14.6616,6.02673,9.01],"faces":{"east":{"uv":[2,6.5,2.5,7],"texture":"#particle"},"south":{"uv":[6,1.5,9,2],"texture":"#particle"},"north":{"uv":[6.5,1,9.5,1.5],"texture":"#particle"},"west":{"uv":[2.5,6.5,3,7],"texture":"#particle"},"up":{"uv":[9.5,2.5,6.5,2],"texture":"#particle"},"down":{"uv":[9.5,2.5,6.5,3],"texture":"#particle"}}}],"display":{"head":{"translation":[0,4.5,0],"scale":[1.6,1.6,1.6]},"firstperson_righthand":{"rotation":[0,80,0],"translation":[1,2,0.5],"scale":[0.4,0.4,0.4]},"thirdperson_lefthand":{"rotation":[92.75,0,0],"translation":[0,-0.75,1],"scale":[0.55,0.55,0.55]},"firstperson_lefthand":{"rotation":[0,80,0],"translation":[1,2,0.5],"scale":[0.4,0.4,0.4]},"thirdperson_righthand":{"rotation":[92.75,0,0],"translation":[0,-0.75,1],"scale":[0.55,0.55,0.55]},"ground":{"translation":[0,1.25,0]},"gui":{"rotation":[10,225,0],"translation":[0,1.25,0]},"fixed":{"rotation":[0,90,0],"translation":[0,-3,0]}}}