{"textures":{"particle":"mineclub/hats/fedora"},"elements":[{"rotation":{"origin":[4,9.5,7.5],"angle":0,"axis":"z"},"from":[3.4,9,3.4],"to":[5.5,10,12.6],"faces":{"east":{"uv":[0.5,13.5,5,14],"texture":"#particle"},"south":{"uv":[8.5,6,7.5,6.5],"texture":"#particle"},"north":{"uv":[7.5,6,8.5,6.5],"texture":"#particle"},"west":{"uv":[8.5,6,13,6.5],"texture":"#particle"},"up":{"uv":[8.5,5,7.5,0.5],"texture":"#particle"}}},{"rotation":{"origin":[12,9.5,7.5],"angle":0,"axis":"z"},"from":[10.5,9,3.4],"to":[12.6,10,12.6],"faces":{"east":{"uv":[13,6,8.5,6.5],"texture":"#particle"},"south":{"uv":[7.5,6,8.5,6.5],"texture":"#particle"},"north":{"uv":[8.5,6,7.5,6.5],"texture":"#particle"},"west":{"uv":[5,13.5,0.5,14],"texture":"#particle"},"up":{"uv":[7.5,5,8.5,0.5],"texture":"#particle"}}},{"rotation":{"origin":[6.77373,7.84881,7.5],"angle":-22.5,"axis":"z"},"from":[4.77373,8.34881,3.40625],"to":[7.77373,9.34881,12.59375],"faces":{"south":{"uv":[15.5,6,14,6.5],"texture":"#particle"},"north":{"uv":[14,6,15.5,6.5],"texture":"#particle"},"up":{"uv":[13.5,12.5,12,8],"texture":"#particle"}}},{"rotation":{"origin":[9.22627,7.84881,7.5],"angle":22.5,"axis":"z"},"from":[8.22627,8.34881,3.40625],"to":[11.22627,9.34881,12.59375],"faces":{"south":{"uv":[14,6,15.5,6.5],"texture":"#particle"},"north":{"uv":[15.5,6,14,6.5],"texture":"#particle"},"up":{"uv":[12,12.5,13.5,8],"texture":"#particle"}}},{"rotation":{"origin":[8,5,8],"angle":0,"axis":"y"},"from":[3,6,3],"to":[13,7,13],"faces":{"east":{"uv":[10.5,2,15.5,2.5],"texture":"#particle"},"south":{"uv":[10.5,2,15.5,2.5],"texture":"#particle"},"north":{"uv":[10.5,2,15.5,2.5],"texture":"#particle"},"west":{"uv":[10.5,2,15.5,2.5],"texture":"#particle"},"up":{"uv":[5.5,12.5,0.5,7.5],"texture":"#particle"}}},{"rotation":{"origin":[8,5,8],"angle":0,"axis":"y"},"from":[3.4,6,3.4],"to":[12.6,9,12.6],"faces":{"east":{"uv":[11,3.5,15.5,5],"texture":"#particle"},"south":{"uv":[11,3.5,15.5,5],"texture":"#particle"},"north":{"uv":[11,3.5,15.5,5],"texture":"#particle"},"west":{"uv":[11,3.5,15.5,5],"texture":"#particle"},"up":{"uv":[11,12.5,6.5,8],"texture":"#particle"}}},{"rotation":{"origin":[8,6,8],"angle":0,"axis":"y"},"from":[2,5,2],"to":[14,6,14],"faces":{"east":{"uv":[9.5,0.5,15.5,1],"texture":"#particle"},"south":{"uv":[9.5,0.5,15.5,1],"texture":"#particle"},"north":{"uv":[9.5,0.5,15.5,1],"texture":"#particle"},"west":{"uv":[9.5,0.5,15.5,1],"texture":"#particle"},"up":{"uv":[6.5,6.5,0.5,0.5],"texture":"#particle"},"down":{"uv":[6.5,0.5,0.5,6.5],"texture":"#particle"}}}],"display":{"head":{"translation":[0,6.4,0],"scale":[1.6,1.6,1.6]},"firstperson_righthand":{"rotation":[0,45,0],"translation":[1.5,2.5,0.5],"scale":[0.4,0.4,0.4]},"thirdperson_lefthand":{"rotation":[75,45,0],"translation":[0,2.5,-0.25],"scale":[0.55,0.55,0.55]},"firstperson_lefthand":{"rotation":[0,45,0],"translation":[1.5,2.5,0.5],"scale":[0.4,0.4,0.4]},"thirdperson_righthand":{"rotation":[75,45,0],"translation":[0,2.5,-0.25],"scale":[0.55,0.55,0.55]},"gui":{"rotation":[30,225,0],"translation":[0,0.5,0],"scale":[0.8,0.8,0.8]},"fixed":{"translation":[0,1,0]}}}