{"textures":{"particle":"mineclub/hats/fedora2"},"elements":[{"from":[2.5,8,2.5],"to":[13.5,9,13.5],"faces":{"east":{"uv":[5.5,5,11,5.5],"texture":"#particle"},"south":{"uv":[10,3,15.5,3.5],"texture":"#particle"},"north":{"uv":[5.5,4.5,11,5],"texture":"#particle"},"west":{"uv":[10,3.5,15.5,4],"texture":"#particle"},"up":{"uv":[5.5,5.5,0,0],"texture":"#particle"},"down":{"uv":[5.5,5.5,0,11],"texture":"#particle"}}},{"from":[3.4,9,3.4],"to":[12.6,12,12.6],"faces":{"east":{"uv":[10,10,14.5,11.5],"texture":"#particle"},"south":{"uv":[10,0,14.5,1.5],"texture":"#particle"},"north":{"uv":[5.5,10,10,11.5],"texture":"#particle"},"west":{"uv":[10,1.5,14.5,3],"texture":"#particle"},"up":{"uv":[10,10,5.5,5.5],"texture":"#particle"},"down":{"uv":[10,0,5.5,4.5],"texture":"#particle"}}}],"display":{"head":{"translation":[0,3.75,0],"scale":[1.6,1.6,1.6]},"firstperson_righthand":{"rotation":[0,45,0],"translation":[0.75,2,2],"scale":[0.4,0.4,0.4]},"thirdperson_lefthand":{"rotation":[75,45,0],"translation":[0,1.25,-2.5],"scale":[0.55,0.55,0.55]},"firstperson_lefthand":{"rotation":[0,45,0],"translation":[0.75,2,2],"scale":[0.4,0.4,0.4]},"thirdperson_righthand":{"rotation":[70,45,0],"translation":[0,2.5,-0.75],"scale":[0.55,0.55,0.55]},"ground":{"translation":[0,-1,0]},"gui":{"rotation":[30,225,0],"translation":[0,-1.5,0],"scale":[0.8,0.8,0.8]},"fixed":{"rotation":[0,90,0],"translation":[0,-3,0]}}}