{"textures":{"particle":"mineclub/hats/gfx_gasmask_grey"},"elements":[{"rotation":{"origin":[13.5,13,11],"angle":0,"axis":"y"},"from":[3.5,6,3],"to":[12.5,7,4],"faces":{"east":{"uv":[5,1,5.5,1.5],"texture":"#particle"},"south":{"uv":[5.5,1,10,1.5],"texture":"#particle"},"north":{"uv":[0.5,1,5,1.5],"texture":"#particle"},"west":{"uv":[5,1,5.5,1.5],"texture":"#particle"},"up":{"uv":[5,1,0.5,0.5],"texture":"#particle"},"down":{"uv":[5,2,0.5,1.5],"texture":"#particle"}}},{"rotation":{"origin":[13.5,13,11],"angle":0,"axis":"y"},"from":[6.5,6,2],"to":[9.5,8,4],"faces":{"east":{"uv":[3,12.5,2,13.5],"texture":"#particle"},"south":{"uv":[3,12.5,4.5,13.5],"texture":"#particle"},"north":{"uv":[0.5,12.5,2,13.5],"texture":"#particle"},"west":{"uv":[2,12.5,3,13.5],"texture":"#particle"},"up":{"uv":[2,12.5,0.5,11.5],"texture":"#particle"},"down":{"uv":[2,14.5,0.5,13.5],"texture":"#particle"}}},{"rotation":{"origin":[8,4,3.5],"angle":0,"axis":"y"},"from":[4.5,2,3.5],"to":[11.5,6,3.51],"faces":{"south":{"uv":[13.5,10,15.5,6.5],"texture":"#particle","rotation":270},"north":{"uv":[13.5,6.5,15.5,10],"texture":"#particle","rotation":270}}},{"rotation":{"origin":[13.5,9,11],"angle":0,"axis":"y"},"from":[3.5,1,3],"to":[12.5,2,4],"faces":{"east":{"uv":[5,5,5.5,5.5],"texture":"#particle"},"south":{"uv":[5.5,5,10,5.5],"texture":"#particle"},"north":{"uv":[0.5,5,5,5.5],"texture":"#particle"},"west":{"uv":[5,5,5.5,5.5],"texture":"#particle"},"up":{"uv":[5,5,0.5,4.5],"texture":"#particle"},"down":{"uv":[5,6,0.5,5.5],"texture":"#particle"}}},{"rotation":{"origin":[13.5,8,11],"angle":0,"axis":"y"},"from":[6.5,0,1],"to":[9.5,3,4],"faces":{"east":{"uv":[8.5,11.5,7,13],"texture":"#particle"},"south":{"uv":[8.5,11.5,10,13],"texture":"#particle"},"north":{"uv":[5.5,11.5,7,13],"texture":"#particle"},"west":{"uv":[7,11.5,8.5,13],"texture":"#particle"},"up":{"uv":[9,15.5,7.5,14],"texture":"#particle"},"down":{"uv":[11.5,15.5,10,14],"texture":"#particle"}}},{"rotation":{"origin":[8,0,1],"angle":-22.5,"axis":"x"},"from":[6.53125,-2,1],"to":[9.46875,0,3],"faces":{"east":{"uv":[5.5,14.5,4.5,15.5],"texture":"#particle"},"south":{"uv":[5.5,14.5,7,15.5],"texture":"#particle"},"north":{"uv":[3,14.5,4.5,15.5],"texture":"#particle"},"west":{"uv":[4.5,14.5,5.5,15.5],"texture":"#particle"},"down":{"uv":[15.5,12,14,11],"texture":"#particle"}}},{"rotation":{"origin":[6.5,2.5,2.5],"angle":22.5,"axis":"z"},"from":[4.5,0.5,1.5],"to":[6.5,2.5,3.5],"faces":{"south":{"uv":[15.5,1.5,14.5,0.5],"texture":"#particle"},"north":{"uv":[14.5,2.5,15.5,3.5],"texture":"#particle"},"up":{"uv":[15.5,2.5,14.5,1.5],"texture":"#particle"},"down":{"uv":[15.5,4.5,14.5,3.5],"texture":"#particle"}}},{"rotation":{"origin":[9.5,2.5,2.5],"angle":-22.5,"axis":"z"},"from":[9.5,0.5,1.5],"to":[11.5,2.5,3.5],"faces":{"south":{"uv":[14.5,1.5,15.5,0.5],"texture":"#particle"},"north":{"uv":[15.5,2.5,14.5,3.5],"texture":"#particle"},"up":{"uv":[14.5,2.5,15.5,1.5],"texture":"#particle"},"down":{"uv":[14.5,4.5,15.5,3.5],"texture":"#particle"}}},{"rotation":{"origin":[6.5,2.5,2.46875],"angle":22.5,"axis":"z"},"from":[1.5,0,0.96875],"to":[4.5,3,3.96875],"faces":{"east":{"uv":[5.5,9,7,10.5],"texture":"#particle"},"south":{"uv":[10,9,11.5,10.5],"texture":"#particle"},"north":{"uv":[7,9,8.5,10.5],"texture":"#particle"},"west":{"uv":[8.5,9,10,10.5],"texture":"#particle"},"up":{"uv":[12.5,13,11,11.5],"texture":"#particle"},"down":{"uv":[14,15.5,12.5,14],"texture":"#particle"}}},{"rotation":{"origin":[9.5,2.5,2.46875],"angle":-22.5,"axis":"z"},"from":[11.5,0,0.96875],"to":[14.5,3,3.96875],"faces":{"east":{"uv":[10,9,8.5,10.5],"texture":"#particle"},"south":{"uv":[11.5,9,10,10.5],"texture":"#particle"},"north":{"uv":[8.5,9,7,10.5],"texture":"#particle"},"west":{"uv":[7,9,5.5,10.5],"texture":"#particle"},"up":{"uv":[11,13,12.5,11.5],"texture":"#particle"},"down":{"uv":[12.5,15.5,14,14],"texture":"#particle"}}},{"rotation":{"origin":[5.5,10,11],"angle":0,"axis":"y"},"from":[3.5,2,3],"to":[4.5,6,4],"faces":{"east":{"uv":[11.5,3.5,12,5.5],"texture":"#particle"},"south":{"uv":[13,3.5,13.5,5.5],"texture":"#particle"},"north":{"uv":[12,3.5,12.5,5.5],"texture":"#particle"},"west":{"uv":[12.5,3.5,13,5.5],"texture":"#particle"}}},{"rotation":{"origin":[10.5,10,11],"angle":0,"axis":"y"},"from":[11.5,2,3],"to":[12.5,6,4],"faces":{"east":{"uv":[13,3.5,12.5,5.5],"texture":"#particle"},"south":{"uv":[13.5,3.5,13,5.5],"texture":"#particle"},"north":{"uv":[12.5,3.5,12,5.5],"texture":"#particle"},"west":{"uv":[12,3.5,11.5,5.5],"texture":"#particle"}}},{"rotation":{"origin":[5.5,10,11],"angle":0,"axis":"y"},"from":[3,3,4],"to":[4,4,13],"faces":{"east":{"uv":[1,3,5.5,3.5],"texture":"#particle"},"south":{"uv":[0.5,3,1,3.5],"texture":"#particle"},"north":{"uv":[5.5,3,6,3.5],"texture":"#particle"},"west":{"uv":[6,3,10.5,3.5],"texture":"#particle"},"up":{"uv":[6,2.5,10.5,3],"texture":"#particle","rotation":90},"down":{"uv":[6,3.5,10.5,4],"texture":"#particle","rotation":270}}},{"rotation":{"origin":[10.5,10,11],"angle":0,"axis":"y"},"from":[12,3,4],"to":[13,4,13],"faces":{"east":{"uv":[10.5,3,6,3.5],"texture":"#particle"},"south":{"uv":[1,3,0.5,3.5],"texture":"#particle"},"north":{"uv":[6,3,5.5,3.5],"texture":"#particle"},"west":{"uv":[5.5,3,1,3.5],"texture":"#particle"},"up":{"uv":[6,3,10.5,2.5],"texture":"#particle","rotation":90},"down":{"uv":[6,4,10.5,3.5],"texture":"#particle","rotation":270}}},{"rotation":{"origin":[5.5,10,11],"angle":0,"axis":"y"},"from":[7.5,8,3],"to":[8.5,9,13],"faces":{"east":{"uv":[0.5,7,5.5,7.5],"texture":"#particle"},"south":{"uv":[11,7,11.5,7.5],"texture":"#particle"},"north":{"uv":[5.5,7,6,7.5],"texture":"#particle"},"west":{"uv":[6,7,11,7.5],"texture":"#particle"},"up":{"uv":[6,6.5,11,7],"texture":"#particle","rotation":90},"down":{"uv":[6,7.5,11,8],"texture":"#particle","rotation":270}}},{"rotation":{"origin":[5.5,10,11],"angle":0,"axis":"y"},"from":[7.5,4,12],"to":[8.5,8,13],"faces":{"east":{"uv":[11.5,0.5,12,2.5],"texture":"#particle"},"south":{"uv":[13,0.5,13.5,2.5],"texture":"#particle"},"north":{"uv":[12,0.5,12.5,2.5],"texture":"#particle"},"west":{"uv":[12.5,0.5,13,2.5],"texture":"#particle"}}},{"rotation":{"origin":[5.5,10,11],"angle":0,"axis":"y"},"from":[4,3,12],"to":[12,4,13],"faces":{"south":{"uv":[4.5,9,0.5,8.5],"texture":"#particle"},"north":{"uv":[0.5,9.5,4.5,10],"texture":"#particle"},"up":{"uv":[4.5,9.5,0.5,9],"texture":"#particle"},"down":{"uv":[4.5,10.5,0.5,10],"texture":"#particle"}}}],"display":{"head":{"translation":[0,6.45,0],"scale":[1.61,1.61,1.61]},"firstperson_righthand":{"rotation":[0,119,0],"translation":[1.5,4.5,0.5],"scale":[0.4,0.4,0.4]},"thirdperson_lefthand":{"rotation":[84.25,38.25,0],"translation":[1.25,0.5,1],"scale":[0.55,0.55,0.55]},"firstperson_lefthand":{"rotation":[0,119,0],"translation":[1.5,4.5,0.5],"scale":[0.4,0.4,0.4]},"thirdperson_righthand":{"rotation":[84.25,38.25,0],"translation":[1.25,0.5,1],"scale":[0.55,0.55,0.55]},"ground":{"translation":[0,6.5,0]},"gui":{"rotation":[30,225,0],"translation":[-1,4,0],"scale":[0.8,0.8,0.8]},"fixed":{"translation":[0,5,0]}}}