{"textures":{"particle":"mineclub/hats/halo"},"elements":[{"from":[5.5,11,4.5],"to":[11.5,12,5.5],"faces":{"east":{"uv":[2,8,4,10],"texture":"#particle"},"south":{"uv":[14,2,2,4],"texture":"#particle"},"north":{"uv":[2,2,14,4],"texture":"#particle"},"up":{"uv":[14,2,2,4],"texture":"#particle"},"down":{"uv":[14,2,2,4],"texture":"#particle"}}},{"from":[10.5,11,5.5],"to":[11.5,12,11.5],"faces":{"east":{"uv":[2,2,14,4],"texture":"#particle"},"south":{"uv":[2,8,4,10],"texture":"#particle"},"west":{"uv":[14,2,2,4],"texture":"#particle"},"up":{"uv":[14,2,2,4],"texture":"#particle","rotation":90},"down":{"uv":[14,2,2,4],"texture":"#particle","rotation":270}}},{"from":[4.5,11,10.5],"to":[10.5,12,11.5],"faces":{"south":{"uv":[2,2,14,4],"texture":"#particle"},"north":{"uv":[14,2,2,4],"texture":"#particle"},"west":{"uv":[2,8,4,10],"texture":"#particle"},"up":{"uv":[14,2,2,4],"texture":"#particle","rotation":180},"down":{"uv":[14,2,2,4],"texture":"#particle","rotation":180}}},{"from":[4.5,11,4.5],"to":[5.5,12,10.5],"faces":{"east":{"uv":[14,2,2,4],"texture":"#particle"},"north":{"uv":[2,8,4,10],"texture":"#particle"},"west":{"uv":[2,2,14,4],"texture":"#particle"},"up":{"uv":[14,2,2,4],"texture":"#particle","rotation":270},"down":{"uv":[14,2,2,4],"texture":"#particle","rotation":90}}}],"display":{"head":{"translation":[0,5.5,0],"scale":[1.6,1.6,1.6]},"firstperson_righthand":{"rotation":[0,45,0],"translation":[0,1.5,2],"scale":[0.4,0.4,0.4]},"thirdperson_lefthand":{"rotation":[75,45,0],"translation":[0,1.5,-1.5],"scale":[0.55,0.55,0.55]},"firstperson_lefthand":{"rotation":[0,45,0],"translation":[0,1.5,2],"scale":[0.4,0.4,0.4]},"thirdperson_righthand":{"rotation":[75,45,0],"translation":[0,1.5,-1.5],"scale":[0.55,0.55,0.55]},"ground":{"translation":[0,-5,0]},"gui":{"rotation":[30,225,0],"translation":[0,-2.5,0],"scale":[0.9,0.9,0.9]},"fixed":{"rotation":[90,0,0],"translation":[0,0,-4]}}}