{"textures":{"particle":"mineclub/hats/gfx_headphones"},"elements":[{"rotation":{"origin":[3,4,8],"angle":0,"axis":"x"},"from":[2,2,6],"to":[4,6,10],"faces":{"east":{"uv":[0.66667,5.33333,3.33333,8],"texture":"#particle"},"south":{"uv":[7.33333,5.33333,8.66667,8],"texture":"#particle"},"north":{"uv":[3.33333,5.33333,4.66667,8],"texture":"#particle"},"west":{"uv":[4.66667,5.33333,7.33333,8],"texture":"#particle"},"up":{"uv":[11.33333,8,10,5.33333],"texture":"#particle"},"down":{"uv":[14,8,12.66667,5.33333],"texture":"#particle"}}},{"rotation":{"origin":[13,4,8],"angle":0,"axis":"x"},"from":[12,2,6],"to":[14,6,10],"faces":{"east":{"uv":[7.33333,5.33333,4.66667,8],"texture":"#particle"},"south":{"uv":[8.66667,5.33333,7.33333,8],"texture":"#particle"},"north":{"uv":[4.66667,5.33333,3.33333,8],"texture":"#particle"},"west":{"uv":[3.33333,5.33333,0.66667,8],"texture":"#particle"},"up":{"uv":[10,8,11.33333,5.33333],"texture":"#particle"},"down":{"uv":[12.66667,8,14,5.33333],"texture":"#particle"}}},{"rotation":{"origin":[3,4,8],"angle":0,"axis":"x"},"from":[1.5,3,7.5],"to":[3.5,5,10.5],"faces":{"east":{"uv":[0.66667,11.33333,2.66667,12.66667],"texture":"#particle"},"south":{"uv":[6,11.33333,7.33333,12.66667],"texture":"#particle"},"north":{"uv":[2.66667,11.33333,4,12.66667],"texture":"#particle"},"west":{"uv":[4,11.33333,6,12.66667],"texture":"#particle"},"up":{"uv":[4,11.33333,2.66667,9.33333],"texture":"#particle"},"down":{"uv":[4,14.66667,2.66667,12.66667],"texture":"#particle"}}},{"rotation":{"origin":[13,4,8],"angle":0,"axis":"x"},"from":[12.5,3,7.5],"to":[14.5,5,10.5],"faces":{"east":{"uv":[6,11.33333,4,12.66667],"texture":"#particle"},"south":{"uv":[7.33333,11.33333,6,12.66667],"texture":"#particle"},"north":{"uv":[4,11.33333,2.66667,12.66667],"texture":"#particle"},"west":{"uv":[2.66667,11.33333,0.66667,12.66667],"texture":"#particle"},"up":{"uv":[2.66667,11.33333,4,9.33333],"texture":"#particle"},"down":{"uv":[2.66667,14.66667,4,12.66667],"texture":"#particle"}}},{"rotation":{"origin":[11,17,15],"angle":0,"axis":"y"},"from":[2,6,7],"to":[3,8,9],"faces":{"east":{"uv":[11.33333,0.66667,12.66667,2],"texture":"#particle"},"south":{"uv":[14.66667,0.66667,15.33333,2],"texture":"#particle"},"north":{"uv":[12.66667,0.66667,13.33333,2],"texture":"#particle"},"west":{"uv":[13.33333,0.66667,14.66667,2],"texture":"#particle"}}},{"rotation":{"origin":[5,17,15],"angle":0,"axis":"y"},"from":[13,6,7],"to":[14,8,9],"faces":{"east":{"uv":[14.66667,0.66667,13.33333,2],"texture":"#particle"},"south":{"uv":[15.33333,0.66667,14.66667,2],"texture":"#particle"},"north":{"uv":[13.33333,0.66667,12.66667,2],"texture":"#particle"},"west":{"uv":[12.66667,0.66667,11.33333,2],"texture":"#particle"}}},{"rotation":{"origin":[11,18,15],"angle":0,"axis":"y"},"from":[2,8,7],"to":[14,9,9],"faces":{"east":{"uv":[10,2,8.66667,2.66667],"texture":"#particle"},"south":{"uv":[0.66667,2,8.66667,2.66667],"texture":"#particle"},"north":{"uv":[0.66667,2,8.66667,2.66667],"texture":"#particle"},"west":{"uv":[8.66667,2,10,2.66667],"texture":"#particle"},"up":{"uv":[8.66667,2,0.66667,0.66667],"texture":"#particle"},"down":{"uv":[8.66667,4,0.66667,2.66667],"texture":"#particle"}}}],"display":{"head":{"translation":[0,6.4,0],"scale":[1.6,1.6,1.6]},"firstperson_righthand":{"rotation":[0,135,0],"translation":[0.5,3.5,0.5],"scale":[0.4,0.4,0.4]},"thirdperson_lefthand":{"rotation":[75,45,0],"translation":[0,2.5,-0.25],"scale":[0.55,0.55,0.55]},"firstperson_lefthand":{"rotation":[0,135,0],"translation":[0.5,3.5,0.5],"scale":[0.4,0.4,0.4]},"thirdperson_righthand":{"rotation":[75,45,0],"translation":[0,2.5,-0.25],"scale":[0.55,0.55,0.55]},"ground":{"translation":[0,3,0]},"gui":{"rotation":[30,225,0],"translation":[0,2,0],"scale":[0.8,0.8,0.8]},"fixed":{"translation":[0,2.5,0]}}}