{"textures":{"particle":"mineclub/hats/gfx_hypno_goggles"},"elements":[{"rotation":{"origin":[11,9,11],"angle":0,"axis":"z"},"from":[4,2,3],"to":[7,3,4],"faces":{"east":{"uv":[4.5,3.5,5,4],"texture":"#particle"},"south":{"uv":[7,3.5,8.5,4],"texture":"#particle"},"north":{"uv":[5,3.5,6.5,4],"texture":"#particle"},"west":{"uv":[6.5,3.5,7,4],"texture":"#particle"},"up":{"uv":[6.5,3.5,5,3],"texture":"#particle"},"down":{"uv":[6.5,4.5,5,4],"texture":"#particle"}}},{"rotation":{"origin":[5,9,11],"angle":0,"axis":"z"},"from":[9,2,3],"to":[12,3,4],"faces":{"east":{"uv":[7,3.5,6.5,4],"texture":"#particle"},"south":{"uv":[8.5,3.5,7,4],"texture":"#particle"},"north":{"uv":[6.5,3.5,5,4],"texture":"#particle"},"west":{"uv":[5,3.5,4.5,4],"texture":"#particle"},"up":{"uv":[5,3.5,6.5,3],"texture":"#particle"},"down":{"uv":[5,4.5,6.5,4],"texture":"#particle"}}},{"rotation":{"origin":[17,12,11],"angle":0,"axis":"y"},"from":[4,5,3],"to":[12,6,4],"faces":{"east":{"uv":[5,1,4.5,1.5],"texture":"#particle"},"south":{"uv":[5,1,9,1.5],"texture":"#particle"},"north":{"uv":[0.5,1,4.5,1.5],"texture":"#particle"},"west":{"uv":[4.5,1,5,1.5],"texture":"#particle"},"up":{"uv":[4.5,1,0.5,0.5],"texture":"#particle"},"down":{"uv":[4.5,2,0.5,1.5],"texture":"#particle"}}},{"rotation":{"origin":[8,4,3.46875],"angle":0,"axis":"y"},"from":[4,3,3.46875],"to":[12,5,3.47875],"faces":{"south":{"uv":[4.5,5.5,0.5,6.5],"texture":"#particle"},"north":{"uv":[0.5,5.5,4.5,6.5],"texture":"#particle"}}},{"rotation":{"origin":[14,11,11],"angle":0,"axis":"z"},"from":[7,3,3],"to":[9,5,4],"faces":{"east":{"uv":[0.5,3,1,4],"texture":"#particle"},"south":{"uv":[2.5,3,3.5,4],"texture":"#particle"},"north":{"uv":[1,3,2,4],"texture":"#particle"},"west":{"uv":[2,3,2.5,4],"texture":"#particle"},"down":{"uv":[2,4.5,1,4],"texture":"#particle"}}},{"rotation":{"origin":[8,11,11],"angle":0,"axis":"z"},"from":[3,3,3],"to":[4,5,6],"faces":{"east":{"uv":[5.5,5.5,7,6.5],"texture":"#particle"},"south":{"uv":[9,5.5,9.5,6.5],"texture":"#particle"},"north":{"uv":[7,5.5,7.5,6.5],"texture":"#particle"},"west":{"uv":[7.5,5.5,9,6.5],"texture":"#particle"},"up":{"uv":[8,9,7.5,7.5],"texture":"#particle"},"down":{"uv":[9.5,9,9,7.5],"texture":"#particle"}}},{"rotation":{"origin":[8,11,11],"angle":0,"axis":"z"},"from":[12,3,3],"to":[13,5,6],"faces":{"east":{"uv":[9,5.5,7.5,6.5],"texture":"#particle"},"south":{"uv":[9.5,5.5,9,6.5],"texture":"#particle"},"north":{"uv":[7.5,5.5,7,6.5],"texture":"#particle"},"west":{"uv":[7,5.5,5.5,6.5],"texture":"#particle"},"up":{"uv":[7.5,9,8,7.5],"texture":"#particle"},"down":{"uv":[9,9,9.5,7.5],"texture":"#particle"}}},{"rotation":{"origin":[8.5,11,14.5],"angle":0,"axis":"z"},"from":[3.5,3,5.5],"to":[3.51,5,12.5],"faces":{"east":{"uv":[4,7.5,0.5,8.5],"texture":"#particle"},"west":{"uv":[0.5,7.5,4,8.5],"texture":"#particle"}}},{"rotation":{"origin":[7.5,11,14.5],"angle":0,"axis":"z"},"from":[12.49,3,5.5],"to":[12.5,5,12.5],"faces":{"east":{"uv":[4,7.5,0.5,8.5],"texture":"#particle"},"west":{"uv":[0.5,7.5,4,8.5],"texture":"#particle"}}},{"rotation":{"origin":[8.5,11,11.49],"angle":0,"axis":"z"},"from":[3.5,3,12.49],"to":[12.5,5,12.5],"faces":{"south":{"uv":[0.5,9.5,5,10.5],"texture":"#particle"},"north":{"uv":[5,9.5,0.5,10.5],"texture":"#particle"}}}],"display":{"head":{"translation":[0,6.5,0],"scale":[1.61,1.61,1.61]},"firstperson_righthand":{"rotation":[0,45,0],"translation":[1.5,3.5,0.5],"scale":[0.4,0.4,0.4]},"thirdperson_lefthand":{"rotation":[75,45,0],"translation":[0,2,2],"scale":[0.55,0.55,0.55]},"firstperson_lefthand":{"rotation":[0,45,0],"translation":[1.5,3.5,0.5],"scale":[0.4,0.4,0.4]},"thirdperson_righthand":{"rotation":[75,45,0],"translation":[0,2,2],"scale":[0.55,0.55,0.55]},"ground":{"translation":[0,3,0]},"gui":{"rotation":[30,225,0],"translation":[0,4,0]},"fixed":{"translation":[0,4,0]}}}