{"textures":{"particle":"mineclub/hats/gfx_motorcycle_helmet"},"elements":[{"rotation":{"origin":[12,8,11],"angle":0,"axis":"y"},"from":[3,6,3],"to":[13,9,13],"faces":{"east":{"uv":[4,9.33333,0.66667,10.33333],"texture":"#particle"},"south":{"uv":[4,9.33333,7.33333,10.33333],"texture":"#particle"},"north":{"uv":[0.66667,4,4,5],"texture":"#particle"},"west":{"uv":[0.66667,9.33333,4,10.33333],"texture":"#particle"},"up":{"uv":[4,4,0.66667,0.66667],"texture":"#particle"},"down":{"uv":[4,8.33333,0.66667,5],"texture":"#particle"}}},{"rotation":{"origin":[12,6,11],"angle":0,"axis":"y"},"from":[3,3,8],"to":[13,6,13],"faces":{"east":{"uv":[5.66667,13.33333,4,14.33333],"texture":"#particle"},"south":{"uv":[5.66667,13.33333,9,14.33333],"texture":"#particle"},"north":{"uv":[0.66667,13.33333,4,14.33333],"texture":"#particle"},"west":{"uv":[4,13.33333,5.66667,14.33333],"texture":"#particle"}}},{"rotation":{"origin":[11.5,6,7.5],"angle":0,"axis":"y"},"from":[3.5,3,3.5],"to":[12.5,6,8.5],"faces":{"east":{"uv":[14,0.66667,12.33333,1.66667],"texture":"#particle"},"north":{"uv":[9.33333,0.66667,12.33333,1.66667],"texture":"#particle"},"west":{"uv":[12.33333,0.66667,14,1.66667],"texture":"#particle"}}},{"rotation":{"origin":[12,2,11],"angle":0,"axis":"y"},"from":[3,0,3],"to":[13,3,13],"faces":{"east":{"uv":[4,11.33333,0.66667,12.33333],"texture":"#particle"},"south":{"uv":[4,11.33333,7.33333,12.33333],"texture":"#particle"},"north":{"uv":[5,4,8.33333,5],"texture":"#particle"},"west":{"uv":[0.66667,11.33333,4,12.33333],"texture":"#particle"},"up":{"uv":[8.33333,4,5,0.66667],"texture":"#particle"},"down":{"uv":[8.33333,8.33333,5,5],"texture":"#particle"}}},{"rotation":{"origin":[12.5,2,11],"angle":0,"axis":"y"},"from":[6.5,0,2],"to":[9.5,4,4],"faces":{"east":{"uv":[11,3.33333,10.33333,4.66667],"texture":"#particle"},"north":{"uv":[9.33333,3.33333,10.33333,4.66667],"texture":"#particle"},"west":{"uv":[10.33333,3.33333,11,4.66667],"texture":"#particle"},"up":{"uv":[10.33333,3.33333,9.33333,2.66667],"texture":"#particle"},"down":{"uv":[10.33333,5.33333,9.33333,4.66667],"texture":"#particle"}}}],"display":{"head":{"translation":[0,6.4,0],"scale":[1.61,1.61,1.61]},"firstperson_righthand":{"rotation":[0,99.25,0],"translation":[1.5,3.5,0.5],"scale":[0.4,0.4,0.4]},"thirdperson_lefthand":{"rotation":[75,45,0],"translation":[0,2.5,-0.25],"scale":[0.55,0.55,0.55]},"firstperson_lefthand":{"rotation":[0,99.25,0],"translation":[1.5,3.5,0.5],"scale":[0.4,0.4,0.4]},"thirdperson_righthand":{"rotation":[75,45,0],"translation":[0,2.5,-0.25],"scale":[0.55,0.55,0.55]},"ground":{"translation":[0,5,0]},"gui":{"rotation":[30,225,0],"translation":[0,2,0],"scale":[0.8,0.8,0.8]},"fixed":{"translation":[0,3.5,0]}}}