{"textures":{"particle":"mineclub/hats/gfx_mushroom_hat"},"elements":[{"rotation":{"origin":[8,6.5,8],"angle":0,"axis":"y"},"from":[0,6,0],"to":[16,7,16],"faces":{"east":{"uv":[4.5,4.5,8.5,4.75],"texture":"#particle"},"south":{"uv":[0.5,4.5,4.5,4.75],"texture":"#particle"},"north":{"uv":[0.5,4.5,4.5,4.75],"texture":"#particle"},"west":{"uv":[4.5,4.5,8.5,4.75],"texture":"#particle"},"up":{"uv":[4.5,4.5,0.5,0.5],"texture":"#particle"},"down":{"uv":[4.5,8.75,0.5,4.75],"texture":"#particle"}}},{"rotation":{"origin":[8,6.5,8],"angle":0,"axis":"y"},"from":[2,7,2],"to":[14,8,14],"faces":{"east":{"uv":[8.25,3.5,11.25,3.75],"texture":"#particle"},"south":{"uv":[5.25,3.5,8.25,3.75],"texture":"#particle"},"north":{"uv":[5.25,3.5,8.25,3.75],"texture":"#particle"},"west":{"uv":[8.25,3.5,11.25,3.75],"texture":"#particle"},"up":{"uv":[8.25,3.5,5.25,0.5],"texture":"#particle"}}},{"rotation":{"origin":[8,6.5,8],"angle":0,"axis":"y"},"from":[5,9,4],"to":[11,10,12],"faces":{"east":{"uv":[6.75,11,8.75,11.25],"texture":"#particle"},"south":{"uv":[5.25,11,6.75,11.25],"texture":"#particle"},"north":{"uv":[5.25,11,6.75,11.25],"texture":"#particle"},"west":{"uv":[6.75,11,8.75,11.25],"texture":"#particle"},"up":{"uv":[6.75,11,5.25,9],"texture":"#particle"}}},{"rotation":{"origin":[8,6.5,8],"angle":0,"axis":"y"},"from":[6,10,5],"to":[10,11,11],"faces":{"east":{"uv":[6.25,13.5,7.75,13.75],"texture":"#particle"},"south":{"uv":[5.25,13.5,6.25,13.75],"texture":"#particle"},"north":{"uv":[5.25,13.5,6.25,13.75],"texture":"#particle"},"west":{"uv":[6.25,13.5,7.75,13.75],"texture":"#particle"},"up":{"uv":[6.25,13.5,5.25,12],"texture":"#particle"}}},{"rotation":{"origin":[8,6.5,8],"angle":0,"axis":"y"},"from":[6,11,6],"to":[10,12,10],"faces":{"east":{"uv":[12.75,2.5,13.75,2.75],"texture":"#particle"},"south":{"uv":[11.75,2.5,12.75,2.75],"texture":"#particle"},"north":{"uv":[11.75,1.5,12.75,1.75],"texture":"#particle"},"west":{"uv":[12.75,1.5,13.75,1.75],"texture":"#particle"},"up":{"uv":[12.75,1.5,11.75,0.5],"texture":"#particle"}}},{"rotation":{"origin":[8,6.5,8],"angle":0,"axis":"y"},"from":[4,8,3],"to":[12,9,13],"faces":{"east":{"uv":[7.25,8,9.75,8.25],"texture":"#particle"},"south":{"uv":[5.25,8,7.25,8.25],"texture":"#particle"},"north":{"uv":[5.25,8,7.25,8.25],"texture":"#particle"},"west":{"uv":[7.25,8,9.75,8.25],"texture":"#particle"},"up":{"uv":[7.25,8,5.25,5.5],"texture":"#particle"}}},{"rotation":{"origin":[8,6.5,8],"angle":0,"axis":"y"},"from":[4,7,1],"to":[12,8,2],"faces":{"east":{"uv":[0.5,12.75,0.75,13],"texture":"#particle"},"north":{"uv":[0.75,12.75,2.75,13],"texture":"#particle"},"west":{"uv":[2.75,12.75,3,13],"texture":"#particle"},"up":{"uv":[2.75,12.75,0.75,12.5],"texture":"#particle"}}},{"rotation":{"origin":[8,6.5,8],"angle":0,"axis":"y"},"from":[4,7,14],"to":[12,8,15],"faces":{"east":{"uv":[2.75,12.75,3,13],"texture":"#particle"},"south":{"uv":[0.75,12.75,2.75,13],"texture":"#particle"},"west":{"uv":[0.5,12.75,0.75,13],"texture":"#particle"},"up":{"uv":[2.75,12.75,0.75,12.5],"texture":"#particle","rotation":180}}},{"rotation":{"origin":[8,6.5,8],"angle":0,"axis":"y"},"from":[3,8,4],"to":[4,9,12],"faces":{"south":{"uv":[2.75,15.25,3,15.5],"texture":"#particle"},"north":{"uv":[0.5,15.25,0.75,15.5],"texture":"#particle"},"west":{"uv":[0.75,15.25,2.75,15.5],"texture":"#particle"},"up":{"uv":[2.75,15.25,0.75,15],"texture":"#particle","rotation":270}}},{"rotation":{"origin":[8,6.5,8],"angle":0,"axis":"y"},"from":[12,8,4],"to":[13,9,12],"faces":{"east":{"uv":[0.75,15.25,2.75,15.5],"texture":"#particle"},"south":{"uv":[0.5,15.25,0.75,15.5],"texture":"#particle"},"north":{"uv":[2.75,15.25,3,15.5],"texture":"#particle"},"up":{"uv":[2.75,15.25,0.75,15],"texture":"#particle","rotation":90}}},{"rotation":{"origin":[8,6.5,8],"angle":0,"axis":"y"},"from":[4,9,5],"to":[5,10,11],"faces":{"south":{"uv":[10.75,0.75,11,1],"texture":"#particle"},"north":{"uv":[9,0.75,9.25,1],"texture":"#particle"},"west":{"uv":[9.25,0.75,10.75,1],"texture":"#particle"},"up":{"uv":[10.75,0.75,9.25,0.5],"texture":"#particle","rotation":270}}},{"rotation":{"origin":[8,6.5,8],"angle":0,"axis":"y"},"from":[11,9,5],"to":[12,10,11],"faces":{"east":{"uv":[9.25,0.75,10.75,1],"texture":"#particle"},"south":{"uv":[9,0.75,9.25,1],"texture":"#particle"},"north":{"uv":[10.75,0.75,11,1],"texture":"#particle"},"up":{"uv":[10.75,0.75,9.25,0.5],"texture":"#particle","rotation":90}}},{"rotation":{"origin":[8,6.5,8],"angle":0,"axis":"y"},"from":[5,10,6],"to":[6,11,10],"faces":{"south":{"uv":[10.25,2,10.5,2.25],"texture":"#particle"},"north":{"uv":[9,2,9.25,2.25],"texture":"#particle"},"west":{"uv":[9.25,2,10.25,2.25],"texture":"#particle"},"up":{"uv":[10.25,2,9.25,1.75],"texture":"#particle","rotation":270}}},{"rotation":{"origin":[8,6.5,8],"angle":0,"axis":"y"},"from":[10,10,6],"to":[11,11,10],"faces":{"east":{"uv":[9.25,2,10.25,2.25],"texture":"#particle"},"south":{"uv":[9,2,9.25,2.25],"texture":"#particle"},"north":{"uv":[10.25,2,10.5,2.25],"texture":"#particle"},"up":{"uv":[10.25,2,9.25,1.75],"texture":"#particle","rotation":90}}},{"rotation":{"origin":[8,6.5,8],"angle":0,"axis":"y"},"from":[1,7,4],"to":[2,8,12],"faces":{"south":{"uv":[2.75,14,3,14.25],"texture":"#particle"},"north":{"uv":[0.5,14,0.75,14.25],"texture":"#particle"},"west":{"uv":[0.75,14,2.75,14.25],"texture":"#particle"},"up":{"uv":[2.75,14,0.75,13.75],"texture":"#particle","rotation":270}}},{"rotation":{"origin":[8,6.5,8],"angle":0,"axis":"y"},"from":[14,7,4],"to":[15,8,12],"faces":{"east":{"uv":[0.75,14,2.75,14.25],"texture":"#particle"},"south":{"uv":[0.5,14,0.75,14.25],"texture":"#particle"},"north":{"uv":[2.75,14,3,14.25],"texture":"#particle"},"up":{"uv":[2.75,14,0.75,13.75],"texture":"#particle","rotation":90}}},{"rotation":{"origin":[8,6.5,8],"angle":0,"axis":"y"},"from":[2,6,-1],"to":[14,7,0],"faces":{"east":{"uv":[0.5,9.75,0.75,10],"texture":"#particle"},"north":{"uv":[0.75,9.75,3.75,10],"texture":"#particle"},"west":{"uv":[3.75,9.75,4,10],"texture":"#particle"},"up":{"uv":[3.75,9.75,0.75,9.5],"texture":"#particle"},"down":{"uv":[3.75,10.25,0.75,10],"texture":"#particle"}}},{"rotation":{"origin":[8,6.5,8],"angle":0,"axis":"y"},"from":[2,6,16],"to":[14,7,17],"faces":{"east":{"uv":[3.75,9.75,4,10],"texture":"#particle"},"south":{"uv":[0.75,9.75,3.75,10],"texture":"#particle"},"west":{"uv":[0.5,9.75,0.75,10],"texture":"#particle"},"up":{"uv":[3.75,9.75,0.75,9.5],"texture":"#particle","rotation":180},"down":{"uv":[3.75,10.25,0.75,10],"texture":"#particle","rotation":180}}},{"rotation":{"origin":[8,6.5,8],"angle":0,"axis":"y"},"from":[-1,6,2],"to":[0,7,14],"faces":{"south":{"uv":[3.75,11.25,4,11.5],"texture":"#particle"},"north":{"uv":[0.5,11.25,0.75,11.5],"texture":"#particle"},"west":{"uv":[0.75,11.25,3.75,11.5],"texture":"#particle"},"up":{"uv":[3.75,11.25,0.75,11],"texture":"#particle","rotation":270},"down":{"uv":[3.75,11.75,0.75,11.5],"texture":"#particle","rotation":90}}},{"rotation":{"origin":[8,6.5,8],"angle":0,"axis":"y"},"from":[16,6,2],"to":[17,7,14],"faces":{"east":{"uv":[0.75,11.25,3.75,11.5],"texture":"#particle"},"south":{"uv":[0.5,11.25,0.75,11.5],"texture":"#particle"},"north":{"uv":[3.75,11.25,4,11.5],"texture":"#particle"},"up":{"uv":[3.75,11.25,0.75,11],"texture":"#particle","rotation":90},"down":{"uv":[3.75,11.75,0.75,11.5],"texture":"#particle","rotation":270}}}],"display":{"head":{"translation":[0,6.4,0],"scale":[1.6,1.6,1.6]},"firstperson_righthand":{"rotation":[0,45,0],"translation":[1,2.5,0.5],"scale":[0.4,0.4,0.4]},"thirdperson_lefthand":{"rotation":[75,45,0],"translation":[0,2.5,-0.25],"scale":[0.55,0.55,0.55]},"firstperson_lefthand":{"rotation":[0,45,0],"translation":[1,2.5,0.5],"scale":[0.4,0.4,0.4]},"thirdperson_righthand":{"rotation":[75,45,0],"translation":[0,2.5,-0.25],"scale":[0.55,0.55,0.55]},"ground":{"translation":[0,-1,0]},"gui":{"rotation":[30,225,0],"translation":[0,-0.5,0],"scale":[0.6,0.6,0.6]}}}