{"textures":{"particle":"mineclub/hats/native_headband"},"elements":[{"from":[3,5,3],"to":[13,7,13],"faces":{"east":{"uv":[1,6,6,7],"texture":"#particle"},"south":{"uv":[1,6,6,7],"texture":"#particle"},"north":{"uv":[1,6,6,7],"texture":"#particle"},"west":{"uv":[1,6,6,7],"texture":"#particle"},"up":{"uv":[6,6,1,1],"texture":"#particle"},"down":{"uv":[6,7,1,12],"texture":"#particle"}}},{"from":[9,7,12],"to":[10,8,13],"faces":{"east":{"uv":[7.5,7.5,8,8],"texture":"#particle"},"south":{"uv":[7.5,7.5,8,8],"texture":"#particle"},"north":{"uv":[7.5,7.5,8,8],"texture":"#particle"},"west":{"uv":[7.5,7.5,8,8],"texture":"#particle"}}},{"from":[8.5,8,12],"to":[10.5,14,13],"faces":{"east":{"uv":[7.5,2.5,8,5.5],"texture":"#particle"},"south":{"uv":[9,2.5,8,5.5],"texture":"#particle"},"north":{"uv":[8,2.5,9,5.5],"texture":"#particle"},"west":{"uv":[9,2.5,9.5,5.5],"texture":"#particle"},"up":{"uv":[9,2.5,8,2],"texture":"#particle"},"down":{"uv":[9,5.5,8,6],"texture":"#particle"}}},{"from":[9,4,12],"to":[10,5,13],"faces":{"east":{"uv":[7.5,9.5,8,10],"texture":"#particle"},"south":{"uv":[7.5,9.5,8,10],"texture":"#particle"},"north":{"uv":[7.5,9.5,8,10],"texture":"#particle"},"west":{"uv":[7.5,9.5,8,10],"texture":"#particle"},"down":{"uv":[8,9.5,7.5,10],"texture":"#particle"}}}],"display":{"head":{"translation":[0,6.4,0],"scale":[1.6,1.6,1.6]},"firstperson_righthand":{"rotation":[0,45,0],"translation":[1,2.5,0.5],"scale":[0.4,0.4,0.4]},"thirdperson_lefthand":{"rotation":[75,45,0],"translation":[0,3,0.5],"scale":[0.55,0.55,0.55]},"firstperson_lefthand":{"rotation":[0,45,0],"translation":[1,2.5,0.5],"scale":[0.4,0.4,0.4]},"thirdperson_righthand":{"rotation":[75,45,0],"translation":[0,3,0.5],"scale":[0.55,0.55,0.55]},"gui":{"rotation":[30,225,0],"translation":[0,-0.5,0],"scale":[0.8,0.8,0.8]},"fixed":{"rotation":[0,90,0],"translation":[0,-3,0]}}}