{"textures":{"particle":"mineclub/hats/gfx_nightvision_goggles"},"elements":[{"rotation":{"origin":[18,13,10],"angle":0,"axis":"y"},"from":[7,3,3],"to":[9,9,4],"faces":{"east":{"uv":[9.5,4,10,6.5],"texture":"#particle"},"south":{"uv":[11.5,4,12.5,6.5],"texture":"#particle"},"north":{"uv":[10,4,11,6.5],"texture":"#particle"},"west":{"uv":[11,4,11.5,6.5],"texture":"#particle"},"down":{"uv":[11,7,10,6.5],"texture":"#particle"}}},{"rotation":{"origin":[18,13,19],"angle":0,"axis":"y"},"from":[7,5,12],"to":[9,9,13],"faces":{"east":{"uv":[9.5,8,10,9.5],"texture":"#particle"},"south":{"uv":[11.5,8,12.5,9.5],"texture":"#particle"},"north":{"uv":[10,8,11,9.5],"texture":"#particle"},"west":{"uv":[11,8,11.5,9.5],"texture":"#particle"}}},{"rotation":{"origin":[18,13,11],"angle":0,"axis":"y"},"from":[7,9,3],"to":[9,10,13],"faces":{"east":{"uv":[10,0.5,15,1],"texture":"#particle"},"south":{"uv":[9,0.5,10,1],"texture":"#particle"},"north":{"uv":[0.5,5.5,1.5,6],"texture":"#particle"},"west":{"uv":[4,0.5,9,1],"texture":"#particle"},"up":{"uv":[1.5,5.5,0.5,0.5],"texture":"#particle"},"down":{"uv":[1.5,11,0.5,6],"texture":"#particle"}}},{"rotation":{"origin":[18,11,19],"angle":0,"axis":"y"},"from":[4,3,12],"to":[12,5,13],"faces":{"south":{"uv":[8.5,7,4,6],"texture":"#particle"},"north":{"uv":[4,4.5,8.5,5.5],"texture":"#particle"},"up":{"uv":[8.5,4.5,4,4],"texture":"#particle"},"down":{"uv":[8.5,6,4,5.5],"texture":"#particle"}}},{"rotation":{"origin":[18,11,11],"angle":0,"axis":"y"},"from":[3,3,3],"to":[4,5,13],"faces":{"east":{"uv":[9.5,2,14.5,3],"texture":"#particle"},"south":{"uv":[9,2,9.5,3],"texture":"#particle"},"north":{"uv":[2.5,5.5,3,6.5],"texture":"#particle"},"west":{"uv":[4,2,9,3],"texture":"#particle"},"up":{"uv":[3,5.5,2.5,0.5],"texture":"#particle"},"down":{"uv":[3,11.5,2.5,6.5],"texture":"#particle"}}},{"rotation":{"origin":[-2,11,11],"angle":0,"axis":"y"},"from":[12,3,3],"to":[13,5,13],"faces":{"east":{"uv":[9,2,4,3],"texture":"#particle"},"south":{"uv":[9.5,2,9,3],"texture":"#particle"},"north":{"uv":[3,5.5,2.5,6.5],"texture":"#particle"},"west":{"uv":[14.5,2,9.5,3],"texture":"#particle"},"up":{"uv":[2.5,5.5,3,0.5],"texture":"#particle"},"down":{"uv":[2.5,11.5,3,6.5],"texture":"#particle"}}},{"rotation":{"origin":[13,10.5,10],"angle":0,"axis":"y"},"from":[4,2.5,1],"to":[7,5.5,4],"faces":{"east":{"uv":[4,10.5,5.5,12],"texture":"#particle"},"south":{"uv":[8.5,10.5,10,12],"texture":"#particle"},"north":{"uv":[5.5,10.5,7,12],"texture":"#particle"},"west":{"uv":[7,10.5,8.5,12],"texture":"#particle"},"up":{"uv":[7,10.5,5.5,9],"texture":"#particle"},"down":{"uv":[7,13.5,5.5,12],"texture":"#particle"}}},{"rotation":{"origin":[18,10.5,10],"angle":0,"axis":"y"},"from":[9,2.5,1],"to":[12,5.5,4],"faces":{"east":{"uv":[4,10.5,5.5,12],"texture":"#particle"},"south":{"uv":[8.5,10.5,10,12],"texture":"#particle"},"north":{"uv":[5.5,10.5,7,12],"texture":"#particle"},"west":{"uv":[7,10.5,8.5,12],"texture":"#particle"},"up":{"uv":[7,10.5,5.5,9],"texture":"#particle"},"down":{"uv":[7,13.5,5.5,12],"texture":"#particle"}}},{"rotation":{"origin":[12.5,11,9.5],"angle":0,"axis":"y"},"from":[4.5,3,0.5],"to":[6.5,5,1.5],"faces":{"east":{"uv":[0.5,13,1,14],"texture":"#particle"},"north":{"uv":[1,13,2,14],"texture":"#particle"},"west":{"uv":[2,13,2.5,14],"texture":"#particle"},"up":{"uv":[2,13,1,12.5],"texture":"#particle"},"down":{"uv":[2,14.5,1,14],"texture":"#particle"}}},{"rotation":{"origin":[17.5,11,9.5],"angle":0,"axis":"y"},"from":[9.5,3,0.5],"to":[11.5,5,1.5],"faces":{"east":{"uv":[0.5,13,1,14],"texture":"#particle"},"north":{"uv":[1,13,2,14],"texture":"#particle"},"west":{"uv":[2,13,2.5,14],"texture":"#particle"},"up":{"uv":[2,13,1,12.5],"texture":"#particle"},"down":{"uv":[2,14.5,1,14],"texture":"#particle"}}}],"display":{"head":{"translation":[0,5.4,0],"scale":[1.6,1.6,1.6]},"firstperson_righthand":{"rotation":[0,45,0],"translation":[1,3,0.5],"scale":[0.4,0.4,0.4]},"thirdperson_lefthand":{"rotation":[75,45,0],"translation":[0,2.5,0],"scale":[0.55,0.55,0.55]},"firstperson_lefthand":{"rotation":[0,45,0],"translation":[1,3,0.5],"scale":[0.4,0.4,0.4]},"thirdperson_righthand":{"rotation":[75,45,0],"translation":[0,2.5,0],"scale":[0.55,0.55,0.55]},"ground":{"translation":[0,2,0]},"gui":{"rotation":[30,225,0],"translation":[-0.5,2,0],"scale":[0.8,0.8,0.8]},"fixed":{"translation":[0,3,0]}}}