{"textures":{"particle":"mineclub/hats/gfx_paintball_mask"},"elements":[{"name":"Element","from":[4,6,3],"to":[12,7,4],"faces":{"south":{"uv":[3,1.66667,0.33333,1.33333],"texture":"#particle"},"north":{"uv":[0.33333,0.66667,3,1],"texture":"#particle"},"up":{"uv":[3,0.66667,0.33333,0.33333],"texture":"#particle"},"down":{"uv":[3,1.33333,0.33333,1],"texture":"#particle"}}},{"name":"Element","from":[3,2,4],"to":[4,3,6],"faces":{"east":{"uv":[4.33333,6,5,6.33333],"texture":"#particle"},"south":{"uv":[4,6,4.33333,6.33333],"texture":"#particle"},"west":{"uv":[3.33333,6,4,6.33333],"texture":"#particle"},"down":{"uv":[15.33333,3,15,2.33333],"texture":"#particle"}}},{"name":"Element","from":[12,2,4],"to":[13,3,6],"faces":{"east":{"uv":[4,6,3.33333,6.33333],"texture":"#particle"},"south":{"uv":[4.33333,6,4,6.33333],"texture":"#particle"},"west":{"uv":[5,6,4.33333,6.33333],"texture":"#particle"},"down":{"uv":[15,3,15.33333,2.33333],"texture":"#particle"}}},{"name":"Element","from":[3,3,3],"to":[4,7,8],"faces":{"east":{"uv":[13.66667,0.33333,15.33333,1.66667],"texture":"#particle"},"south":{"uv":[13.33333,0.33333,13.66667,1.66667],"texture":"#particle"},"north":{"uv":[11.33333,0.33333,11.66667,1.66667],"texture":"#particle"},"west":{"uv":[11.66667,0.33333,13.33333,1.66667],"texture":"#particle"},"up":{"uv":[4.33333,5.33333,4,4],"texture":"#particle"},"down":{"uv":[5.33333,5.33333,5,4],"texture":"#particle"}}},{"name":"Element","from":[12,3,3],"to":[13,7,8],"faces":{"east":{"uv":[13.33333,0.33333,11.66667,1.66667],"texture":"#particle"},"south":{"uv":[13.66667,0.33333,13.33333,1.66667],"texture":"#particle"},"north":{"uv":[11.66667,0.33333,11.33333,1.66667],"texture":"#particle"},"west":{"uv":[15.33333,0.33333,13.66667,1.66667],"texture":"#particle"},"up":{"uv":[4,5.33333,4.33333,4],"texture":"#particle"},"down":{"uv":[5,5.33333,5.33333,4],"texture":"#particle"}}},{"name":"Element","from":[3,4,8],"to":[4,6,13],"faces":{"east":{"uv":[12.66667,4,14.33333,4.66667],"texture":"#particle"},"south":{"uv":[12.33333,4,12.66667,4.66667],"texture":"#particle"},"west":{"uv":[10.66667,4,12.33333,4.66667],"texture":"#particle"},"up":{"uv":[15.33333,5.33333,15,3.66667],"texture":"#particle"},"down":{"uv":[15.33333,7.66667,15,6],"texture":"#particle"}}},{"name":"Element","from":[12,4,8],"to":[13,6,13],"faces":{"east":{"uv":[12.33333,4,10.66667,4.66667],"texture":"#particle"},"south":{"uv":[12.66667,4,12.33333,4.66667],"texture":"#particle"},"west":{"uv":[14.33333,4,12.66667,4.66667],"texture":"#particle"},"up":{"uv":[15,5.33333,15.33333,3.66667],"texture":"#particle"},"down":{"uv":[15,7.66667,15.33333,6],"texture":"#particle"}}},{"name":"Element","from":[4,4,12],"to":[12,6,13],"faces":{"south":{"uv":[13.33333,7.33333,10.66667,6.66667],"texture":"#particle"},"north":{"uv":[10.66667,5.66667,13.33333,6.33333],"texture":"#particle"},"up":{"uv":[13.33333,5.66667,10.66667,5.33333],"texture":"#particle"},"down":{"uv":[13.33333,6.66667,10.66667,6.33333],"texture":"#particle"}}},{"name":"Element","from":[6.5,-2,2],"to":[9.5,-1,3],"faces":{"east":{"uv":[0.33333,7.33333,0.66667,7.66667],"texture":"#particle"},"north":{"uv":[0.66667,7.33333,1.66667,7.66667],"texture":"#particle"},"west":{"uv":[1.66667,7.33333,2,7.66667],"texture":"#particle"},"down":{"uv":[1.66667,8,0.66667,7.66667],"texture":"#particle"}}},{"name":"Element","from":[6.5,-1,1],"to":[9.5,4,4],"faces":{"east":{"uv":[6,4.66667,7,6.33333],"texture":"#particle"},"south":{"uv":[9,4.66667,10,6.33333],"texture":"#particle"},"north":{"uv":[7,4.66667,8,6.33333],"texture":"#particle"},"west":{"uv":[8,4.66667,9,6.33333],"texture":"#particle"},"up":{"uv":[8,4.66667,7,3.66667],"texture":"#particle"},"down":{"uv":[8,7.33333,7,6.33333],"texture":"#particle"}}},{"name":"Element","from":[3,0,3],"to":[13,3,4],"faces":{"east":{"uv":[7.33333,0.66667,7,1.66667],"texture":"#particle"},"south":{"uv":[7.33333,0.66667,10.66667,1.66667],"texture":"#particle"},"north":{"uv":[3.66667,0.66667,7,1.66667],"texture":"#particle"},"west":{"uv":[7,0.66667,7.33333,1.66667],"texture":"#particle"},"up":{"uv":[7,0.66667,3.66667,0.33333],"texture":"#particle"},"down":{"uv":[7,2,3.66667,1.66667],"texture":"#particle"}}},{"name":"Element","from":[4,1,2],"to":[12,3,3],"faces":{"east":{"uv":[3.33333,4.33333,3,5],"texture":"#particle"},"north":{"uv":[0.33333,4.33333,3,5],"texture":"#particle"},"west":{"uv":[3,4.33333,3.33333,5],"texture":"#particle"},"up":{"uv":[3,4.33333,0.33333,4],"texture":"#particle"},"down":{"uv":[3,5.33333,0.33333,5],"texture":"#particle"}}},{"name":"Element","from":[5,0,2],"to":[11,1,3],"faces":{"east":{"uv":[2.66667,6,2.33333,6.33333],"texture":"#particle"},"north":{"uv":[0.33333,6,2.33333,6.33333],"texture":"#particle"},"west":{"uv":[2.33333,6,2.66667,6.33333],"texture":"#particle"},"down":{"uv":[2.33333,6.66667,0.33333,6.33333],"texture":"#particle"}}},{"name":"Element","from":[4,-1,3],"to":[12,0,4],"faces":{"east":{"uv":[6.66667,2.66667,6.33333,3],"texture":"#particle"},"south":{"uv":[6.66667,2.66667,9.33333,3],"texture":"#particle"},"north":{"uv":[3.66667,2.66667,6.33333,3],"texture":"#particle"},"west":{"uv":[6.33333,2.66667,6.66667,3],"texture":"#particle"},"down":{"uv":[6.33333,3.33333,3.66667,3],"texture":"#particle"}}},{"name":"Element","from":[5,-2,3],"to":[11,-1,4],"faces":{"east":{"uv":[12.33333,2.66667,12,3],"texture":"#particle"},"south":{"uv":[12.33333,2.66667,14.33333,3],"texture":"#particle"},"north":{"uv":[10,2.66667,12,3],"texture":"#particle"},"west":{"uv":[12,2.66667,12.33333,3],"texture":"#particle"},"down":{"uv":[12,3.33333,10,3],"texture":"#particle"}}},{"name":"Element","from":[4,3,3.4688],"to":[12,6,3.4788],"faces":{"south":{"uv":[3,2.33333,0.33333,3.33333],"texture":"#particle"},"north":{"uv":[0.33333,2.33333,3,3.33333],"texture":"#particle"}}}],"display":{"head":{"translation":[0,6.4,0],"scale":[1.6,1.6,1.6]},"firstperson_righthand":{"rotation":[0,45,0],"translation":[1.5,3.5,0.5],"scale":[0.4,0.4,0.4]},"thirdperson_lefthand":{"rotation":[75,45,0],"translation":[0,2.5,1],"scale":[0.55,0.55,0.55]},"firstperson_lefthand":{"rotation":[0,45,0],"translation":[1.5,3.5,0.5],"scale":[0.4,0.4,0.4]},"thirdperson_righthand":{"rotation":[75,45,0],"translation":[0,2.5,1],"scale":[0.55,0.55,0.55]},"ground":{"translation":[0,6,0]},"gui":{"rotation":[30,225,0],"translation":[0,4.5,0]},"fixed":{"translation":[0,6,0]}}}