{"textures":{"particle":"mineclub/hats/gfx_pilgrim_hat"},"elements":[{"rotation":{"origin":[12.5,14,11.5],"angle":0,"axis":"y"},"from":[3.5,6,3.5],"to":[12.5,10,12.5],"faces":{"east":{"uv":[7,8,11.5,10],"texture":"#particle"},"south":{"uv":[7,8,11.5,10],"texture":"#particle"},"north":{"uv":[7,5,11.5,7],"texture":"#particle"},"west":{"uv":[7,8,11.5,10],"texture":"#particle"},"up":{"uv":[11.5,5,7,0.5],"texture":"#particle"}}},{"rotation":{"origin":[12.5,13,11.5],"angle":0,"axis":"y"},"from":[1.5,5,2.5],"to":[2.5,6,13.5],"faces":{"south":{"uv":[12.5,6.5,13,7],"texture":"#particle","rotation":90},"north":{"uv":[12.5,0.5,13,1],"texture":"#particle","rotation":90},"west":{"uv":[0.5,7,6,7.5],"texture":"#particle"},"up":{"uv":[0.5,6.5,6,7],"texture":"#particle","rotation":90},"down":{"uv":[0.5,7.5,6,8],"texture":"#particle","rotation":270}}},{"rotation":{"origin":[3.5,13,4.5],"angle":0,"axis":"y"},"from":[13.5,5,2.5],"to":[14.5,6,13.5],"faces":{"east":{"uv":[0.5,7,6,7.5],"texture":"#particle"},"south":{"uv":[12.5,0.5,13,1],"texture":"#particle","rotation":90},"north":{"uv":[12.5,6.5,13,7],"texture":"#particle","rotation":90},"up":{"uv":[0.5,6.5,6,7],"texture":"#particle","rotation":270},"down":{"uv":[0.5,7.5,6,8],"texture":"#particle","rotation":90}}},{"rotation":{"origin":[12.5,13,10.5],"angle":0,"axis":"y"},"from":[2.5,5,1.5],"to":[13.5,6,14.5],"faces":{"east":{"uv":[12.5,0.5,13,7],"texture":"#particle","rotation":90},"south":{"uv":[0.5,7,6,7.5],"texture":"#particle"},"north":{"uv":[0.5,7,6,7.5],"texture":"#particle"},"west":{"uv":[12.5,0.5,13,7],"texture":"#particle","rotation":90},"up":{"uv":[6,7,0.5,0.5],"texture":"#particle"},"down":{"uv":[6,14,0.5,7.5],"texture":"#particle"}}},{"rotation":{"origin":[13,18,11],"angle":0,"axis":"y"},"from":[4,10,4],"to":[12,13,12],"faces":{"east":{"uv":[14,0.5,15.5,4.5],"texture":"#particle","rotation":90},"south":{"uv":[14,0.5,15.5,4.5],"texture":"#particle","rotation":90},"north":{"uv":[14,0.5,15.5,4.5],"texture":"#particle","rotation":90},"west":{"uv":[14,0.5,15.5,4.5],"texture":"#particle","rotation":90},"up":{"uv":[11,15,7,11],"texture":"#particle"}}}],"display":{"head":{"translation":[0,6.4,0],"scale":[1.61,1.61,1.61]},"firstperson_righthand":{"rotation":[0,45,0],"translation":[1,2,0.5],"scale":[0.4,0.4,0.4]},"thirdperson_lefthand":{"rotation":[75,45,0],"translation":[0,2.5,-0.25],"scale":[0.55,0.55,0.55]},"firstperson_lefthand":{"rotation":[0,45,0],"translation":[1,2,0.5],"scale":[0.4,0.4,0.4]},"thirdperson_righthand":{"rotation":[75,45,0],"translation":[0,2.5,-0.25],"scale":[0.55,0.55,0.55]},"gui":{"rotation":[30,225,0],"scale":[0.8,0.8,0.8]},"fixed":{"translation":[0,-1,0]}}}