{"textures":{"particle":"mineclub/hats/pirate_hat"},"elements":[{"rotation":{"origin":[8,7,8],"angle":0,"axis":"y"},"from":[3,5,4],"to":[13,9,12],"faces":{"east":{"uv":[2.75,2.5,4.75,3.5],"texture":"#particle"},"south":{"uv":[9.25,2.5,11.75,3.5],"texture":"#particle"},"north":{"uv":[4.75,2.5,7.25,3.5],"texture":"#particle"},"west":{"uv":[7.25,2.5,9.25,3.5],"texture":"#particle"},"up":{"uv":[7.25,2.5,4.75,0.5],"texture":"#particle"},"down":{"uv":[7.25,3.5,4.75,5.5],"texture":"#particle"}}},{"rotation":{"origin":[8,7,8],"angle":0,"axis":"y"},"from":[1,5,5],"to":[3,9,6],"faces":{"east":{"uv":[0.5,0.75,0.75,1.75],"texture":"#particle"},"south":{"uv":[1.5,0.75,2,1.75],"texture":"#particle"},"north":{"uv":[0.75,0.75,1.25,1.75],"texture":"#particle"},"west":{"uv":[1.25,0.75,1.5,1.75],"texture":"#particle"},"up":{"uv":[1.25,0.75,0.75,0.5],"texture":"#particle"},"down":{"uv":[1.25,1.75,0.75,2],"texture":"#particle"}}},{"rotation":{"origin":[8,7,13],"angle":0,"axis":"y"},"from":[1,5,10],"to":[3,9,11],"faces":{"east":{"uv":[0.5,0.75,0.75,1.75],"texture":"#particle"},"south":{"uv":[1.5,0.75,2,1.75],"texture":"#particle"},"north":{"uv":[0.75,0.75,1.25,1.75],"texture":"#particle"},"west":{"uv":[1.25,0.75,1.5,1.75],"texture":"#particle"},"up":{"uv":[1.25,0.75,0.75,0.5],"texture":"#particle"},"down":{"uv":[1.25,1.75,0.75,2],"texture":"#particle"}}},{"rotation":{"origin":[8,7,8],"angle":0,"axis":"y"},"from":[13,5,5],"to":[15,9,6],"faces":{"east":{"uv":[1.5,0.75,1.25,1.75],"texture":"#particle"},"south":{"uv":[2,0.75,1.5,1.75],"texture":"#particle"},"north":{"uv":[1.25,0.75,0.75,1.75],"texture":"#particle"},"west":{"uv":[0.75,0.75,0.5,1.75],"texture":"#particle"},"up":{"uv":[0.75,0.75,1.25,0.5],"texture":"#particle"},"down":{"uv":[0.75,1.75,1.25,2],"texture":"#particle"}}},{"rotation":{"origin":[8,7,13],"angle":0,"axis":"y"},"from":[13,5,10],"to":[15,9,11],"faces":{"east":{"uv":[1.5,0.75,1.25,1.75],"texture":"#particle"},"south":{"uv":[2,0.75,1.5,1.75],"texture":"#particle"},"north":{"uv":[1.25,0.75,0.75,1.75],"texture":"#particle"},"west":{"uv":[0.75,0.75,0.5,1.75],"texture":"#particle"},"up":{"uv":[0.75,0.75,1.25,0.5],"texture":"#particle"},"down":{"uv":[0.75,1.75,1.25,2],"texture":"#particle"}}},{"rotation":{"origin":[8,7,8],"angle":0,"axis":"y"},"from":[0,5,6],"to":[3,6,10],"faces":{"east":{"uv":[8,5.25,9,5.5],"texture":"#particle"},"south":{"uv":[10.75,5.25,11.5,5.5],"texture":"#particle"},"north":{"uv":[9,5.25,9.75,5.5],"texture":"#particle"},"west":{"uv":[9.75,5.25,10.75,5.5],"texture":"#particle"},"up":{"uv":[9.75,5.25,9,4.25],"texture":"#particle"},"down":{"uv":[9.75,5.5,9,6.5],"texture":"#particle"}}},{"rotation":{"origin":[8,7,8],"angle":0,"axis":"y"},"from":[13,5,6],"to":[16,6,10],"faces":{"east":{"uv":[10.75,5.25,9.75,5.5],"texture":"#particle"},"south":{"uv":[11.5,5.25,10.75,5.5],"texture":"#particle"},"north":{"uv":[9.75,5.25,9,5.5],"texture":"#particle"},"west":{"uv":[9,5.25,8,5.5],"texture":"#particle"},"up":{"uv":[9,5.25,9.75,4.25],"texture":"#particle"},"down":{"uv":[9,5.5,9.75,6.5],"texture":"#particle"}}},{"rotation":{"origin":[8,7,8],"angle":0,"axis":"y"},"from":[2,5,4],"to":[3,9,5],"faces":{"east":{"uv":[0.5,7.5,0.75,8.5],"texture":"#particle"},"south":{"uv":[1.25,7.5,1.5,8.5],"texture":"#particle"},"north":{"uv":[0.75,7.5,1,8.5],"texture":"#particle"},"west":{"uv":[1,7.5,1.25,8.5],"texture":"#particle"},"up":{"uv":[1,7.5,0.75,7.25],"texture":"#particle"},"down":{"uv":[1,8.5,0.75,8.75],"texture":"#particle"}}},{"rotation":{"origin":[8,7,15],"angle":0,"axis":"y"},"from":[2,5,11],"to":[3,9,12],"faces":{"east":{"uv":[0.5,7.5,0.75,8.5],"texture":"#particle"},"south":{"uv":[1.25,7.5,1.5,8.5],"texture":"#particle"},"north":{"uv":[0.75,7.5,1,8.5],"texture":"#particle"},"west":{"uv":[1,7.5,1.25,8.5],"texture":"#particle"},"up":{"uv":[1,7.5,0.75,7.25],"texture":"#particle"},"down":{"uv":[1,8.5,0.75,8.75],"texture":"#particle"}}},{"rotation":{"origin":[8,7,8],"angle":0,"axis":"y"},"from":[13,5,4],"to":[14,9,5],"faces":{"east":{"uv":[1.25,7.5,1,8.5],"texture":"#particle"},"south":{"uv":[1.5,7.5,1.25,8.5],"texture":"#particle"},"north":{"uv":[1,7.5,0.75,8.5],"texture":"#particle"},"west":{"uv":[0.75,7.5,0.5,8.5],"texture":"#particle"},"up":{"uv":[0.75,7.5,1,7.25],"texture":"#particle"},"down":{"uv":[0.75,8.5,1,8.75],"texture":"#particle"}}},{"rotation":{"origin":[8,7,15],"angle":0,"axis":"y"},"from":[13,5,11],"to":[14,9,12],"faces":{"east":{"uv":[1.25,7.5,1,8.5],"texture":"#particle"},"south":{"uv":[1.5,7.5,1.25,8.5],"texture":"#particle"},"north":{"uv":[1,7.5,0.75,8.5],"texture":"#particle"},"west":{"uv":[0.75,7.5,0.5,8.5],"texture":"#particle"},"up":{"uv":[0.75,7.5,1,7.25],"texture":"#particle"},"down":{"uv":[0.75,8.5,1,8.75],"texture":"#particle"}}},{"rotation":{"origin":[8,7,8],"angle":0,"axis":"y"},"from":[0,5,5],"to":[1,8,6],"faces":{"east":{"uv":[0.5,9.75,0.75,10.5],"texture":"#particle"},"south":{"uv":[1.25,9.75,1.5,10.5],"texture":"#particle"},"north":{"uv":[0.75,9.75,1,10.5],"texture":"#particle"},"west":{"uv":[1,9.75,1.25,10.5],"texture":"#particle"},"up":{"uv":[1,9.75,0.75,9.5],"texture":"#particle"},"down":{"uv":[1,10.5,0.75,10.75],"texture":"#particle"}}},{"rotation":{"origin":[8,7,13],"angle":0,"axis":"y"},"from":[0,5,10],"to":[1,8,11],"faces":{"east":{"uv":[0.5,9.75,0.75,10.5],"texture":"#particle"},"south":{"uv":[1.25,9.75,1.5,10.5],"texture":"#particle"},"north":{"uv":[0.75,9.75,1,10.5],"texture":"#particle"},"west":{"uv":[1,9.75,1.25,10.5],"texture":"#particle"},"up":{"uv":[1,9.75,0.75,9.5],"texture":"#particle"},"down":{"uv":[1,10.5,0.75,10.75],"texture":"#particle"}}},{"rotation":{"origin":[8,7,8],"angle":0,"axis":"y"},"from":[15,5,5],"to":[16,8,6],"faces":{"east":{"uv":[1.25,9.75,1,10.5],"texture":"#particle"},"south":{"uv":[1.5,9.75,1.25,10.5],"texture":"#particle"},"north":{"uv":[1,9.75,0.75,10.5],"texture":"#particle"},"west":{"uv":[0.75,9.75,0.5,10.5],"texture":"#particle"},"up":{"uv":[0.75,9.75,1,9.5],"texture":"#particle"},"down":{"uv":[0.75,10.5,1,10.75],"texture":"#particle"}}},{"rotation":{"origin":[8,7,13],"angle":0,"axis":"y"},"from":[15,5,10],"to":[16,8,11],"faces":{"east":{"uv":[1.25,9.75,1,10.5],"texture":"#particle"},"south":{"uv":[1.5,9.75,1.25,10.5],"texture":"#particle"},"north":{"uv":[1,9.75,0.75,10.5],"texture":"#particle"},"west":{"uv":[0.75,9.75,0.5,10.5],"texture":"#particle"},"up":{"uv":[0.75,9.75,1,9.5],"texture":"#particle"},"down":{"uv":[0.75,10.5,1,10.75],"texture":"#particle"}}},{"rotation":{"origin":[8,7,8],"angle":0,"axis":"y"},"from":[4,10,4],"to":[12,11,5],"faces":{"east":{"uv":[2.25,8.25,2.5,8.5],"texture":"#particle"},"south":{"uv":[4.75,8.25,6.75,8.5],"texture":"#particle"},"north":{"uv":[2.5,8.25,4.5,8.5],"texture":"#particle"},"west":{"uv":[4.5,8.25,4.75,8.5],"texture":"#particle"},"up":{"uv":[4.5,8.25,2.5,8],"texture":"#particle"},"down":{"uv":[4.5,8.5,2.5,8.75],"texture":"#particle"}}},{"rotation":{"origin":[8,7,15],"angle":0,"axis":"y"},"from":[4,10,11],"to":[12,11,12],"faces":{"east":{"uv":[2.25,8.25,2.5,8.5],"texture":"#particle"},"south":{"uv":[4.75,8.25,6.75,8.5],"texture":"#particle"},"north":{"uv":[2.5,8.25,4.5,8.5],"texture":"#particle"},"west":{"uv":[4.5,8.25,4.75,8.5],"texture":"#particle"},"up":{"uv":[4.5,8.25,2.5,8],"texture":"#particle"},"down":{"uv":[4.5,8.5,2.5,8.75],"texture":"#particle"}}},{"rotation":{"origin":[8,7,8],"angle":0,"axis":"y"},"from":[3,9,4],"to":[13,10,5],"faces":{"east":{"uv":[8.5,9,8.75,9.25],"texture":"#particle"},"south":{"uv":[11.5,9,14,9.25],"texture":"#particle"},"north":{"uv":[8.75,9,11.25,9.25],"texture":"#particle"},"west":{"uv":[11.25,9,11.5,9.25],"texture":"#particle"},"up":{"uv":[11.25,9,8.75,8.75],"texture":"#particle"},"down":{"uv":[11.25,9.25,8.75,9.5],"texture":"#particle"}}},{"rotation":{"origin":[8,7,15],"angle":0,"axis":"y"},"from":[3,9,11],"to":[13,10,12],"faces":{"east":{"uv":[8.5,9,8.75,9.25],"texture":"#particle"},"south":{"uv":[11.5,9,14,9.25],"texture":"#particle"},"north":{"uv":[8.75,9,11.25,9.25],"texture":"#particle"},"west":{"uv":[11.25,9,11.5,9.25],"texture":"#particle"},"up":{"uv":[11.25,9,8.75,8.75],"texture":"#particle"},"down":{"uv":[11.25,9.25,8.75,9.5],"texture":"#particle"}}},{"rotation":{"origin":[8,7,8],"angle":0,"axis":"y"},"from":[4,7,3],"to":[12,9,4],"faces":{"east":{"uv":[2.25,6.5,2.5,7],"texture":"#particle"},"south":{"uv":[4.75,6.5,6.75,7],"texture":"#particle"},"north":{"uv":[2.5,6.5,4.5,7],"texture":"#particle"},"west":{"uv":[4.5,6.5,4.75,7],"texture":"#particle"},"up":{"uv":[4.5,6.5,2.5,6.25],"texture":"#particle"},"down":{"uv":[4.5,7,2.5,7.25],"texture":"#particle"}}},{"rotation":{"origin":[8,7,17],"angle":0,"axis":"y"},"from":[4,7,12],"to":[12,9,13],"faces":{"east":{"uv":[2.25,6.5,2.5,7],"texture":"#particle"},"south":{"uv":[4.75,6.5,6.75,7],"texture":"#particle"},"north":{"uv":[2.5,6.5,4.5,7],"texture":"#particle"},"west":{"uv":[4.5,6.5,4.75,7],"texture":"#particle"},"up":{"uv":[4.5,6.5,2.5,6.25],"texture":"#particle"},"down":{"uv":[4.5,7,2.5,7.25],"texture":"#particle"}}},{"rotation":{"origin":[8,7,8],"angle":0,"axis":"y"},"from":[3,5,3],"to":[13,7,4],"faces":{"east":{"uv":[2.25,9.75,2.5,10.25],"texture":"#particle"},"south":{"uv":[5.25,9.75,7.75,10.25],"texture":"#particle"},"north":{"uv":[2.5,9.75,5,10.25],"texture":"#particle"},"west":{"uv":[5,9.75,5.25,10.25],"texture":"#particle"},"up":{"uv":[5,9.75,2.5,9.5],"texture":"#particle"},"down":{"uv":[5,10.25,2.5,10.5],"texture":"#particle"}}},{"rotation":{"origin":[8,7,17],"angle":0,"axis":"y"},"from":[3,5,12],"to":[13,7,13],"faces":{"east":{"uv":[2.25,9.75,2.5,10.25],"texture":"#particle"},"south":{"uv":[5.25,9.75,7.75,10.25],"texture":"#particle"},"north":{"uv":[2.5,9.75,5,10.25],"texture":"#particle"},"west":{"uv":[5,9.75,5.25,10.25],"texture":"#particle"},"up":{"uv":[5,9.75,2.5,9.5],"texture":"#particle"},"down":{"uv":[5,10.25,2.5,10.5],"texture":"#particle"}}},{"rotation":{"origin":[8,6,8],"angle":0,"axis":"y"},"from":[5,9,3],"to":[11,10,4],"faces":{"east":{"uv":[7.5,7.5,7.75,7.75],"texture":"#particle"},"south":{"uv":[9.5,7.5,11,7.75],"texture":"#particle"},"north":{"uv":[7.75,7.5,9.25,7.75],"texture":"#particle"},"west":{"uv":[9.25,7.5,9.5,7.75],"texture":"#particle"},"up":{"uv":[9.25,7.5,7.75,7.25],"texture":"#particle"},"down":{"uv":[9.25,7.75,7.75,8],"texture":"#particle"}}},{"rotation":{"origin":[8,6,17],"angle":0,"axis":"y"},"from":[5,9,12],"to":[11,10,13],"faces":{"east":{"uv":[7.5,7.5,7.75,7.75],"texture":"#particle"},"south":{"uv":[9.5,7.5,11,7.75],"texture":"#particle"},"north":{"uv":[7.75,7.5,9.25,7.75],"texture":"#particle"},"west":{"uv":[9.25,7.5,9.5,7.75],"texture":"#particle"},"up":{"uv":[9.25,7.5,7.75,7.25],"texture":"#particle"},"down":{"uv":[9.25,7.75,7.75,8],"texture":"#particle"}}},{"rotation":{"origin":[8,8,9],"angle":0,"axis":"y"},"from":[5,11,4],"to":[11,12,5],"faces":{"east":{"uv":[8,1.25,8.25,1.5],"texture":"#particle"},"south":{"uv":[10,1.25,11.5,1.5],"texture":"#particle"},"north":{"uv":[8.25,1.25,9.75,1.5],"texture":"#particle"},"west":{"uv":[9.75,1.25,10,1.5],"texture":"#particle"},"up":{"uv":[9.75,1.25,8.25,1],"texture":"#particle"},"down":{"uv":[9.75,1.5,8.25,1.75],"texture":"#particle"}}},{"rotation":{"origin":[8,8,16],"angle":0,"axis":"y"},"from":[5,11,11],"to":[11,12,12],"faces":{"east":{"uv":[8,1.25,8.25,1.5],"texture":"#particle"},"south":{"uv":[10,1.25,11.5,1.5],"texture":"#particle"},"north":{"uv":[8.25,1.25,9.75,1.5],"texture":"#particle"},"west":{"uv":[9.75,1.25,10,1.5],"texture":"#particle"},"up":{"uv":[9.75,1.25,8.25,1],"texture":"#particle"},"down":{"uv":[9.75,1.5,8.25,1.75],"texture":"#particle"}}},{"rotation":{"origin":[5,11.29289,4.5],"angle":45,"axis":"z"},"from":[1.25937,10.79289,3.99375],"to":[5.5,11.79289,5.00625],"faces":{"east":{"uv":[12.25,1.25,12.5,1.5],"texture":"#particle"},"south":{"uv":[13.75,1.25,14.75,1.5],"texture":"#particle"},"north":{"uv":[12.5,1.25,13.5,1.5],"texture":"#particle"},"west":{"uv":[13.5,1.25,13.75,1.5],"texture":"#particle"},"up":{"uv":[13.5,1.25,12.5,1],"texture":"#particle"},"down":{"uv":[13.5,1.5,12.5,1.75],"texture":"#particle"}}},{"rotation":{"origin":[5,11.29289,11.5],"angle":45,"axis":"z"},"from":[1.25937,10.79289,10.99375],"to":[5.5,11.79289,12.00625],"faces":{"east":{"uv":[12.25,1.25,12.5,1.5],"texture":"#particle"},"south":{"uv":[13.75,1.25,14.75,1.5],"texture":"#particle"},"north":{"uv":[12.5,1.25,13.5,1.5],"texture":"#particle"},"west":{"uv":[13.5,1.25,13.75,1.5],"texture":"#particle"},"up":{"uv":[13.5,1.25,12.5,1],"texture":"#particle"},"down":{"uv":[13.5,1.5,12.5,1.75],"texture":"#particle"}}},{"rotation":{"origin":[11,11.29289,4.5],"angle":-45,"axis":"z"},"from":[10.5,10.79289,3.99375],"to":[14.74063,11.79289,5.00625],"faces":{"east":{"uv":[13.75,1.25,13.5,1.5],"texture":"#particle"},"south":{"uv":[14.75,1.25,13.75,1.5],"texture":"#particle"},"north":{"uv":[13.5,1.25,12.5,1.5],"texture":"#particle"},"west":{"uv":[12.5,1.25,12.25,1.5],"texture":"#particle"},"up":{"uv":[12.5,1.25,13.5,1],"texture":"#particle"},"down":{"uv":[12.5,1.5,13.5,1.75],"texture":"#particle"}}},{"rotation":{"origin":[11,11.29289,11.5],"angle":-45,"axis":"z"},"from":[10.5,10.79289,10.99375],"to":[14.74063,11.79289,12.00625],"faces":{"east":{"uv":[13.75,1.25,13.5,1.5],"texture":"#particle"},"south":{"uv":[14.75,1.25,13.75,1.5],"texture":"#particle"},"north":{"uv":[13.5,1.25,12.5,1.5],"texture":"#particle"},"west":{"uv":[12.5,1.25,12.25,1.5],"texture":"#particle"},"up":{"uv":[12.5,1.25,13.5,1],"texture":"#particle"},"down":{"uv":[12.5,1.5,13.5,1.75],"texture":"#particle"}}},{"rotation":{"origin":[1,8.29289,4.5],"angle":45,"axis":"z"},"from":[0.0875,7.79289,4.99375],"to":[1.5,8.79289,6.00625],"faces":{"east":{"uv":[0.5,6,0.75,6.25],"texture":"#particle"},"south":{"uv":[1.25,6,1.5,6.25],"texture":"#particle"},"north":{"uv":[0.75,6,1,6.25],"texture":"#particle"},"west":{"uv":[1,6,1.25,6.25],"texture":"#particle"},"up":{"uv":[1,6,0.75,5.75],"texture":"#particle"},"down":{"uv":[1,6.25,0.75,6.5],"texture":"#particle"}}},{"rotation":{"origin":[1,8.29289,9.5],"angle":45,"axis":"z"},"from":[0.0875,7.79289,9.99375],"to":[1.5,8.79289,11.00625],"faces":{"east":{"uv":[0.5,6,0.75,6.25],"texture":"#particle"},"south":{"uv":[1.25,6,1.5,6.25],"texture":"#particle"},"north":{"uv":[0.75,6,1,6.25],"texture":"#particle"},"west":{"uv":[1,6,1.25,6.25],"texture":"#particle"},"up":{"uv":[1,6,0.75,5.75],"texture":"#particle"},"down":{"uv":[1,6.25,0.75,6.5],"texture":"#particle"}}},{"rotation":{"origin":[15,8.29289,4.5],"angle":-45,"axis":"z"},"from":[14.5,7.79289,4.99375],"to":[15.9125,8.79289,6.00625],"faces":{"east":{"uv":[1.25,6,1,6.25],"texture":"#particle"},"south":{"uv":[1.5,6,1.25,6.25],"texture":"#particle"},"north":{"uv":[1,6,0.75,6.25],"texture":"#particle"},"west":{"uv":[0.75,6,0.5,6.25],"texture":"#particle"},"up":{"uv":[0.75,6,1,5.75],"texture":"#particle"},"down":{"uv":[0.75,6.25,1,6.5],"texture":"#particle"}}},{"rotation":{"origin":[15,8.29289,9.5],"angle":-45,"axis":"z"},"from":[14.5,7.79289,9.99375],"to":[15.9125,8.79289,11.00625],"faces":{"east":{"uv":[1.25,6,1,6.25],"texture":"#particle"},"south":{"uv":[1.5,6,1.25,6.25],"texture":"#particle"},"north":{"uv":[1,6,0.75,6.25],"texture":"#particle"},"west":{"uv":[0.75,6,0.5,6.25],"texture":"#particle"},"up":{"uv":[0.75,6,1,5.75],"texture":"#particle"},"down":{"uv":[0.75,6.25,1,6.5],"texture":"#particle"}}},{"rotation":{"origin":[5.00001,9.29289,3.49999],"angle":45,"axis":"z"},"from":[4.08751,8.79289,3.00311],"to":[5.50001,9.79289,4.00311],"faces":{"east":{"uv":[0.5,3,0.75,3.25],"texture":"#particle"},"south":{"uv":[1.25,3,1.5,3.25],"texture":"#particle"},"north":{"uv":[0.75,3,1,3.25],"texture":"#particle"},"west":{"uv":[1,3,1.25,3.25],"texture":"#particle"},"up":{"uv":[1,3,0.75,2.75],"texture":"#particle"},"down":{"uv":[1,3.25,0.75,3.5],"texture":"#particle"}}},{"rotation":{"origin":[5.00001,9.29289,12.49999],"angle":45,"axis":"z"},"from":[4.08751,8.79289,11.99687],"to":[5.50001,9.79289,12.99687],"faces":{"east":{"uv":[0.5,3,0.75,3.25],"texture":"#particle"},"south":{"uv":[1.25,3,1.5,3.25],"texture":"#particle"},"north":{"uv":[0.75,3,1,3.25],"texture":"#particle"},"west":{"uv":[1,3,1.25,3.25],"texture":"#particle"},"up":{"uv":[1,3,0.75,2.75],"texture":"#particle"},"down":{"uv":[1,3.25,0.75,3.5],"texture":"#particle"}}},{"rotation":{"origin":[10.99999,9.29289,3.49999],"angle":-45,"axis":"z"},"from":[10.49999,8.79289,3.00311],"to":[11.91249,9.79289,4.00311],"faces":{"east":{"uv":[1.25,3,1,3.25],"texture":"#particle"},"south":{"uv":[1.5,3,1.25,3.25],"texture":"#particle"},"north":{"uv":[1,3,0.75,3.25],"texture":"#particle"},"west":{"uv":[0.75,3,0.5,3.25],"texture":"#particle"},"up":{"uv":[0.75,3,1,2.75],"texture":"#particle"},"down":{"uv":[0.75,3.25,1,3.5],"texture":"#particle"}}},{"rotation":{"origin":[10.99999,9.29289,12.49999],"angle":-45,"axis":"z"},"from":[10.49999,8.79289,11.99687],"to":[11.91249,9.79289,12.99687],"faces":{"east":{"uv":[1.25,3,1,3.25],"texture":"#particle"},"south":{"uv":[1.5,3,1.25,3.25],"texture":"#particle"},"north":{"uv":[1,3,0.75,3.25],"texture":"#particle"},"west":{"uv":[0.75,3,0.5,3.25],"texture":"#particle"},"up":{"uv":[0.75,3,1,2.75],"texture":"#particle"},"down":{"uv":[0.75,3.25,1,3.5],"texture":"#particle"}}},{"rotation":{"origin":[4,7.29289,3.5],"angle":45,"axis":"z"},"from":[3.09375,6.79289,3.00313],"to":[4.5,7.79289,4.00313],"faces":{"east":{"uv":[0.5,4.5,0.75,4.75],"texture":"#particle"},"south":{"uv":[1.25,4.5,1.5,4.75],"texture":"#particle"},"north":{"uv":[0.75,4.5,1,4.75],"texture":"#particle"},"west":{"uv":[1,4.5,1.25,4.75],"texture":"#particle"},"up":{"uv":[1,4.5,0.75,4.25],"texture":"#particle"},"down":{"uv":[1,4.75,0.75,5],"texture":"#particle"}}},{"rotation":{"origin":[4,7.29289,12.5],"angle":45,"axis":"z"},"from":[3.09375,6.79289,11.99688],"to":[4.5,7.79289,12.99688],"faces":{"east":{"uv":[0.5,4.5,0.75,4.75],"texture":"#particle"},"south":{"uv":[1.25,4.5,1.5,4.75],"texture":"#particle"},"north":{"uv":[0.75,4.5,1,4.75],"texture":"#particle"},"west":{"uv":[1,4.5,1.25,4.75],"texture":"#particle"},"up":{"uv":[1,4.5,0.75,4.25],"texture":"#particle"},"down":{"uv":[1,4.75,0.75,5],"texture":"#particle"}}},{"rotation":{"origin":[12,7.29289,3.5],"angle":-45,"axis":"z"},"from":[11.5,6.79289,3.00313],"to":[12.90625,7.79289,4.00313],"faces":{"east":{"uv":[1.25,4.5,1,4.75],"texture":"#particle"},"south":{"uv":[1.5,4.5,1.25,4.75],"texture":"#particle"},"north":{"uv":[1,4.5,0.75,4.75],"texture":"#particle"},"west":{"uv":[0.75,4.5,0.5,4.75],"texture":"#particle"},"up":{"uv":[0.75,4.5,1,4.25],"texture":"#particle"},"down":{"uv":[0.75,4.75,1,5],"texture":"#particle"}}},{"rotation":{"origin":[12,7.29289,12.5],"angle":-45,"axis":"z"},"from":[11.5,6.79289,11.99688],"to":[12.90625,7.79289,12.99688],"faces":{"east":{"uv":[1.25,4.5,1,4.75],"texture":"#particle"},"south":{"uv":[1.5,4.5,1.25,4.75],"texture":"#particle"},"north":{"uv":[1,4.5,0.75,4.75],"texture":"#particle"},"west":{"uv":[0.75,4.5,0.5,4.75],"texture":"#particle"},"up":{"uv":[0.75,4.5,1,4.25],"texture":"#particle"},"down":{"uv":[0.75,4.75,1,5],"texture":"#particle"}}}],"display":{"head":{"translation":[0,6.4,0],"scale":[1.6,1.6,1.6]},"firstperson_righthand":{"rotation":[0,45,0],"translation":[1.5,2.5,0.5],"scale":[0.4,0.4,0.4]},"thirdperson_lefthand":{"rotation":[75,45,0],"translation":[0,2.5,-0.25],"scale":[0.55,0.55,0.55]},"firstperson_lefthand":{"rotation":[0,45,0],"translation":[1.5,2.5,0.5],"scale":[0.4,0.4,0.4]},"thirdperson_righthand":{"rotation":[75,45,0],"translation":[0,2.5,-0.25],"scale":[0.55,0.55,0.55]},"gui":{"rotation":[30,225,0],"translation":[0,0.5,0],"scale":[0.8,0.8,0.8]},"fixed":{"translation":[0,-1,0]}}}