{"textures":{"particle":"mineclub/hats/gfx_police_hat"},"elements":[{"rotation":{"origin":[8.00094,8.75541,8.51427],"angle":0,"axis":"x"},"from":[3.00719,6.75541,0.32677],"to":[12.99469,7.75541,6.32677],"faces":{"east":{"uv":[6,15,6.5,12],"texture":"#particle","rotation":90},"north":{"uv":[8,14.5,13,15],"texture":"#particle"},"west":{"uv":[6,12,6.5,15],"texture":"#particle","rotation":90},"up":{"uv":[6,15,1,12],"texture":"#particle"},"down":{"uv":[6,12,1,15],"texture":"#particle"}}},{"rotation":{"origin":[8,8,7.9625],"angle":22.5,"axis":"x"},"from":[3,6,3.775],"to":[13,9,13.775],"faces":{"east":{"uv":[8,12,13,13.5],"texture":"#particle"},"south":{"uv":[9,1,14,2.5],"texture":"#particle"},"north":{"uv":[1,9,6,10.5],"texture":"#particle"},"west":{"uv":[6,9,11,10.5],"texture":"#particle"},"down":{"uv":[9,2.5,14,7.5],"texture":"#particle"}}},{"rotation":{"origin":[8,8,7.9625],"angle":22.5,"axis":"x"},"from":[2,9,2.775],"to":[14,10,14.775],"faces":{"east":{"uv":[0.5,1,1,7],"texture":"#particle","rotation":270},"south":{"uv":[7,0.5,1,1],"texture":"#particle"},"north":{"uv":[1,7,7,7.5],"texture":"#particle"},"west":{"uv":[7,1,7.5,7],"texture":"#particle","rotation":90},"up":{"uv":[7,7,1,1],"texture":"#particle"},"down":{"uv":[7,1,1,7],"texture":"#particle"}}}],"display":{"head":{"translation":[0,6.9,-0.25],"scale":[1.6,1.6,1.6]},"firstperson_righthand":{"rotation":[0,45,0],"translation":[1,2,0.5],"scale":[0.4,0.4,0.4]},"thirdperson_lefthand":{"rotation":[75,45,0],"translation":[0,2.5,-0.25],"scale":[0.55,0.55,0.55]},"firstperson_lefthand":{"rotation":[0,45,0],"translation":[1,2,0.5],"scale":[0.4,0.4,0.4]},"thirdperson_righthand":{"rotation":[75,45,0],"translation":[0,2.5,-0.25],"scale":[0.55,0.55,0.55]},"ground":{"translation":[0,1,0],"scale":[0.8,0.8,0.8]},"gui":{"rotation":[30,225,0],"translation":[0,-0.5,0],"scale":[0.6,0.6,0.6]}}}