{"textures":{"1":"mineclub/hats/gfx_rainbow_headband"},"elements":[{"rotation":{"origin":[7.5,6,3.5],"angle":0,"axis":"y"},"from":[3,4.5,3],"to":[12,6.5,4],"faces":{"south":{"uv":[1.33333,7.33333,7.33333,8.66667],"texture":"#1","rotation":180},"north":{"uv":[1.33333,7.33333,7.33333,8.66667],"texture":"#1"},"west":{"uv":[7.33333,7.33333,7.93333,8.63333],"texture":"#1"},"up":{"uv":[1.33333,8,7.33333,8.66667],"texture":"#1","rotation":180},"down":{"uv":[1.33333,7.33333,7.33333,8],"texture":"#1","rotation":180}}},{"rotation":{"origin":[12.5,6,7.5],"angle":0,"axis":"y"},"from":[12,4.5,3],"to":[13,6.5,12],"faces":{"east":{"uv":[8,7.33333,14,8.66667],"texture":"#1"},"north":{"uv":[8.66667,7.33333,9.26667,8.63333],"texture":"#1"},"west":{"uv":[8,7.33333,14,8.66667],"texture":"#1","rotation":180},"up":{"uv":[8,8,14,8.66667],"texture":"#1","rotation":270},"down":{"uv":[8,7.33333,14,7.93333],"texture":"#1","rotation":90}}},{"rotation":{"origin":[8.5,6,12.5],"angle":0,"axis":"y"},"from":[4,4.5,12],"to":[13,6.5,13],"faces":{"east":{"uv":[7.33333,7.33333,7.93333,8.63333],"texture":"#1"},"south":{"uv":[1.33333,7.33333,7.33333,8.66667],"texture":"#1"},"north":{"uv":[1.33333,7.33333,7.33333,8.66667],"texture":"#1","rotation":180},"up":{"uv":[1.33333,8,7.33333,8.66667],"texture":"#1"},"down":{"uv":[1.33333,7.33333,7.33333,7.93333],"texture":"#1"}}},{"rotation":{"origin":[3.5,6,8.5],"angle":0,"axis":"y"},"from":[3,4.5,4],"to":[4,6.5,13],"faces":{"east":{"uv":[8,7.33333,14,8.63333],"texture":"#1","rotation":180},"south":{"uv":[8.66667,7.33333,9.26667,8.63333],"texture":"#1"},"west":{"uv":[8,7.33333,14,8.66667],"texture":"#1"},"up":{"uv":[8,8.66667,14,9.33333],"texture":"#1","rotation":90},"down":{"uv":[8,7.33333,14,8],"texture":"#1","rotation":270}}}],"display":{"head":{"translation":[0,6.5,0],"scale":[1.6,1.6,1.6]},"firstperson_righthand":{"rotation":[0,45,0],"translation":[1,3,0.5],"scale":[0.4,0.4,0.4]},"thirdperson_lefthand":{"rotation":[75,45,0],"translation":[0,2.5,-0.25],"scale":[0.55,0.55,0.55]},"firstperson_lefthand":{"rotation":[0,45,0],"translation":[1,3,0.5],"scale":[0.4,0.4,0.4]},"thirdperson_righthand":{"rotation":[75,45,0],"translation":[0,2.5,-0.25],"scale":[0.55,0.55,0.55]},"ground":{"translation":[0,1,0]},"gui":{"rotation":[30,225,0],"translation":[0,1,0],"scale":[0.8,0.8,0.8]},"fixed":{"translation":[0,2,0]}}}