{"textures":{"particle":"mineclub/hats/gfx_samurai_helmet"},"elements":[{"rotation":{"origin":[11,15,11],"angle":0,"axis":"y"},"from":[3,5,3],"to":[13,10,13],"faces":{"east":{"uv":[3.66667,9.33333,0.33333,11],"texture":"#particle"},"south":{"uv":[0.33333,11.66667,3.66667,13.33333],"texture":"#particle"},"north":{"uv":[0.33333,3.66667,3.66667,5.33333],"texture":"#particle"},"west":{"uv":[0.33333,9.33333,3.66667,11],"texture":"#particle"},"up":{"uv":[3.66667,3.66667,0.33333,0.33333],"texture":"#particle"},"down":{"uv":[3.66667,8.66667,0.33333,5.33333],"texture":"#particle"}}},{"rotation":{"origin":[11,15,10],"angle":0,"axis":"y"},"from":[7,6,1],"to":[9,9,3],"faces":{"east":{"uv":[6.66667,9.66667,7.33333,10.66667],"texture":"#particle"},"north":{"uv":[7.33333,9.66667,8,10.66667],"texture":"#particle"},"west":{"uv":[8,9.66667,8.66667,10.66667],"texture":"#particle"},"up":{"uv":[8,9.66667,7.33333,9],"texture":"#particle"},"down":{"uv":[8,11.33333,7.33333,10.66667],"texture":"#particle"}}},{"rotation":{"origin":[9,17,10],"angle":0,"axis":"y"},"from":[5,7,2],"to":[7,13,3],"faces":{"east":{"uv":[13,0.66667,13.33333,2.66667],"texture":"#particle"},"south":{"uv":[14.33333,0.66667,15,2.66667],"texture":"#particle"},"north":{"uv":[13.33333,0.66667,14,2.66667],"texture":"#particle"},"west":{"uv":[14,0.66667,14.33333,2.66667],"texture":"#particle"},"up":{"uv":[14,0.66667,13.33333,0.33333],"texture":"#particle"}}},{"rotation":{"origin":[7,17,10],"angle":0,"axis":"y"},"from":[9,7,2],"to":[11,13,3],"faces":{"east":{"uv":[14.33333,0.66667,14,2.66667],"texture":"#particle"},"south":{"uv":[15,0.66667,14.33333,2.66667],"texture":"#particle"},"north":{"uv":[14,0.66667,13.33333,2.66667],"texture":"#particle"},"west":{"uv":[13.33333,0.66667,13,2.66667],"texture":"#particle"},"up":{"uv":[13.33333,0.66667,14,0.33333],"texture":"#particle"}}},{"rotation":{"origin":[9,18,10],"angle":0,"axis":"y"},"from":[4,12,2],"to":[5,13,3],"faces":{"south":{"uv":[13.66667,3.66667,14,4],"texture":"#particle"},"north":{"uv":[13,3.66667,13.33333,4],"texture":"#particle"},"west":{"uv":[13.33333,3.66667,13.66667,4],"texture":"#particle"},"up":{"uv":[13.33333,3.66667,13,3.33333],"texture":"#particle"},"down":{"uv":[13.33333,4.33333,13,4],"texture":"#particle"}}},{"rotation":{"origin":[7,18,10],"angle":0,"axis":"y"},"from":[11,12,2],"to":[12,13,3],"faces":{"east":{"uv":[13.66667,3.66667,13.33333,4],"texture":"#particle"},"south":{"uv":[14,3.66667,13.66667,4],"texture":"#particle"},"north":{"uv":[13.33333,3.66667,13,4],"texture":"#particle"},"up":{"uv":[13,3.66667,13.33333,3.33333],"texture":"#particle"},"down":{"uv":[13,4.33333,13.33333,4],"texture":"#particle"}}},{"rotation":{"origin":[11,16,11],"angle":0,"axis":"y"},"from":[4,10,4],"to":[12,11,12],"faces":{"east":{"uv":[11.66667,6.66667,9,7],"texture":"#particle"},"south":{"uv":[9,7.66667,11.66667,8],"texture":"#particle"},"north":{"uv":[9,5.66667,11.66667,6],"texture":"#particle"},"west":{"uv":[9,6.66667,11.66667,7],"texture":"#particle"},"up":{"uv":[8.33333,8.33333,5.66667,5.66667],"texture":"#particle"}}},{"rotation":{"origin":[8,3.30762,13.03283],"angle":-22.5,"axis":"x"},"from":[3,0.80762,12.03283],"to":[13,5.80762,14.03283],"faces":{"east":{"uv":[4.33333,2.66667,5,4.33333],"texture":"#particle"},"south":{"uv":[9,2.66667,12.33333,4.33333],"texture":"#particle"},"north":{"uv":[5,2.66667,8.33333,4.33333],"texture":"#particle"},"west":{"uv":[8.33333,2.66667,9,4.33333],"texture":"#particle"},"down":{"uv":[8.33333,5,5,4.33333],"texture":"#particle"}}},{"rotation":{"origin":[2.96717,3.30762,8],"angle":-22.5,"axis":"z"},"from":[1.96717,0.80762,3],"to":[3.96717,5.80762,13],"faces":{"east":{"uv":[4.33333,0.33333,7.66667,2],"texture":"#particle"},"south":{"uv":[11.66667,0.33333,12.33333,2],"texture":"#particle"},"north":{"uv":[7.66667,0.33333,8.33333,2],"texture":"#particle"},"west":{"uv":[8.33333,0.33333,11.66667,2],"texture":"#particle"},"down":{"uv":[5,9,4.33333,5.66667],"texture":"#particle"}}},{"rotation":{"origin":[13.03283,3.30762,8],"angle":22.5,"axis":"z"},"from":[12.03283,0.80762,3],"to":[14.03283,5.80762,13],"faces":{"east":{"uv":[11.66667,0.33333,8.33333,2],"texture":"#particle"},"south":{"uv":[12.33333,0.33333,11.66667,2],"texture":"#particle"},"north":{"uv":[8.33333,0.33333,7.66667,2],"texture":"#particle"},"west":{"uv":[7.66667,0.33333,4.33333,2],"texture":"#particle"},"down":{"uv":[4.33333,9,5,5.66667],"texture":"#particle"}}},{"rotation":{"origin":[2.96717,3.30762,9],"angle":-22.5,"axis":"z"},"from":[-0.03283,3.80762,4],"to":[1.96717,6.80762,5],"faces":{"south":{"uv":[5.33333,10,6,11],"texture":"#particle"},"north":{"uv":[4.33333,10,5,11],"texture":"#particle"},"west":{"uv":[5,10,5.33333,11],"texture":"#particle"},"up":{"uv":[5,10,4.33333,9.66667],"texture":"#particle"},"down":{"uv":[5,11.33333,4.33333,11],"texture":"#particle"}}},{"rotation":{"origin":[13.03283,3.30762,9],"angle":22.5,"axis":"z"},"from":[14.03283,3.80762,4],"to":[16.03283,6.80762,5],"faces":{"east":{"uv":[5.33333,10,5,11],"texture":"#particle"},"south":{"uv":[6,10,5.33333,11],"texture":"#particle"},"north":{"uv":[5,10,4.33333,11],"texture":"#particle"},"up":{"uv":[4.33333,10,5,9.66667],"texture":"#particle"},"down":{"uv":[4.33333,11.33333,5,11],"texture":"#particle"}}},{"rotation":{"origin":[11,15,10],"angle":0,"axis":"y"},"from":[3,5,2],"to":[13,7,3],"faces":{"east":{"uv":[4,14.33333,3.66667,15],"texture":"#particle"},"north":{"uv":[0.33333,14.33333,3.66667,15],"texture":"#particle"},"west":{"uv":[3.66667,14.33333,4,15],"texture":"#particle"},"up":{"uv":[3.66667,14.33333,0.33333,14],"texture":"#particle"},"down":{"uv":[3.66667,15.33333,0.33333,15],"texture":"#particle"}}}],"display":{"head":{"translation":[0,6.4,0],"scale":[1.6,1.6,1.6]},"firstperson_righthand":{"rotation":[0,45,0],"translation":[1,3,0.5],"scale":[0.4,0.4,0.4]},"thirdperson_lefthand":{"rotation":[75,45,0],"translation":[0,2.5,-0.25],"scale":[0.55,0.55,0.55]},"firstperson_lefthand":{"rotation":[0,45,0],"translation":[1,3,0.5],"scale":[0.4,0.4,0.4]},"thirdperson_righthand":{"rotation":[75,45,0],"translation":[0,2.5,-0.25],"scale":[0.55,0.55,0.55]},"ground":{"translation":[0,4,0]},"gui":{"rotation":[30,225,0],"translation":[0,1.5,0],"scale":[0.8,0.8,0.8]},"fixed":{"translation":[0,1,0]}}}