{"textures":{"particle":"mineclub/hats/santa_hat"},"elements":[{"from":[3.25,8,3.25],"to":[12.75,9.25,12.75],"faces":{"east":{"uv":[11,3,15.5,3.5],"texture":"#particle"},"south":{"uv":[11,3,15.5,3.5],"texture":"#particle"},"north":{"uv":[11,3,15.5,3.5],"texture":"#particle"},"west":{"uv":[11,3,15.5,3.5],"texture":"#particle"},"up":{"uv":[5,11,0.5,6.5],"texture":"#particle"}}},{"from":[2.75,5,2.75],"to":[13.25,8,13.25],"faces":{"east":{"uv":[10.5,0.5,15.5,2],"texture":"#particle"},"south":{"uv":[10.5,0.5,15.5,2],"texture":"#particle"},"north":{"uv":[10.5,0.5,15.5,2],"texture":"#particle"},"west":{"uv":[10.5,0.5,15.5,2],"texture":"#particle"},"up":{"uv":[5.5,5.5,0.5,0.5],"texture":"#particle"},"down":{"uv":[11,8.5,6,13.5],"texture":"#particle"}}},{"rotation":{"origin":[8,9,8],"angle":22.5,"axis":"z"},"from":[4.5,7.53125,4.5],"to":[11.5,11.53125,11.5],"faces":{"east":{"uv":[12,4.5,15.5,6.5],"texture":"#particle"},"south":{"uv":[12,4.5,15.5,6.5],"texture":"#particle"},"north":{"uv":[12,4.5,15.5,6.5],"texture":"#particle"},"west":{"uv":[12,4.5,15.5,6.5],"texture":"#particle"},"up":{"uv":[10,7.5,6.5,4],"texture":"#particle"}}},{"rotation":{"origin":[7.03133,11.33857,8],"angle":45,"axis":"z"},"from":[4.53133,10.27607,5.5],"to":[9.53133,14.27607,10.5],"faces":{"east":{"uv":[13,7.5,15.5,9.5],"texture":"#particle"},"south":{"uv":[13,7.5,15.5,9.5],"texture":"#particle"},"north":{"uv":[13,7.5,15.5,9.5],"texture":"#particle"},"west":{"uv":[13,7.5,15.5,9.5],"texture":"#particle"},"up":{"uv":[9,3,6.5,0.5],"texture":"#particle"}}},{"rotation":{"origin":[4.95421,13.4157,8],"angle":-22.5,"axis":"z"},"from":[2.57921,11.9157,6.5],"to":[5.57921,14.9157,9.5],"faces":{"south":{"uv":[14,10.5,15.5,12],"texture":"#particle","rotation":180},"north":{"uv":[14,10.5,15.5,12],"texture":"#particle"},"west":{"uv":[14,13,15.5,14.5],"texture":"#particle"},"up":{"uv":[14,10.5,15.5,12],"texture":"#particle","rotation":180},"down":{"uv":[14,10.5,15.5,12],"texture":"#particle","rotation":180}}},{"rotation":{"origin":[3.75999,14.32457,8],"angle":0,"axis":"x"},"from":[1.97874,13.82457,7.5],"to":[2.97874,14.82457,8.5],"faces":{"south":{"uv":[12.5,10.5,13,11],"texture":"#particle"},"north":{"uv":[12.5,10.5,13,11],"texture":"#particle"},"up":{"uv":[12.5,10.5,13,11],"texture":"#particle"},"down":{"uv":[12.5,10.5,13,11],"texture":"#particle"}}},{"rotation":{"origin":[4.01784,15.128,8],"angle":22.5,"axis":"z"},"from":[0.01784,14.128,7],"to":[2.01784,16.128,9],"faces":{"east":{"uv":[0.5,14,1.5,15],"texture":"#particle"},"south":{"uv":[3.5,14,4.5,15],"texture":"#particle"},"north":{"uv":[1.5,14,2.5,15],"texture":"#particle"},"west":{"uv":[2.5,14,3.5,15],"texture":"#particle"},"up":{"uv":[1.5,13,0.5,12],"texture":"#particle"},"down":{"uv":[3.5,12,2.5,13],"texture":"#particle"}}}],"display":{"head":{"rotation":[0,0,11.2],"translation":[-0.9,6,0],"scale":[1.6,1.6,1.6]},"firstperson_righthand":{"rotation":[0,135,0],"translation":[1,2,0.5],"scale":[0.4,0.4,0.4]},"thirdperson_lefthand":{"rotation":[75,45,0],"translation":[0,2.5,-0.25],"scale":[0.55,0.55,0.55]},"firstperson_lefthand":{"rotation":[0,-45,0],"translation":[1,2,0.5],"scale":[0.4,0.4,0.4]},"thirdperson_righthand":{"rotation":[75,45,0],"translation":[0,2.5,-0.25],"scale":[0.55,0.55,0.55]},"gui":{"rotation":[30,225,0],"translation":[0,-1.5,0],"scale":[0.8,0.8,0.8]},"fixed":{"translation":[0,-1,0]}}}