{"textures":{"particle":"mineclub/hats/gfx_science_goggles"},"elements":[{"rotation":{"origin":[12,13,11],"angle":0,"axis":"y"},"from":[4,5,2],"to":[12,6,4],"faces":{"south":{"uv":[6,4.66667,0.66667,4],"texture":"#particle"},"north":{"uv":[0.66667,2,6,2.66667],"texture":"#particle"},"up":{"uv":[6,2,0.66667,0.66667],"texture":"#particle"},"down":{"uv":[6,4,0.66667,2.66667],"texture":"#particle"}}},{"rotation":{"origin":[11,10,11],"angle":0,"axis":"y"},"from":[4,2,2],"to":[7,3,4],"faces":{"east":{"uv":[7.33333,10,8.66667,10.66667],"texture":"#particle"},"south":{"uv":[10.66667,12.66667,8.66667,12],"texture":"#particle"},"north":{"uv":[8.66667,10,10.66667,10.66667],"texture":"#particle"},"up":{"uv":[10.66667,10,8.66667,8.66667],"texture":"#particle"},"down":{"uv":[10.66667,12,8.66667,10.66667],"texture":"#particle"}}},{"rotation":{"origin":[5,10,11],"angle":0,"axis":"y"},"from":[9,2,2],"to":[12,3,4],"faces":{"south":{"uv":[8.66667,12.66667,10.66667,12],"texture":"#particle"},"north":{"uv":[10.66667,10,8.66667,10.66667],"texture":"#particle"},"west":{"uv":[8.66667,10,7.33333,10.66667],"texture":"#particle"},"up":{"uv":[8.66667,10,10.66667,8.66667],"texture":"#particle"},"down":{"uv":[8.66667,12,10.66667,10.66667],"texture":"#particle"}}},{"rotation":{"origin":[12,12,11],"angle":0,"axis":"y"},"from":[3,2,2],"to":[4,6,5],"faces":{"east":{"uv":[7.33333,0.66667,9.33333,3.33333],"texture":"#particle"},"south":{"uv":[12,0.66667,12.66667,3.33333],"texture":"#particle"},"north":{"uv":[9.33333,0.66667,10,3.33333],"texture":"#particle"},"west":{"uv":[10,0.66667,12,3.33333],"texture":"#particle"},"up":{"uv":[14.66667,2.66667,14,0.66667],"texture":"#particle"},"down":{"uv":[14.66667,6,14,4],"texture":"#particle"}}},{"rotation":{"origin":[4,12,11],"angle":0,"axis":"y"},"from":[12,2,2],"to":[13,6,5],"faces":{"east":{"uv":[12,0.66667,10,3.33333],"texture":"#particle"},"south":{"uv":[12.66667,0.66667,12,3.33333],"texture":"#particle"},"north":{"uv":[10,0.66667,9.33333,3.33333],"texture":"#particle"},"west":{"uv":[9.33333,0.66667,7.33333,3.33333],"texture":"#particle"},"up":{"uv":[14,2.66667,14.66667,0.66667],"texture":"#particle"},"down":{"uv":[14,6,14.66667,4],"texture":"#particle"}}},{"rotation":{"origin":[12,12,12],"angle":0,"axis":"y"},"from":[3,3,5],"to":[4,6,6],"faces":{"east":{"uv":[13.33333,9.33333,14,11.33333],"texture":"#particle"},"south":{"uv":[12.66667,9.33333,13.33333,11.33333],"texture":"#particle"},"west":{"uv":[12,9.33333,12.66667,11.33333],"texture":"#particle"},"up":{"uv":[13.33333,9.33333,12.66667,8.66667],"texture":"#particle"},"down":{"uv":[13.33333,12,12.66667,11.33333],"texture":"#particle"}}},{"rotation":{"origin":[4,12,12],"angle":0,"axis":"y"},"from":[12,3,5],"to":[13,6,6],"faces":{"east":{"uv":[12.66667,9.33333,12,11.33333],"texture":"#particle"},"south":{"uv":[13.33333,9.33333,12.66667,11.33333],"texture":"#particle"},"west":{"uv":[14,9.33333,13.33333,11.33333],"texture":"#particle"},"up":{"uv":[12.66667,9.33333,13.33333,8.66667],"texture":"#particle"},"down":{"uv":[12.66667,12,13.33333,11.33333],"texture":"#particle"}}},{"rotation":{"origin":[13,12,14],"angle":0,"axis":"y"},"from":[4,4,12],"to":[12,5,13],"faces":{"south":{"uv":[6,8.66667,0.66667,8],"texture":"#particle"},"north":{"uv":[0.66667,6.66667,6,7.33333],"texture":"#particle"},"up":{"uv":[6,6.66667,0.66667,6],"texture":"#particle"},"down":{"uv":[6,8,0.66667,7.33333],"texture":"#particle"}}},{"rotation":{"origin":[3.5,4.5,9.5],"angle":0,"axis":"y"},"from":[3,4,6],"to":[4,5,13],"faces":{"east":{"uv":[5.33333,12.66667,0.66667,12],"texture":"#particle"},"south":{"uv":[5.33333,10.66667,6,11.33333],"texture":"#particle"},"west":{"uv":[0.66667,10.66667,5.33333,11.33333],"texture":"#particle"},"up":{"uv":[5.33333,10.66667,0.66667,10],"texture":"#particle","rotation":270},"down":{"uv":[5.33333,12,0.66667,11.33333],"texture":"#particle","rotation":90}}},{"rotation":{"origin":[12.5,4.5,9.5],"angle":0,"axis":"y"},"from":[12,4,6],"to":[13,5,13],"faces":{"east":{"uv":[5.33333,10.66667,0.66667,11.33333],"texture":"#particle"},"south":{"uv":[6,10.66667,5.33333,11.33333],"texture":"#particle"},"west":{"uv":[0.66667,12.66667,5.33333,12],"texture":"#particle"},"up":{"uv":[5.33333,10,0.66667,10.66667],"texture":"#particle","rotation":270},"down":{"uv":[5.33333,11.33333,0.66667,12],"texture":"#particle","rotation":90}}},{"rotation":{"origin":[17,12,11],"angle":0,"axis":"y"},"from":[7,3,2],"to":[9,5,4],"faces":{"east":{"uv":[7.33333,4.66667,8.66667,6],"texture":"#particle"},"south":{"uv":[11.33333,4.66667,12.66667,6],"texture":"#particle"},"north":{"uv":[8.66667,4.66667,10,6],"texture":"#particle"},"west":{"uv":[10,4.66667,11.33333,6],"texture":"#particle"},"down":{"uv":[10,7.33333,8.66667,6],"texture":"#particle"}}},{"rotation":{"origin":[20,12,10.5],"angle":0,"axis":"y"},"from":[4,3,2.5],"to":[12,5,2.51],"faces":{"south":{"uv":[6,14,0.66667,15.33333],"texture":"#particle"},"north":{"uv":[0.66667,14,6,15.33333],"texture":"#particle"}}}],"display":{"head":{"translation":[0,5.4,0],"scale":[1.6,1.6,1.6]},"firstperson_righthand":{"rotation":[0,45,0],"translation":[1,3.5,0.5],"scale":[0.4,0.4,0.4]},"thirdperson_lefthand":{"rotation":[75,45,0],"translation":[0,2.5,1],"scale":[0.55,0.55,0.55]},"firstperson_lefthand":{"rotation":[0,45,0],"translation":[1,3.5,0.5],"scale":[0.4,0.4,0.4]},"thirdperson_righthand":{"rotation":[75,45,0],"translation":[0,2.5,1],"scale":[0.55,0.55,0.55]},"ground":{"translation":[0,3,0]},"gui":{"rotation":[30,225,0],"translation":[-0.5,3,0],"scale":[0.8,0.8,0.8]},"fixed":{"translation":[0,5,0]}}}