{"textures":{"particle":"mineclub/hats/scuba2"},"elements":[{"from":[3,5,3],"to":[13,6,4],"faces":{"east":{"uv":[8.5,1,9,1.5],"texture":"#particle"},"south":{"uv":[0,2.5,5,3],"texture":"#particle"},"north":{"uv":[0,2,5,2.5],"texture":"#particle"},"west":{"uv":[8.5,4,9,4.5],"texture":"#particle"},"up":{"uv":[5,3.5,0,3],"texture":"#particle"},"down":{"uv":[5,3.5,0,4],"texture":"#particle"}}},{"rotation":{"origin":[8,8,7.75],"angle":0,"axis":"y"},"from":[5,6,3.25],"to":[11,7,3.5],"faces":{"east":{"uv":[4,9,4.5,9.5],"texture":"#particle"},"south":{"uv":[5,2.5,8,3],"texture":"#particle"},"north":{"uv":[5,2,8,2.5],"texture":"#particle"},"west":{"uv":[4.5,9,5,9.5],"texture":"#particle"},"up":{"uv":[8,3.5,5,3],"texture":"#particle"},"down":{"uv":[8,3.5,5,4],"texture":"#particle"}}},{"from":[3,2,3],"to":[7,3,4],"faces":{"east":{"uv":[5,9,5.5,9.5],"texture":"#particle"},"south":{"uv":[4,6,6,6.5],"texture":"#particle"},"north":{"uv":[4,5.5,6,6],"texture":"#particle"},"west":{"uv":[5.5,9,6,9.5],"texture":"#particle"},"up":{"uv":[8,6.5,6,6],"texture":"#particle"},"down":{"uv":[8,5.5,6,6],"texture":"#particle"}}},{"rotation":{"origin":[9,9,8.25],"angle":0,"axis":"y"},"from":[4,3,3.25],"to":[12,5,3.25],"faces":{"east":{"uv":[0,0,0,1],"texture":"#particle"},"south":{"uv":[0,1,4,2],"texture":"#particle"},"north":{"uv":[0,0,4,1],"texture":"#particle"},"west":{"uv":[0,0,0,1],"texture":"#particle"},"up":{"uv":[4,0,0,0],"texture":"#particle"},"down":{"uv":[4,0,0,0],"texture":"#particle"}}},{"from":[7,3,3],"to":[9,4,4],"faces":{"east":{"uv":[6,9,6.5,9.5],"texture":"#particle"},"south":{"uv":[6,8.5,7,9],"texture":"#particle"},"north":{"uv":[5,8.5,6,9],"texture":"#particle"},"west":{"uv":[6.5,9,7,9.5],"texture":"#particle"},"up":{"uv":[9.5,0.5,8.5,0],"texture":"#particle"},"down":{"uv":[9.5,0.5,8.5,1],"texture":"#particle"}}},{"rotation":{"origin":[8,6,7],"angle":0,"axis":"y"},"from":[7,1,2],"to":[9,3,4],"faces":{"east":{"uv":[5,6.5,6,7.5],"texture":"#particle"},"south":{"uv":[6,6.5,7,7.5],"texture":"#particle"},"north":{"uv":[4,6.5,5,7.5],"texture":"#particle"},"west":{"uv":[7,7,8,8],"texture":"#particle"},"up":{"uv":[5,8.5,4,7.5],"texture":"#particle"},"down":{"uv":[6,7.5,5,8.5],"texture":"#particle"}}},{"rotation":{"origin":[8.5,5.5,12.25],"angle":22.5,"axis":"x"},"from":[1.5,-2.5,5.25],"to":[2.5,5.5,6.25],"faces":{"east":{"uv":[2.5,4.5,3,8.5],"texture":"#particle"},"south":{"uv":[3,4.5,3.5,8.5],"texture":"#particle"},"north":{"uv":[2,4.5,2.5,8.5],"texture":"#particle"},"west":{"uv":[3.5,4.5,4,8.5],"texture":"#particle"},"up":{"uv":[7.5,9.5,7,9],"texture":"#particle"},"down":{"uv":[8,9,7.5,9.5],"texture":"#particle"}}},{"rotation":{"origin":[8.5,5.5,12.25],"angle":22.5,"axis":"x"},"from":[1.25,5.5,5],"to":[2.75,7.5,6.5],"faces":{"east":{"uv":[7,8,8,9],"texture":"#particle"},"south":{"uv":[8,8,9,9],"texture":"#particle"},"north":{"uv":[6,7.5,7,8.5],"texture":"#particle"},"west":{"uv":[8,1.5,9,2.5],"texture":"#particle"},"up":{"uv":[9,3.5,8,2.5],"texture":"#particle"},"down":{"uv":[9,4.5,8,5.5],"texture":"#particle"}}},{"rotation":{"origin":[8.5,5.5,12.25],"angle":22.5,"axis":"x"},"from":[2.5,-2.5,5.25],"to":[5.5,-1.5,6.25],"faces":{"east":{"uv":[8,9,8.5,9.5],"texture":"#particle"},"south":{"uv":[8,7.5,9.5,8],"texture":"#particle"},"north":{"uv":[8,7,9.5,7.5],"texture":"#particle"},"west":{"uv":[8.5,9,9,9.5],"texture":"#particle"},"up":{"uv":[3.5,9,2,8.5],"texture":"#particle"},"down":{"uv":[5,8.5,3.5,9],"texture":"#particle"}}},{"from":[3,3,3],"to":[4,5,4],"faces":{"east":{"uv":[0.5,9,1,10],"texture":"#particle"},"south":{"uv":[1,9,1.5,10],"texture":"#particle"},"north":{"uv":[0,9,0.5,10],"texture":"#particle"},"west":{"uv":[1.5,9,2,10],"texture":"#particle"},"up":{"uv":[9.5,9.5,9,9],"texture":"#particle"},"down":{"uv":[9.5,1,9,1.5],"texture":"#particle"}}},{"rotation":{"origin":[8,9,9],"angle":0,"axis":"y"},"from":[3,4,4],"to":[4,5,13],"faces":{"east":{"uv":[0,4,4.5,4.5],"texture":"#particle"},"south":{"uv":[9,2,9.5,2.5],"texture":"#particle"},"north":{"uv":[9,1.5,9.5,2],"texture":"#particle"},"west":{"uv":[4,0,8.5,0.5],"texture":"#particle"},"up":{"uv":[0.5,9,0,4.5],"texture":"#particle"},"down":{"uv":[1,4.5,0.5,9],"texture":"#particle"}}},{"rotation":{"origin":[9,9,17],"angle":0,"axis":"y"},"from":[4,4,12],"to":[12,5,13],"faces":{"east":{"uv":[9,2.5,9.5,3],"texture":"#particle"},"south":{"uv":[4,4.5,8,5],"texture":"#particle"},"north":{"uv":[4,1.5,8,2],"texture":"#particle"},"west":{"uv":[9,3,9.5,3.5],"texture":"#particle"},"up":{"uv":[8.5,4.5,4.5,4],"texture":"#particle"},"down":{"uv":[8,5,4,5.5],"texture":"#particle"}}},{"rotation":{"origin":[17,9,9],"angle":0,"axis":"y"},"from":[12,4,4],"to":[13,5,13],"faces":{"east":{"uv":[4,0.5,8.5,1],"texture":"#particle"},"south":{"uv":[9,4.5,9.5,5],"texture":"#particle"},"north":{"uv":[9,4,9.5,4.5],"texture":"#particle"},"west":{"uv":[4,1,8.5,1.5],"texture":"#particle"},"up":{"uv":[1.5,9,1,4.5],"texture":"#particle"},"down":{"uv":[2,4.5,1.5,9],"texture":"#particle"}}},{"from":[12,3,3],"to":[13,5,4],"faces":{"east":{"uv":[2.5,9,3,10],"texture":"#particle"},"south":{"uv":[3,9,3.5,10],"texture":"#particle"},"north":{"uv":[2,9,2.5,10],"texture":"#particle"},"west":{"uv":[3.5,9,4,10],"texture":"#particle"},"up":{"uv":[9.5,5.5,9,5],"texture":"#particle"},"down":{"uv":[9.5,6.5,9,7],"texture":"#particle"}}},{"from":[9,2,3],"to":[13,3,4],"faces":{"east":{"uv":[9,8,9.5,8.5],"texture":"#particle"},"south":{"uv":[8,3.5,10,4],"texture":"#particle"},"north":{"uv":[7,6.5,9,7],"texture":"#particle"},"west":{"uv":[9,8.5,9.5,9],"texture":"#particle"},"up":{"uv":[10,6,8,5.5],"texture":"#particle"},"down":{"uv":[10,6,8,6.5],"texture":"#particle"}}}],"display":{"head":{"translation":[0,6,0],"scale":[1.6,1.6,1.6]},"firstperson_righthand":{"rotation":[0,45,0],"translation":[1.5,3,1.25],"scale":[0.4,0.4,0.4]},"thirdperson_lefthand":{"rotation":[75,45,0],"translation":[0,2.5,-0.25],"scale":[0.55,0.55,0.55]},"firstperson_lefthand":{"rotation":[0,45,0],"translation":[1.5,3,1.25],"scale":[0.4,0.4,0.4]},"thirdperson_righthand":{"rotation":[75,45,0],"translation":[0,1,0.75],"scale":[0.55,0.55,0.55]},"ground":{"translation":[0,4.25,0]},"gui":{"rotation":[30,225,0],"translation":[-0.25,2,0],"scale":[0.8,0.8,0.8]},"fixed":{"rotation":[-68.7,0,0],"translation":[0,4.25,-9.25],"scale":[2,2,2]}}}