{"textures":{"particle":"mineclub/hats/seuss"},"elements":[{"rotation":{"origin":[8,17,8],"angle":0,"axis":"y"},"from":[3.99,8.99,3.99],"to":[12.01,15.01,12.01],"faces":{"east":{"uv":[4.5,1.5,6.5,3],"texture":"#particle"},"south":{"uv":[4.5,3,6.5,4.5],"texture":"#particle"},"north":{"uv":[4.5,0,6.5,1.5],"texture":"#particle"},"west":{"uv":[0,5,2,6.5],"texture":"#particle"},"up":{"uv":[4.5,4.5,2.5,2.5],"texture":"#particle"},"down":{"uv":[4.5,0,2.5,2],"texture":"#particle"}}},{"rotation":{"origin":[10.75699,20.8603,8],"angle":-22.5,"axis":"z"},"from":[6.75699,12.8603,4],"to":[14.75699,17.8603,12],"faces":{"east":{"uv":[2,6.5,4,7.75],"texture":"#particle"},"south":{"uv":[4,6.5,6,7.75],"texture":"#particle"},"north":{"uv":[0,6.5,2,7.75],"texture":"#particle"},"west":{"uv":[6,6.5,8,7.75],"texture":"#particle"},"up":{"uv":[4.5,6.5,2.5,4.5],"texture":"#particle"},"down":{"uv":[6.5,4.5,4.5,6.5],"texture":"#particle"}}},{"rotation":{"origin":[7,16,7],"angle":0,"axis":"y"},"from":[3,8,3],"to":[13,9.25,13],"faces":{"east":{"uv":[6.5,0.25,9,0.5],"texture":"#particle"},"south":{"uv":[6.5,0.5,9,0.75],"texture":"#particle"},"north":{"uv":[6.5,0,9,0.25],"texture":"#particle"},"west":{"uv":[6.5,0.75,9,1],"texture":"#particle"},"up":{"uv":[2.5,2.5,0,0],"texture":"#particle"},"down":{"uv":[2.5,2.5,0,5],"texture":"#particle"}}},{"rotation":{"origin":[6,16,8],"angle":0,"axis":"y"},"from":[2,8,4],"to":[3,9.25,12],"faces":{"east":{"uv":[6.5,1.5,8.5,1.75],"texture":"#particle"},"south":{"uv":[2.25,5.25,2.5,5.5],"texture":"#particle"},"north":{"uv":[2,5.25,2.25,5.5],"texture":"#particle"},"west":{"uv":[6.5,1.75,8.5,2],"texture":"#particle"},"up":{"uv":[6.75,4,6.5,2],"texture":"#particle"},"down":{"uv":[6.75,4,6.5,6],"texture":"#particle"}}},{"rotation":{"origin":[17,16,8],"angle":0,"axis":"y"},"from":[13,8,4],"to":[14,9.25,12],"faces":{"east":{"uv":[6.5,6,8.5,6.25],"texture":"#particle"},"south":{"uv":[2.25,5.5,2.5,5.75],"texture":"#particle"},"north":{"uv":[2,5.5,2.25,5.75],"texture":"#particle"},"west":{"uv":[6.5,6.25,8.5,6.5],"texture":"#particle"},"up":{"uv":[7,4,6.75,2],"texture":"#particle"},"down":{"uv":[7,4,6.75,6],"texture":"#particle"}}},{"rotation":{"origin":[8,16,6],"angle":0,"axis":"y"},"from":[4,8,2],"to":[12,9.25,3],"faces":{"east":{"uv":[2,5.75,2.25,6],"texture":"#particle"},"south":{"uv":[7,2.25,9,2.5],"texture":"#particle"},"north":{"uv":[7,2,9,2.25],"texture":"#particle"},"west":{"uv":[2.25,5.75,2.5,6],"texture":"#particle"},"up":{"uv":[9,2.75,7,2.5],"texture":"#particle"},"down":{"uv":[9,2.75,7,3],"texture":"#particle"}}},{"rotation":{"origin":[8,16,17],"angle":0,"axis":"y"},"from":[4,8,13],"to":[12,9.25,14],"faces":{"east":{"uv":[2,5,2.25,5.25],"texture":"#particle"},"south":{"uv":[2.5,2.25,4.5,2.5],"texture":"#particle"},"north":{"uv":[2.5,2,4.5,2.25],"texture":"#particle"},"west":{"uv":[2.25,5,2.5,5.25],"texture":"#particle"},"up":{"uv":[8.5,1.25,6.5,1],"texture":"#particle"},"down":{"uv":[8.5,1.25,6.5,1.5],"texture":"#particle"}}}],"display":{"head":{"translation":[0,5.5,0],"scale":[1.6,1.6,1.6]},"firstperson_righthand":{"rotation":[0,145,0],"translation":[0.25,2,1.75],"scale":[0.4,0.4,0.4]},"thirdperson_lefthand":{"rotation":[75,-126,0],"translation":[0,2.5,-0.25],"scale":[0.55,0.55,0.55]},"firstperson_lefthand":{"rotation":[0,145,0],"translation":[0.25,2,1.75],"scale":[0.4,0.4,0.4]},"thirdperson_righthand":{"rotation":[75,-126,0],"translation":[0,2.5,-0.25],"scale":[0.55,0.55,0.55]},"ground":{"translation":[0,-1,0]},"gui":{"rotation":[30,225,0],"translation":[0,-3.5,0],"scale":[0.8,0.8,0.8]},"fixed":{"rotation":[0,90,0],"translation":[0,-3,0]}}}