{"textures":{"particle":"mineclub/hats/gfx_soda_hat"},"elements":[{"rotation":{"origin":[12,14,11],"angle":0,"axis":"y"},"from":[3,5,3],"to":[13,10,13],"faces":{"east":{"uv":[7,3.66667,3.66667,5.33333],"texture":"#particle"},"south":{"uv":[7,3.66667,10.33333,5.33333],"texture":"#particle"},"north":{"uv":[0.33333,3.66667,3.66667,5.33333],"texture":"#particle"},"west":{"uv":[3.66667,3.66667,7,5.33333],"texture":"#particle"},"up":{"uv":[3.66667,3.66667,0.33333,0.33333],"texture":"#particle"},"down":{"uv":[3.66667,8.66667,0.33333,5.33333],"texture":"#particle"}}},{"rotation":{"origin":[8,15,10],"angle":0,"axis":"y"},"from":[-1,8,6],"to":[3,10,10],"faces":{"south":{"uv":[7,7.33333,8.33333,8],"texture":"#particle"},"north":{"uv":[4.33333,7.33333,5.66667,8],"texture":"#particle"},"west":{"uv":[5.66667,7.33333,7,8],"texture":"#particle"},"up":{"uv":[5.66667,7.33333,4.33333,6],"texture":"#particle"},"down":{"uv":[5.66667,9.33333,4.33333,8],"texture":"#particle"}}},{"rotation":{"origin":[8,15,10],"angle":0,"axis":"y"},"from":[13,8,6],"to":[17,10,10],"faces":{"east":{"uv":[7,7.33333,5.66667,8],"texture":"#particle"},"south":{"uv":[8.33333,7.33333,7,8],"texture":"#particle"},"north":{"uv":[5.66667,7.33333,4.33333,8],"texture":"#particle"},"up":{"uv":[4.33333,7.33333,5.66667,6],"texture":"#particle"},"down":{"uv":[4.33333,9.33333,5.66667,8],"texture":"#particle"}}},{"rotation":{"origin":[7.5,14,10.5],"angle":0,"axis":"y"},"from":[-0.5,6,6.5],"to":[2.5,11,9.5],"faces":{"east":{"uv":[14.66667,7,15.66667,8.66667],"texture":"#particle"},"south":{"uv":[13.66667,7,14.66667,8.66667],"texture":"#particle"},"north":{"uv":[13.66667,7,14.66667,8.66667],"texture":"#particle"},"west":{"uv":[14.66667,7,15.66667,8.66667],"texture":"#particle"},"up":{"uv":[14.66667,7,13.66667,6],"texture":"#particle"}}},{"rotation":{"origin":[8.5,14,10.5],"angle":0,"axis":"y"},"from":[13.5,6,6.5],"to":[16.5,11,9.5],"faces":{"east":{"uv":[15.66667,7,14.66667,8.66667],"texture":"#particle"},"south":{"uv":[14.66667,7,13.66667,8.66667],"texture":"#particle"},"north":{"uv":[14.66667,7,13.66667,8.66667],"texture":"#particle"},"west":{"uv":[15.66667,7,14.66667,8.66667],"texture":"#particle"},"up":{"uv":[13.66667,7,14.66667,6],"texture":"#particle"}}},{"rotation":{"origin":[10.5,19,10.5],"angle":0,"axis":"y"},"from":[2.5,4,7.5],"to":[3.5,11,8.5],"faces":{"east":{"uv":[0.33333,11,0.66667,13.33333],"texture":"#particle"},"south":{"uv":[0.33333,11,0.66667,13.33333],"texture":"#particle"},"north":{"uv":[0.33333,11,0.66667,13.33333],"texture":"#particle"},"west":{"uv":[0.33333,11,0.66667,13.33333],"texture":"#particle"}}},{"rotation":{"origin":[10.5,16.46447,6.96447],"angle":0,"axis":"y"},"from":[2.5,0.46447,2.96447],"to":[3.5,1.46447,4.96447],"faces":{"east":{"uv":[2.33333,11,2.66667,11.66667],"texture":"#particle","rotation":270},"west":{"uv":[2.33333,11,2.66667,11.66667],"texture":"#particle","rotation":90},"up":{"uv":[2.66667,11.66667,2.33333,11],"texture":"#particle"},"down":{"uv":[2.66667,11,2.33333,11.66667],"texture":"#particle"}}},{"rotation":{"origin":[11.5,16.46447,7.96447],"angle":0,"axis":"y"},"from":[2.5,0.46447,1.96447],"to":[8.5,1.46447,2.96447],"faces":{"east":{"uv":[3.33333,11,3.66667,11.33333],"texture":"#particle"},"south":{"uv":[5.66667,11.33333,3.66667,11],"texture":"#particle"},"north":{"uv":[3.66667,11,5.66667,11.33333],"texture":"#particle"},"west":{"uv":[5.66667,11,6,11.33333],"texture":"#particle"},"up":{"uv":[5.66667,11.33333,3.66667,11],"texture":"#particle"},"down":{"uv":[5.66667,11.33333,3.66667,11],"texture":"#particle"}}},{"rotation":{"origin":[11.5,16.46447,8.96447],"angle":0,"axis":"y"},"from":[7.5,0.46447,2.96447],"to":[8.5,1.46447,3.96447],"faces":{"east":{"uv":[2.33333,12.33333,2.66667,12.66667],"texture":"#particle"},"south":{"uv":[2.33333,12.66667,2.66667,13],"texture":"#particle"},"west":{"uv":[2.33333,12.33333,2.66667,12.66667],"texture":"#particle"},"up":{"uv":[2.33333,12.33333,2.66667,12.66667],"texture":"#particle"},"down":{"uv":[2.33333,12.66667,2.66667,12.33333],"texture":"#particle"}}},{"rotation":{"origin":[3,1.17157,4.96447],"angle":45,"axis":"x"},"from":[2.5,0.67157,4.46447],"to":[3.5,5.67157,5.46447],"faces":{"east":{"uv":[1.33333,11,1.66667,12.66667],"texture":"#particle"},"south":{"uv":[1.33333,11,1.66667,12.66667],"texture":"#particle"},"north":{"uv":[1.33333,11,1.66667,12.66667],"texture":"#particle"},"west":{"uv":[1.33333,11,1.66667,12.66667],"texture":"#particle"}}},{"rotation":{"origin":[10.5,20,10.5],"angle":0,"axis":"y"},"from":[0.5,11,7.5],"to":[15.5,12,8.5],"faces":{"east":{"uv":[5.66667,10,5.33333,10.33333],"texture":"#particle"},"south":{"uv":[5.33333,10.33333,0.33333,10],"texture":"#particle"},"north":{"uv":[0.33333,10,5.33333,10.33333],"texture":"#particle"},"west":{"uv":[5.33333,10,5.66667,10.33333],"texture":"#particle"},"up":{"uv":[5.33333,10.33333,0.33333,10],"texture":"#particle"},"down":{"uv":[5.33333,10.33333,0.33333,10],"texture":"#particle"}}},{"rotation":{"origin":[7,13,10],"angle":0,"axis":"y"},"from":[-1,5,6],"to":[3,6,10],"faces":{"south":{"uv":[11.66667,7.33333,13,7.66667],"texture":"#particle"},"north":{"uv":[9,7.33333,10.33333,7.66667],"texture":"#particle"},"west":{"uv":[10.33333,7.33333,11.66667,7.66667],"texture":"#particle"},"up":{"uv":[10.33333,7.33333,9,6],"texture":"#particle"},"down":{"uv":[10.33333,9,9,7.66667],"texture":"#particle"}}},{"rotation":{"origin":[9,13,10],"angle":0,"axis":"y"},"from":[13,5,6],"to":[17,6,10],"faces":{"east":{"uv":[11.66667,7.33333,10.33333,7.66667],"texture":"#particle"},"south":{"uv":[13,7.33333,11.66667,7.66667],"texture":"#particle"},"north":{"uv":[10.33333,7.33333,9,7.66667],"texture":"#particle"},"up":{"uv":[9,7.33333,10.33333,6],"texture":"#particle"},"down":{"uv":[9,9,10.33333,7.66667],"texture":"#particle"}}},{"rotation":{"origin":[11.5,14,10],"angle":0,"axis":"y"},"from":[5.5,6,2],"to":[6.5,10,3],"faces":{"east":{"uv":[8.33333,10,8.66667,11.33333],"texture":"#particle"},"north":{"uv":[8.66667,10,9,11.33333],"texture":"#particle"},"west":{"uv":[9,10,9.33333,11.33333],"texture":"#particle"},"up":{"uv":[9,10,8.66667,9.66667],"texture":"#particle"}}},{"rotation":{"origin":[12.5,14,10],"angle":0,"axis":"y"},"from":[6.5,8,2],"to":[7.5,9,3],"faces":{"east":{"uv":[13,10,13.33333,10.33333],"texture":"#particle"},"north":{"uv":[13.33333,10,13.66667,10.33333],"texture":"#particle"},"up":{"uv":[13.66667,10,13.33333,9.66667],"texture":"#particle"},"down":{"uv":[13.66667,10.66667,13.33333,10.33333],"texture":"#particle"}}},{"rotation":{"origin":[13.5,13,10],"angle":0,"axis":"y"},"from":[7.5,7,2],"to":[8.5,8,3],"faces":{"east":{"uv":[11.33333,10,11.66667,10.33333],"texture":"#particle"},"north":{"uv":[11.66667,10,12,10.33333],"texture":"#particle"},"west":{"uv":[12,10,12.33333,10.33333],"texture":"#particle"},"up":{"uv":[12,10,11.66667,9.66667],"texture":"#particle"},"down":{"uv":[12,10.66667,11.66667,10.33333],"texture":"#particle"}}},{"rotation":{"origin":[14.5,14,10],"angle":0,"axis":"y"},"from":[8.5,8,2],"to":[9.5,9,3],"faces":{"north":{"uv":[10,10,10.33333,10.33333],"texture":"#particle"},"west":{"uv":[10.33333,10,10.66667,10.33333],"texture":"#particle"},"up":{"uv":[10.33333,10,10,9.66667],"texture":"#particle"},"down":{"uv":[10.33333,10.66667,10,10.33333],"texture":"#particle"}}},{"rotation":{"origin":[15.5,14,10],"angle":0,"axis":"y"},"from":[9.5,6,2],"to":[10.5,10,3],"faces":{"east":{"uv":[6.66667,10,7,11.33333],"texture":"#particle"},"north":{"uv":[7,10,7.33333,11.33333],"texture":"#particle"},"west":{"uv":[7.33333,10,7.66667,11.33333],"texture":"#particle"},"up":{"uv":[7.33333,10,7,9.66667],"texture":"#particle"}}},{"rotation":{"origin":[12,14,1],"angle":0,"axis":"y"},"from":[3,5,-1],"to":[13,6,3],"faces":{"east":{"uv":[15.66667,1.66667,14.33333,2],"texture":"#particle"},"north":{"uv":[11,1.66667,14.33333,2],"texture":"#particle"},"west":{"uv":[14.33333,1.66667,15.66667,2],"texture":"#particle"},"up":{"uv":[14.33333,1.66667,11,0.33333],"texture":"#particle"},"down":{"uv":[14.33333,3.33333,11,2],"texture":"#particle"}}},{"rotation":{"origin":[12,14,0],"angle":0,"axis":"y"},"from":[4,5,-2],"to":[12,6,-1],"faces":{"east":{"uv":[14,4.33333,13.66667,4.66667],"texture":"#particle"},"north":{"uv":[11,4.33333,13.66667,4.66667],"texture":"#particle"},"west":{"uv":[13.66667,4.33333,14,4.66667],"texture":"#particle"},"up":{"uv":[13.66667,4.33333,11,4],"texture":"#particle"},"down":{"uv":[13.66667,5,11,4.66667],"texture":"#particle"}}},{"rotation":{"origin":[12,16,11],"angle":0,"axis":"y"},"from":[4,10,4],"to":[12,11,12],"faces":{"east":{"uv":[10.33333,1.33333,7.66667,1.66667],"texture":"#particle"},"south":{"uv":[7.66667,2.33333,10.33333,2.66667],"texture":"#particle"},"north":{"uv":[7.66667,0.33333,10.33333,0.66667],"texture":"#particle"},"west":{"uv":[7.66667,1.33333,10.33333,1.66667],"texture":"#particle"},"up":{"uv":[7,3,4.33333,0.33333],"texture":"#particle"}}}],"display":{"head":{"translation":[0,6.4,0],"scale":[1.6,1.6,1.6]},"firstperson_righthand":{"rotation":[0,45,0],"translation":[1,3,0.5],"scale":[0.4,0.4,0.4]},"thirdperson_lefthand":{"rotation":[75,45,0],"translation":[0,2.5,-0.25],"scale":[0.55,0.55,0.55]},"firstperson_lefthand":{"rotation":[0,45,0],"translation":[1,3,0.5],"scale":[0.4,0.4,0.4]},"thirdperson_righthand":{"rotation":[75,45,0],"translation":[0,2.5,-0.25],"scale":[0.55,0.55,0.55]},"ground":{"translation":[0,4,0]},"gui":{"rotation":[30,225,0],"translation":[-1,1,0],"scale":[0.8,0.8,0.8]},"fixed":{"translation":[0,2,0]}}}