{"textures":{"particle":"mineclub/hats/gfx_spider_hat"},"elements":[{"rotation":{"origin":[8,7.5,8],"angle":0,"axis":"y"},"from":[6,8.5,3],"to":[10,12.5,7],"faces":{"east":{"uv":[4.5,2.5,2.5,4.5],"texture":"#particle"},"south":{"uv":[4.5,2.5,6.5,4.5],"texture":"#particle"},"north":{"uv":[0.5,2.5,2.5,4.5],"texture":"#particle"},"west":{"uv":[2.5,2.5,4.5,4.5],"texture":"#particle"},"up":{"uv":[2.5,2.5,0.5,0.5],"texture":"#particle"},"down":{"uv":[2.5,6.5,0.5,4.5],"texture":"#particle"}}},{"rotation":{"origin":[8,9,9],"angle":-22.5,"axis":"x"},"from":[5.5,8.5,9],"to":[10.5,12.5,15],"faces":{"east":{"uv":[6,10.5,3,12.5],"texture":"#particle"},"south":{"uv":[6,10.5,8.5,12.5],"texture":"#particle"},"north":{"uv":[0.5,10.5,3,12.5],"texture":"#particle"},"west":{"uv":[3,10.5,6,12.5],"texture":"#particle"},"up":{"uv":[3,10.5,0.5,7.5],"texture":"#particle"},"down":{"uv":[3,15.5,0.5,12.5],"texture":"#particle"}}},{"rotation":{"origin":[8,7.5,8],"angle":0,"axis":"y"},"from":[6.5,9,7],"to":[9.5,12,9],"faces":{"east":{"uv":[8.5,2.5,7.5,4],"texture":"#particle"},"west":{"uv":[7.5,2.5,8.5,4],"texture":"#particle"},"up":{"uv":[5.5,8.5,4,7.5],"texture":"#particle"},"down":{"uv":[8,8.5,6.5,7.5],"texture":"#particle"}}},{"rotation":{"origin":[6.5,9,8],"angle":-22.5,"axis":"y"},"from":[-0.5,7,8],"to":[6.5,11,8.01],"faces":{"south":{"uv":[7.5,13.5,4,15.5],"texture":"#particle"},"north":{"uv":[4,13.5,7.5,15.5],"texture":"#particle"}}},{"rotation":{"origin":[9.5,9,8],"angle":22.5,"axis":"y"},"from":[9.5,7,8],"to":[16.5,11,8.01],"faces":{"south":{"uv":[4,13.5,7.5,15.5],"texture":"#particle"},"north":{"uv":[7.5,13.5,4,15.5],"texture":"#particle"}}},{"rotation":{"origin":[6.5,9,8],"angle":22.5,"axis":"y"},"from":[-0.5,7,8],"to":[6.5,11,8.01],"faces":{"south":{"uv":[7.5,13.5,4,15.5],"texture":"#particle"},"north":{"uv":[4,13.5,7.5,15.5],"texture":"#particle"}}},{"rotation":{"origin":[9.5,9,8],"angle":-22.5,"axis":"y"},"from":[9.5,7,8],"to":[16.5,11,8.01],"faces":{"south":{"uv":[4,13.5,7.5,15.5],"texture":"#particle"},"north":{"uv":[7.5,13.5,4,15.5],"texture":"#particle"}}},{"rotation":{"origin":[6.5,9,8],"angle":-45,"axis":"y"},"from":[6.5,7,8],"to":[6.51,11,15],"faces":{"east":{"uv":[7.5,13.5,4,15.5],"texture":"#particle"},"west":{"uv":[4,13.5,7.5,15.5],"texture":"#particle"}}},{"rotation":{"origin":[9.5,9,8],"angle":45,"axis":"y"},"from":[9.49,7,8],"to":[9.5,11,15],"faces":{"east":{"uv":[7.5,13.5,4,15.5],"texture":"#particle"},"west":{"uv":[4,13.5,7.5,15.5],"texture":"#particle"}}},{"rotation":{"origin":[6.5,9,8],"angle":-45,"axis":"y"},"from":[-0.5,7,8],"to":[6.5,11,8.01],"faces":{"south":{"uv":[7.5,13.5,4,15.5],"texture":"#particle"},"north":{"uv":[4,13.5,7.5,15.5],"texture":"#particle"}}},{"rotation":{"origin":[9.5,9,8],"angle":45,"axis":"y"},"from":[9.5,7,8],"to":[16.5,11,8.01],"faces":{"south":{"uv":[4,13.5,7.5,15.5],"texture":"#particle"},"north":{"uv":[7.5,13.5,4,15.5],"texture":"#particle"}}}],"display":{"head":{"translation":[0,6.75,0]},"firstperson_righthand":{"rotation":[0,103,0],"translation":[2,0,-0.5],"scale":[0.7,0.7,0.7]},"thirdperson_lefthand":{"rotation":[76.5,385.25,0],"translation":[1.5,1.5,-2.25],"scale":[0.7,0.7,0.7]},"firstperson_lefthand":{"rotation":[0,103,0],"translation":[2,0,-0.5],"scale":[0.7,0.7,0.7]},"thirdperson_righthand":{"rotation":[76.5,48,0],"translation":[-1,2.5,-2.25],"scale":[0.7,0.7,0.7]},"ground":{"rotation":[31,0,0],"translation":[0,1.5,0],"scale":[0.7,0.7,0.7]},"gui":{"rotation":[30,225,0],"translation":[0,-1.75,0],"scale":[0.8,0.8,0.8]}}}