{"textures":{"particle":"mineclub/hats/steam_goggles"},"elements":[{"from":[4,5,2],"to":[7,8,4],"faces":{"east":{"uv":[1,1,2,2.5],"texture":"#particle"},"south":{"uv":[4.5,1,6,2.5],"texture":"#particle"},"north":{"uv":[2,1,3.5,2.5],"texture":"#particle"},"west":{"uv":[3.5,1,4.5,2.5],"texture":"#particle"},"up":{"uv":[9.5,2,8,1],"texture":"#particle"},"down":{"uv":[12.5,1,11,2],"texture":"#particle"}}},{"rotation":{"origin":[13,8,8],"angle":0,"axis":"y"},"from":[9,5,2],"to":[12,8,4],"faces":{"east":{"uv":[1,1,2,2.5],"texture":"#particle"},"south":{"uv":[4.5,1,6,2.5],"texture":"#particle"},"north":{"uv":[2,1,3.5,2.5],"texture":"#particle"},"west":{"uv":[3.5,1,4.5,2.5],"texture":"#particle"},"up":{"uv":[9.5,2,8,1],"texture":"#particle"},"down":{"uv":[12.5,1,11,2],"texture":"#particle"}}},{"from":[4.5,5.5,1.5],"to":[6.5,7.5,2.5],"faces":{"east":{"uv":[1,6.5,1.5,7.5],"texture":"#particle"},"north":{"uv":[1.5,6.5,2.5,7.5],"texture":"#particle"},"west":{"uv":[2.5,6.5,3,7.5],"texture":"#particle"},"up":{"uv":[5.5,7,4.5,6.5],"texture":"#particle"},"down":{"uv":[8,6.5,7,7],"texture":"#particle"}}},{"rotation":{"origin":[13,8,8],"angle":0,"axis":"y"},"from":[9.5,5.5,1.5],"to":[11.5,7.5,2.5],"faces":{"east":{"uv":[1,6.5,1.5,7.5],"texture":"#particle"},"north":{"uv":[1.5,6.5,2.5,7.5],"texture":"#particle"},"west":{"uv":[2.5,6.5,3,7.5],"texture":"#particle"},"up":{"uv":[5.5,7,4.5,6.5],"texture":"#particle"},"down":{"uv":[8,6.5,7,7],"texture":"#particle"}}},{"from":[3,6,4],"to":[4,7,13],"faces":{"east":{"uv":[11.5,9,7,9.5],"texture":"#particle"},"south":{"uv":[11.5,9,12,9.5],"texture":"#particle"},"north":{"uv":[6.5,9,7,9.5],"texture":"#particle"},"west":{"uv":[7,9,11.5,9.5],"texture":"#particle"},"up":{"uv":[7,9,11.5,9.5],"texture":"#particle","rotation":90},"down":{"uv":[7,9,11.5,9.5],"texture":"#particle","rotation":270}}},{"from":[12,6,4],"to":[13,7,13],"faces":{"east":{"uv":[11.5,9,7,9.5],"texture":"#particle"},"south":{"uv":[12,9,11.5,9.5],"texture":"#particle"},"north":{"uv":[7,9,6.5,9.5],"texture":"#particle"},"west":{"uv":[7,9,11.5,9.5],"texture":"#particle"},"up":{"uv":[7,9.5,11.5,9],"texture":"#particle","rotation":90},"down":{"uv":[7,9.5,11.5,9],"texture":"#particle","rotation":270}}},{"from":[4,6,12],"to":[12,7,13],"faces":{"south":{"uv":[5,9,1,9.5],"texture":"#particle"},"north":{"uv":[1,9,5,9.5],"texture":"#particle"},"up":{"uv":[5,9.5,1,9],"texture":"#particle"},"down":{"uv":[5,9,1,9.5],"texture":"#particle"}}},{"from":[7,6,3],"to":[9,7,4],"faces":{"south":{"uv":[12,4,13,4.5],"texture":"#particle"},"north":{"uv":[9.5,4,10.5,4.5],"texture":"#particle"},"up":{"uv":[10.5,6.5,9.5,6],"texture":"#particle"},"down":{"uv":[13,6,12,6.5],"texture":"#particle"}}},{"from":[3.4,5.5,3],"to":[4.5,7.5,5],"faces":{"east":{"uv":[1,4,2,5],"texture":"#particle"},"south":{"uv":[3.5,4,4,5],"texture":"#particle"},"north":{"uv":[2,4,2.5,5],"texture":"#particle"},"west":{"uv":[2.5,4,3.5,5],"texture":"#particle"},"up":{"uv":[6,5,5.5,4],"texture":"#particle"},"down":{"uv":[8,4,7.5,5],"texture":"#particle"}}},{"from":[11.5,5.5,3],"to":[12.6,7.5,5],"faces":{"east":{"uv":[3.5,4,2.5,5],"texture":"#particle"},"south":{"uv":[4,4,3.5,5],"texture":"#particle"},"north":{"uv":[2.5,4,2,5],"texture":"#particle"},"west":{"uv":[2,4,1,5],"texture":"#particle"},"up":{"uv":[5.5,5,6,4],"texture":"#particle"},"down":{"uv":[7.5,4,8,5],"texture":"#particle"}}}],"display":{"head":{"rotation":[22.5,0,0],"translation":[0,4.65,1.25],"scale":[1.6,1.6,1.6]},"firstperson_righthand":{"rotation":[0,45,0],"translation":[1.5,2.5,0.5],"scale":[0.4,0.4,0.4]},"thirdperson_lefthand":{"rotation":[75,45,0],"translation":[0,2.5,0],"scale":[0.55,0.55,0.55]},"firstperson_lefthand":{"rotation":[0,45,0],"translation":[1.5,2.5,0.5],"scale":[0.4,0.4,0.4]},"thirdperson_righthand":{"rotation":[75,45,0],"translation":[0,2.5,0],"scale":[0.55,0.55,0.55]},"gui":{"rotation":[30,225,0],"translation":[0,1,0],"scale":[0.8,0.8,0.8]},"fixed":{"translation":[0,2.5,0]}}}