{"textures":{"particle":"mineclub/hats/straw_hat"},"elements":[{"from":[3.4,6,3.4],"to":[12.6,10,12.6],"faces":{"east":{"uv":[10,7,14.5,9],"texture":"#particle"},"south":{"uv":[10,7,14.5,9],"texture":"#particle"},"north":{"uv":[10,7,14.5,9],"texture":"#particle"},"west":{"uv":[10,7,14.5,9],"texture":"#particle"},"up":{"uv":[14.5,5.5,10,1],"texture":"#particle"}}},{"from":[0.5,5,0.5],"to":[15.5,6,15.5],"faces":{"east":{"uv":[1,10,8.5,10.5],"texture":"#particle"},"south":{"uv":[1,10,8.5,10.5],"texture":"#particle"},"north":{"uv":[1,10,8.5,10.5],"texture":"#particle"},"west":{"uv":[1,10,8.5,10.5],"texture":"#particle"},"up":{"uv":[8.5,8.5,1,1],"texture":"#particle"},"down":{"uv":[8.5,1,1,8.5],"texture":"#particle"}}},{"from":[12.5,5,-0.5],"to":[13.5,6,0.5],"faces":{"east":{"uv":[1.5,12.5,1,12],"texture":"#particle"},"north":{"uv":[1.5,12.5,1,12],"texture":"#particle"},"west":{"uv":[1.5,12.5,1,12],"texture":"#particle"},"up":{"uv":[1.5,12.5,1,12],"texture":"#particle"},"down":{"uv":[1.5,12.5,1,12],"texture":"#particle"}}},{"from":[12.5,5,15.5],"to":[13.5,6,16.5],"faces":{"east":{"uv":[5.5,12.5,5,12],"texture":"#particle"},"south":{"uv":[5.5,12.5,5,12],"texture":"#particle"},"west":{"uv":[5.5,12.5,5,12],"texture":"#particle"},"up":{"uv":[5.5,12.5,5,12],"texture":"#particle"},"down":{"uv":[5.5,12.5,5,12],"texture":"#particle"}}},{"from":[7.5,5,-0.5],"to":[8.5,6,0.5],"faces":{"east":{"uv":[3.5,12.5,3,12],"texture":"#particle"},"north":{"uv":[3.5,12.5,3,12],"texture":"#particle"},"west":{"uv":[3.5,12.5,3,12],"texture":"#particle"},"up":{"uv":[3.5,12.5,3,12],"texture":"#particle"},"down":{"uv":[3.5,12.5,3,12],"texture":"#particle"}}},{"from":[7.5,5,15.5],"to":[8.5,6,16.5],"faces":{"east":{"uv":[3.5,12.5,3,12],"texture":"#particle"},"south":{"uv":[3.5,12.5,3,12],"texture":"#particle"},"west":{"uv":[3.5,12.5,3,12],"texture":"#particle"},"up":{"uv":[3.5,12.5,3,12],"texture":"#particle"},"down":{"uv":[3.5,12.5,3,12],"texture":"#particle"}}},{"from":[2.5,5,-0.5],"to":[3.5,6,0.5],"faces":{"east":{"uv":[5.5,12.5,5,12],"texture":"#particle"},"north":{"uv":[5.5,12.5,5,12],"texture":"#particle"},"west":{"uv":[5.5,12.5,5,12],"texture":"#particle"},"up":{"uv":[5.5,12.5,5,12],"texture":"#particle"},"down":{"uv":[5.5,12.5,5,12],"texture":"#particle"}}},{"from":[2.5,5,15.5],"to":[3.5,6,16.5],"faces":{"east":{"uv":[1.5,12.5,1,12],"texture":"#particle"},"south":{"uv":[1.5,12.5,1,12],"texture":"#particle"},"west":{"uv":[1.5,12.5,1,12],"texture":"#particle"},"up":{"uv":[1.5,12.5,1,12],"texture":"#particle"},"down":{"uv":[1.5,12.5,1,12],"texture":"#particle"}}},{"from":[-0.5,5,12.5],"to":[0.5,6,13.5],"faces":{"south":{"uv":[5.5,12.5,5,12],"texture":"#particle"},"north":{"uv":[5.5,12.5,5,12],"texture":"#particle"},"west":{"uv":[5.5,12.5,5,12],"texture":"#particle"},"up":{"uv":[5.5,12.5,5,12],"texture":"#particle"},"down":{"uv":[5.5,12.5,5,12],"texture":"#particle"}}},{"from":[15.5,5,12.5],"to":[16.5,6,13.5],"faces":{"east":{"uv":[1.5,12.5,1,12],"texture":"#particle"},"south":{"uv":[1.5,12.5,1,12],"texture":"#particle"},"north":{"uv":[1.5,12.5,1,12],"texture":"#particle"},"up":{"uv":[1.5,12.5,1,12],"texture":"#particle"},"down":{"uv":[1.5,12.5,1,12],"texture":"#particle"}}},{"from":[-0.5,5,2.5],"to":[0.5,6,3.5],"faces":{"south":{"uv":[1.5,12.5,1,12],"texture":"#particle"},"north":{"uv":[1.5,12.5,1,12],"texture":"#particle"},"west":{"uv":[1.5,12.5,1,12],"texture":"#particle"},"up":{"uv":[1.5,12.5,1,12],"texture":"#particle"},"down":{"uv":[1.5,12.5,1,12],"texture":"#particle"}}},{"from":[15.5,5,2.5],"to":[16.5,6,3.5],"faces":{"east":{"uv":[5.5,12.5,5,12],"texture":"#particle"},"south":{"uv":[5.5,12.5,5,12],"texture":"#particle"},"north":{"uv":[5.5,12.5,5,12],"texture":"#particle"},"up":{"uv":[5.5,12.5,5,12],"texture":"#particle"},"down":{"uv":[5.5,12.5,5,12],"texture":"#particle"}}},{"from":[-0.5,5,7.5],"to":[0.5,6,8.5],"faces":{"south":{"uv":[3.5,12.5,3,12],"texture":"#particle"},"north":{"uv":[3.5,12.5,3,12],"texture":"#particle"},"west":{"uv":[3.5,12.5,3,12],"texture":"#particle"},"up":{"uv":[3.5,12.5,3,12],"texture":"#particle"},"down":{"uv":[3.5,12.5,3,12],"texture":"#particle"}}},{"from":[15.5,5,7.5],"to":[16.5,6,8.5],"faces":{"east":{"uv":[3.5,12.5,3,12],"texture":"#particle"},"south":{"uv":[3.5,12.5,3,12],"texture":"#particle"},"north":{"uv":[3.5,12.5,3,12],"texture":"#particle"},"up":{"uv":[3.5,12.5,3,12],"texture":"#particle"},"down":{"uv":[3.5,12.5,3,12],"texture":"#particle"}}}],"display":{"head":{"translation":[0,6.4,0],"scale":[1.6,1.6,1.6]},"firstperson_righthand":{"rotation":[0,45,0],"translation":[1.5,2,0.5],"scale":[0.4,0.4,0.4]},"thirdperson_lefthand":{"rotation":[75,45,0],"translation":[0,2.5,-0.25],"scale":[0.55,0.55,0.55]},"firstperson_lefthand":{"rotation":[0,45,0],"translation":[1.5,2,0.5],"scale":[0.4,0.4,0.4]},"thirdperson_righthand":{"rotation":[75,45,0],"translation":[0,2.5,-0.25],"scale":[0.55,0.55,0.55]},"gui":{"rotation":[30,225,0],"translation":[0,1,0],"scale":[0.7,0.7,0.7]},"fixed":{"translation":[0,1,0]}}}