{"textures":{"particle":"mineclub/hats/gfx_summer_butterfly_hat_ani"},"elements":[{"rotation":{"origin":[16,17,16],"angle":0,"axis":"y"},"from":[6.5,9,4],"to":[9.5,12,12],"faces":{"east":{"uv":[3,0.25,1,1],"texture":"#particle"},"south":{"uv":[3,0.25,3.75,1],"texture":"#particle"},"north":{"uv":[0.25,0.25,1,1],"texture":"#particle"},"west":{"uv":[1,0.25,3,1],"texture":"#particle"},"up":{"uv":[1,3.5,0.25,1.5],"texture":"#particle"},"down":{"uv":[2.25,3.5,1.5,1.5],"texture":"#particle"}}},{"rotation":{"origin":[7.5,11.5,4],"angle":22.5,"axis":"y"},"from":[6.5,11,1],"to":[7.5,12,4],"faces":{"east":{"uv":[0.25,4,1,4.25],"texture":"#particle"},"north":{"uv":[1,4,1.25,4.25],"texture":"#particle"},"west":{"uv":[1.25,4,2,4.25],"texture":"#particle"},"up":{"uv":[4.5,4.5,4.25,3.75],"texture":"#particle"},"down":{"uv":[5.25,4.5,5,3.75],"texture":"#particle"}}},{"rotation":{"origin":[8.5,11.5,4],"angle":-22.5,"axis":"y"},"from":[8.5,11,1],"to":[9.5,12,4],"faces":{"east":{"uv":[2,4,1.25,4.25],"texture":"#particle"},"north":{"uv":[1.25,4,1,4.25],"texture":"#particle"},"west":{"uv":[1,4,0.25,4.25],"texture":"#particle"},"up":{"uv":[4.25,4.5,4.5,3.75],"texture":"#particle"},"down":{"uv":[5,4.5,5.25,3.75],"texture":"#particle"}}},{"rotation":{"origin":[6.5,11.5,8],"angle":-22.5,"axis":"z"},"from":[5.5,10.5,5],"to":[6.5,11.5,11],"faces":{"east":{"uv":[4.5,1,6,1.25],"texture":"#particle"},"south":{"uv":[4.25,1,4.5,1.25],"texture":"#particle"},"north":{"uv":[6,1,6.25,1.25],"texture":"#particle"},"up":{"uv":[4.5,3.25,4.25,1.75],"texture":"#particle"},"down":{"uv":[5.25,3.25,5,1.75],"texture":"#particle"}}},{"rotation":{"origin":[9.5,11.5,8],"angle":22.5,"axis":"z"},"from":[9.5,10.5,5],"to":[10.5,11.5,11],"faces":{"south":{"uv":[4.5,1,4.25,1.25],"texture":"#particle"},"north":{"uv":[6.25,1,6,1.25],"texture":"#particle"},"west":{"uv":[6,1,4.5,1.25],"texture":"#particle"},"up":{"uv":[4.25,3.25,4.5,1.75],"texture":"#particle"},"down":{"uv":[5,3.25,5.25,1.75],"texture":"#particle"}}},{"rotation":{"origin":[6.5,11.5,8],"angle":-22.5,"axis":"z"},"from":[4.5,10.5,4],"to":[5.5,11.5,12],"faces":{"east":{"uv":[4.5,0.25,6.5,0.5],"texture":"#particle"},"south":{"uv":[4.25,0.25,4.5,0.5],"texture":"#particle"},"north":{"uv":[6.5,0.25,6.75,0.5],"texture":"#particle"},"up":{"uv":[3,3.5,2.75,1.5],"texture":"#particle"},"down":{"uv":[3.75,3.5,3.5,1.5],"texture":"#particle"}}},{"rotation":{"origin":[9.5,11.5,8],"angle":22.5,"axis":"z"},"from":[10.5,10.5,4],"to":[11.5,11.5,12],"faces":{"south":{"uv":[4.5,0.25,4.25,0.5],"texture":"#particle"},"north":{"uv":[6.75,0.25,6.5,0.5],"texture":"#particle"},"west":{"uv":[6.5,0.25,4.5,0.5],"texture":"#particle"},"up":{"uv":[2.75,3.5,3,1.5],"texture":"#particle"},"down":{"uv":[3.5,3.5,3.75,1.5],"texture":"#particle"}}},{"rotation":{"origin":[6.5,11.5,8],"angle":-22.5,"axis":"z"},"from":[1.5,10.5,3],"to":[4.5,11.5,13],"faces":{"east":{"uv":[0.25,5,2.75,5.25],"texture":"#particle"},"south":{"uv":[6,5,6.75,5.25],"texture":"#particle"},"north":{"uv":[2.75,5,3.5,5.25],"texture":"#particle"},"west":{"uv":[3.5,5,6,5.25],"texture":"#particle"},"up":{"uv":[6.5,4.25,5.75,1.75],"texture":"#particle"},"down":{"uv":[7.75,4.25,7,1.75],"texture":"#particle"}}},{"rotation":{"origin":[9.5,11.5,8],"angle":22.5,"axis":"z"},"from":[11.5,10.5,3],"to":[14.5,11.5,13],"faces":{"east":{"uv":[6,5,3.5,5.25],"texture":"#particle"},"south":{"uv":[6.75,5,6,5.25],"texture":"#particle"},"north":{"uv":[3.5,5,2.75,5.25],"texture":"#particle"},"west":{"uv":[2.75,5,0.25,5.25],"texture":"#particle"},"up":{"uv":[5.75,4.25,6.5,1.75],"texture":"#particle"},"down":{"uv":[7,4.25,7.75,1.75],"texture":"#particle"}}},{"rotation":{"origin":[6.5,11.5,8],"angle":-22.5,"axis":"z"},"from":[0.5,10.5,3],"to":[1.5,11.5,8],"faces":{"south":{"uv":[1.75,5.75,2,6],"texture":"#particle"},"north":{"uv":[0.25,5.75,0.5,6],"texture":"#particle"},"west":{"uv":[0.5,5.75,1.75,6],"texture":"#particle"},"up":{"uv":[0.5,7.75,0.25,6.5],"texture":"#particle"},"down":{"uv":[1.25,7.75,1,6.5],"texture":"#particle"}}},{"rotation":{"origin":[9.5,11.5,8],"angle":22.5,"axis":"z"},"from":[14.5,10.5,3],"to":[15.5,11.5,8],"faces":{"east":{"uv":[1.75,5.75,0.5,6],"texture":"#particle"},"south":{"uv":[2,5.75,1.75,6],"texture":"#particle"},"north":{"uv":[0.5,5.75,0.25,6],"texture":"#particle"},"up":{"uv":[0.25,7.75,0.5,6.5],"texture":"#particle"},"down":{"uv":[1,7.75,1.25,6.5],"texture":"#particle"}}},{"rotation":{"origin":[6.5,11.5,8],"angle":-22.5,"axis":"z"},"from":[0.5,10.5,9],"to":[1.5,11.5,12],"faces":{"south":{"uv":[3.5,5.75,3.75,6],"texture":"#particle"},"north":{"uv":[2.5,5.75,2.75,6],"texture":"#particle"},"west":{"uv":[2.75,5.75,3.5,6],"texture":"#particle"},"up":{"uv":[2,7.25,1.75,6.5],"texture":"#particle"},"down":{"uv":[2.75,7.25,2.5,6.5],"texture":"#particle"}}},{"rotation":{"origin":[9.5,11.5,8],"angle":22.5,"axis":"z"},"from":[14.5,10.5,9],"to":[15.5,11.5,12],"faces":{"east":{"uv":[3.5,5.75,2.75,6],"texture":"#particle"},"south":{"uv":[3.75,5.75,3.5,6],"texture":"#particle"},"north":{"uv":[2.75,5.75,2.5,6],"texture":"#particle"},"up":{"uv":[1.75,7.25,2,6.5],"texture":"#particle"},"down":{"uv":[2.5,7.25,2.75,6.5],"texture":"#particle"}}},{"rotation":{"origin":[6.5,11.5,8],"angle":-22.5,"axis":"z"},"from":[-0.5,10.5,4],"to":[0.5,11.5,7],"faces":{"south":{"uv":[5.25,5.75,5.5,6],"texture":"#particle"},"north":{"uv":[4.25,5.75,4.5,6],"texture":"#particle"},"west":{"uv":[4.5,5.75,5.25,6],"texture":"#particle"},"up":{"uv":[3.5,7.25,3.25,6.5],"texture":"#particle"},"down":{"uv":[4.25,7.25,4,6.5],"texture":"#particle"}}},{"rotation":{"origin":[9.5,11.5,8],"angle":22.5,"axis":"z"},"from":[15.5,10.5,4],"to":[16.5,11.5,7],"faces":{"east":{"uv":[5.25,5.75,4.5,6],"texture":"#particle"},"south":{"uv":[5.5,5.75,5.25,6],"texture":"#particle"},"north":{"uv":[4.5,5.75,4.25,6],"texture":"#particle"},"up":{"uv":[3.25,7.25,3.5,6.5],"texture":"#particle"},"down":{"uv":[4,7.25,4.25,6.5],"texture":"#particle"}}},{"rotation":{"origin":[16,17,16],"angle":0,"axis":"y"},"from":[6.5,9,4],"to":[9.5,12,12],"faces":{"east":{"uv":[11,0.25,9,1],"texture":"#particle"},"south":{"uv":[11,0.25,11.75,1],"texture":"#particle"},"north":{"uv":[8.25,0.25,9,1],"texture":"#particle"},"west":{"uv":[9,0.25,11,1],"texture":"#particle"},"up":{"uv":[9,3.5,8.25,1.5],"texture":"#particle"},"down":{"uv":[10.25,3.5,9.5,1.5],"texture":"#particle"}}},{"rotation":{"origin":[7.5,11.5,4],"angle":22.5,"axis":"y"},"from":[6.5,11,1],"to":[7.5,12,4],"faces":{"east":{"uv":[8.25,4,9,4.25],"texture":"#particle"},"north":{"uv":[9,4,9.25,4.25],"texture":"#particle"},"west":{"uv":[9.25,4,10,4.25],"texture":"#particle"},"up":{"uv":[12.5,4.5,12.25,3.75],"texture":"#particle"},"down":{"uv":[13.25,4.5,13,3.75],"texture":"#particle"}}},{"rotation":{"origin":[8.5,11.5,4],"angle":-22.5,"axis":"y"},"from":[8.5,11,1],"to":[9.5,12,4],"faces":{"east":{"uv":[10,4,9.25,4.25],"texture":"#particle"},"north":{"uv":[9.25,4,9,4.25],"texture":"#particle"},"west":{"uv":[9,4,8.25,4.25],"texture":"#particle"},"up":{"uv":[12.25,4.5,12.5,3.75],"texture":"#particle"},"down":{"uv":[13,4.5,13.25,3.75],"texture":"#particle"}}},{"rotation":{"origin":[6.5,11.5,8],"angle":22.5,"axis":"z"},"from":[5.5,10.5,5],"to":[6.5,11.5,11],"faces":{"east":{"uv":[12.5,1,14,1.25],"texture":"#particle"},"south":{"uv":[12.25,1,12.5,1.25],"texture":"#particle"},"north":{"uv":[14,1,14.25,1.25],"texture":"#particle"},"up":{"uv":[12.5,3.25,12.25,1.75],"texture":"#particle"},"down":{"uv":[13.25,3.25,13,1.75],"texture":"#particle"}}},{"rotation":{"origin":[9.5,11.5,8],"angle":-22.5,"axis":"z"},"from":[9.5,10.5,5],"to":[10.5,11.5,11],"faces":{"south":{"uv":[12.5,1,12.25,1.25],"texture":"#particle"},"north":{"uv":[14.25,1,14,1.25],"texture":"#particle"},"west":{"uv":[14,1,12.5,1.25],"texture":"#particle"},"up":{"uv":[12.25,3.25,12.5,1.75],"texture":"#particle"},"down":{"uv":[13,3.25,13.25,1.75],"texture":"#particle"}}},{"rotation":{"origin":[6.5,11.5,8],"angle":22.5,"axis":"z"},"from":[4.5,10.5,4],"to":[5.5,11.5,12],"faces":{"east":{"uv":[12.5,0.25,14.5,0.5],"texture":"#particle"},"south":{"uv":[12.25,0.25,12.5,0.5],"texture":"#particle"},"north":{"uv":[14.5,0.25,14.75,0.5],"texture":"#particle"},"up":{"uv":[11,3.5,10.75,1.5],"texture":"#particle"},"down":{"uv":[11.75,3.5,11.5,1.5],"texture":"#particle"}}},{"rotation":{"origin":[9.5,11.5,8],"angle":-22.5,"axis":"z"},"from":[10.5,10.5,4],"to":[11.5,11.5,12],"faces":{"south":{"uv":[12.5,0.25,12.25,0.5],"texture":"#particle"},"north":{"uv":[14.75,0.25,14.5,0.5],"texture":"#particle"},"west":{"uv":[14.5,0.25,12.5,0.5],"texture":"#particle"},"up":{"uv":[10.75,3.5,11,1.5],"texture":"#particle"},"down":{"uv":[11.5,3.5,11.75,1.5],"texture":"#particle"}}},{"rotation":{"origin":[6.5,11.5,8],"angle":22.5,"axis":"z"},"from":[1.5,10.5,3],"to":[4.5,11.5,13],"faces":{"east":{"uv":[8.25,5,10.75,5.25],"texture":"#particle"},"south":{"uv":[14,5,14.75,5.25],"texture":"#particle"},"north":{"uv":[10.75,5,11.5,5.25],"texture":"#particle"},"west":{"uv":[11.5,5,14,5.25],"texture":"#particle"},"up":{"uv":[14.5,4.25,13.75,1.75],"texture":"#particle"},"down":{"uv":[15.75,4.25,15,1.75],"texture":"#particle"}}},{"rotation":{"origin":[9.5,11.5,8],"angle":-22.5,"axis":"z"},"from":[11.5,10.5,3],"to":[14.5,11.5,13],"faces":{"east":{"uv":[14,5,11.5,5.25],"texture":"#particle"},"south":{"uv":[14.75,5,14,5.25],"texture":"#particle"},"north":{"uv":[11.5,5,10.75,5.25],"texture":"#particle"},"west":{"uv":[10.75,5,8.25,5.25],"texture":"#particle"},"up":{"uv":[13.75,4.25,14.5,1.75],"texture":"#particle"},"down":{"uv":[15,4.25,15.75,1.75],"texture":"#particle"}}},{"rotation":{"origin":[6.5,11.5,8],"angle":22.5,"axis":"z"},"from":[0.5,10.5,3],"to":[1.5,11.5,8],"faces":{"south":{"uv":[9.75,5.75,10,6],"texture":"#particle"},"north":{"uv":[8.25,5.75,8.5,6],"texture":"#particle"},"west":{"uv":[8.5,5.75,9.75,6],"texture":"#particle"},"up":{"uv":[8.5,7.75,8.25,6.5],"texture":"#particle"},"down":{"uv":[9.25,7.75,9,6.5],"texture":"#particle"}}},{"rotation":{"origin":[9.5,11.5,8],"angle":-22.5,"axis":"z"},"from":[14.5,10.5,3],"to":[15.5,11.5,8],"faces":{"east":{"uv":[9.75,5.75,8.5,6],"texture":"#particle"},"south":{"uv":[10,5.75,9.75,6],"texture":"#particle"},"north":{"uv":[8.5,5.75,8.25,6],"texture":"#particle"},"up":{"uv":[8.25,7.75,8.5,6.5],"texture":"#particle"},"down":{"uv":[9,7.75,9.25,6.5],"texture":"#particle"}}},{"rotation":{"origin":[6.5,11.5,8],"angle":22.5,"axis":"z"},"from":[0.5,10.5,9],"to":[1.5,11.5,12],"faces":{"south":{"uv":[11.5,5.75,11.75,6],"texture":"#particle"},"north":{"uv":[10.5,5.75,10.75,6],"texture":"#particle"},"west":{"uv":[10.75,5.75,11.5,6],"texture":"#particle"},"up":{"uv":[10,7.25,9.75,6.5],"texture":"#particle"},"down":{"uv":[10.75,7.25,10.5,6.5],"texture":"#particle"}}},{"rotation":{"origin":[9.5,11.5,8],"angle":-22.5,"axis":"z"},"from":[14.5,10.5,9],"to":[15.5,11.5,12],"faces":{"east":{"uv":[11.5,5.75,10.75,6],"texture":"#particle"},"south":{"uv":[11.75,5.75,11.5,6],"texture":"#particle"},"north":{"uv":[10.75,5.75,10.5,6],"texture":"#particle"},"up":{"uv":[9.75,7.25,10,6.5],"texture":"#particle"},"down":{"uv":[10.5,7.25,10.75,6.5],"texture":"#particle"}}},{"rotation":{"origin":[6.5,11.5,8],"angle":22.5,"axis":"z"},"from":[-0.5,10.5,4],"to":[0.5,11.5,7],"faces":{"south":{"uv":[13.25,5.75,13.5,6],"texture":"#particle"},"north":{"uv":[12.25,5.75,12.5,6],"texture":"#particle"},"west":{"uv":[12.5,5.75,13.25,6],"texture":"#particle"},"up":{"uv":[11.5,7.25,11.25,6.5],"texture":"#particle"},"down":{"uv":[12.25,7.25,12,6.5],"texture":"#particle"}}},{"rotation":{"origin":[9.5,11.5,8],"angle":-22.5,"axis":"z"},"from":[15.5,10.5,4],"to":[16.5,11.5,7],"faces":{"east":{"uv":[13.25,5.75,12.5,6],"texture":"#particle"},"south":{"uv":[13.5,5.75,13.25,6],"texture":"#particle"},"north":{"uv":[12.5,5.75,12.25,6],"texture":"#particle"},"up":{"uv":[11.25,7.25,11.5,6.5],"texture":"#particle"},"down":{"uv":[12,7.25,12.25,6.5],"texture":"#particle"}}},{"rotation":{"origin":[16,20,16],"angle":0,"axis":"y"},"from":[6.5,12,4],"to":[9.5,15,12],"faces":{"east":{"uv":[3,8.25,1,9],"texture":"#particle"},"south":{"uv":[3,8.25,3.75,9],"texture":"#particle"},"north":{"uv":[0.25,8.25,1,9],"texture":"#particle"},"west":{"uv":[1,8.25,3,9],"texture":"#particle"},"up":{"uv":[1,11.5,0.25,9.5],"texture":"#particle"},"down":{"uv":[2.25,11.5,1.5,9.5],"texture":"#particle"}}},{"rotation":{"origin":[7.5,14.5,4],"angle":22.5,"axis":"y"},"from":[6.5,14,1],"to":[7.5,15,4],"faces":{"east":{"uv":[0.25,12,1,12.25],"texture":"#particle"},"north":{"uv":[1,12,1.25,12.25],"texture":"#particle"},"west":{"uv":[1.25,12,2,12.25],"texture":"#particle"},"up":{"uv":[4.5,12.5,4.25,11.75],"texture":"#particle"},"down":{"uv":[5.25,12.5,5,11.75],"texture":"#particle"}}},{"rotation":{"origin":[8.5,14.5,4],"angle":-22.5,"axis":"y"},"from":[8.5,14,1],"to":[9.5,15,4],"faces":{"east":{"uv":[2,12,1.25,12.25],"texture":"#particle"},"north":{"uv":[1.25,12,1,12.25],"texture":"#particle"},"west":{"uv":[1,12,0.25,12.25],"texture":"#particle"},"up":{"uv":[4.25,12.5,4.5,11.75],"texture":"#particle"},"down":{"uv":[5,12.5,5.25,11.75],"texture":"#particle"}}},{"rotation":{"origin":[6.5,14.5,8],"angle":-22.5,"axis":"z"},"from":[5.5,13.5,5],"to":[6.5,14.5,11],"faces":{"east":{"uv":[4.5,9,6,9.25],"texture":"#particle"},"south":{"uv":[4.25,9,4.5,9.25],"texture":"#particle"},"north":{"uv":[6,9,6.25,9.25],"texture":"#particle"},"up":{"uv":[4.5,11.25,4.25,9.75],"texture":"#particle"},"down":{"uv":[5.25,11.25,5,9.75],"texture":"#particle"}}},{"rotation":{"origin":[9.5,14.5,8],"angle":22.5,"axis":"z"},"from":[9.5,13.5,5],"to":[10.5,14.5,11],"faces":{"south":{"uv":[4.5,9,4.25,9.25],"texture":"#particle"},"north":{"uv":[6.25,9,6,9.25],"texture":"#particle"},"west":{"uv":[6,9,4.5,9.25],"texture":"#particle"},"up":{"uv":[4.25,11.25,4.5,9.75],"texture":"#particle"},"down":{"uv":[5,11.25,5.25,9.75],"texture":"#particle"}}},{"rotation":{"origin":[6.5,14.5,8],"angle":-22.5,"axis":"z"},"from":[4.5,13.5,4],"to":[5.5,14.5,12],"faces":{"east":{"uv":[4.5,8.25,6.5,8.5],"texture":"#particle"},"south":{"uv":[4.25,8.25,4.5,8.5],"texture":"#particle"},"north":{"uv":[6.5,8.25,6.75,8.5],"texture":"#particle"},"up":{"uv":[3,11.5,2.75,9.5],"texture":"#particle"},"down":{"uv":[3.75,11.5,3.5,9.5],"texture":"#particle"}}},{"rotation":{"origin":[9.5,14.5,8],"angle":22.5,"axis":"z"},"from":[10.5,13.5,4],"to":[11.5,14.5,12],"faces":{"south":{"uv":[4.5,8.25,4.25,8.5],"texture":"#particle"},"north":{"uv":[6.75,8.25,6.5,8.5],"texture":"#particle"},"west":{"uv":[6.5,8.25,4.5,8.5],"texture":"#particle"},"up":{"uv":[2.75,11.5,3,9.5],"texture":"#particle"},"down":{"uv":[3.5,11.5,3.75,9.5],"texture":"#particle"}}},{"rotation":{"origin":[6.5,14.5,8],"angle":-22.5,"axis":"z"},"from":[1.5,13.5,3],"to":[4.5,14.5,13],"faces":{"east":{"uv":[0.25,13,2.75,13.25],"texture":"#particle"},"south":{"uv":[6,13,6.75,13.25],"texture":"#particle"},"north":{"uv":[2.75,13,3.5,13.25],"texture":"#particle"},"west":{"uv":[3.5,13,6,13.25],"texture":"#particle"},"up":{"uv":[6.5,12.25,5.75,9.75],"texture":"#particle"},"down":{"uv":[7.75,12.25,7,9.75],"texture":"#particle"}}},{"rotation":{"origin":[9.5,14.5,8],"angle":22.5,"axis":"z"},"from":[11.5,13.5,3],"to":[14.5,14.5,13],"faces":{"east":{"uv":[6,13,3.5,13.25],"texture":"#particle"},"south":{"uv":[6.75,13,6,13.25],"texture":"#particle"},"north":{"uv":[3.5,13,2.75,13.25],"texture":"#particle"},"west":{"uv":[2.75,13,0.25,13.25],"texture":"#particle"},"up":{"uv":[5.75,12.25,6.5,9.75],"texture":"#particle"},"down":{"uv":[7,12.25,7.75,9.75],"texture":"#particle"}}},{"rotation":{"origin":[6.5,14.5,8],"angle":-22.5,"axis":"z"},"from":[0.5,13.5,3],"to":[1.5,14.5,8],"faces":{"south":{"uv":[1.75,13.75,2,14],"texture":"#particle"},"north":{"uv":[0.25,13.75,0.5,14],"texture":"#particle"},"west":{"uv":[0.5,13.75,1.75,14],"texture":"#particle"},"up":{"uv":[0.5,15.75,0.25,14.5],"texture":"#particle"},"down":{"uv":[1.25,15.75,1,14.5],"texture":"#particle"}}},{"rotation":{"origin":[9.5,14.5,8],"angle":22.5,"axis":"z"},"from":[14.5,13.5,3],"to":[15.5,14.5,8],"faces":{"east":{"uv":[1.75,13.75,0.5,14],"texture":"#particle"},"south":{"uv":[2,13.75,1.75,14],"texture":"#particle"},"north":{"uv":[0.5,13.75,0.25,14],"texture":"#particle"},"up":{"uv":[0.25,15.75,0.5,14.5],"texture":"#particle"},"down":{"uv":[1,15.75,1.25,14.5],"texture":"#particle"}}},{"rotation":{"origin":[6.5,14.5,8],"angle":-22.5,"axis":"z"},"from":[0.5,13.5,9],"to":[1.5,14.5,12],"faces":{"south":{"uv":[3.5,13.75,3.75,14],"texture":"#particle"},"north":{"uv":[2.5,13.75,2.75,14],"texture":"#particle"},"west":{"uv":[2.75,13.75,3.5,14],"texture":"#particle"},"up":{"uv":[2,15.25,1.75,14.5],"texture":"#particle"},"down":{"uv":[2.75,15.25,2.5,14.5],"texture":"#particle"}}},{"rotation":{"origin":[9.5,14.5,8],"angle":22.5,"axis":"z"},"from":[14.5,13.5,9],"to":[15.5,14.5,12],"faces":{"east":{"uv":[3.5,13.75,2.75,14],"texture":"#particle"},"south":{"uv":[3.75,13.75,3.5,14],"texture":"#particle"},"north":{"uv":[2.75,13.75,2.5,14],"texture":"#particle"},"up":{"uv":[1.75,15.25,2,14.5],"texture":"#particle"},"down":{"uv":[2.5,15.25,2.75,14.5],"texture":"#particle"}}},{"rotation":{"origin":[6.5,14.5,8],"angle":-22.5,"axis":"z"},"from":[-0.5,13.5,4],"to":[0.5,14.5,7],"faces":{"south":{"uv":[5.25,13.75,5.5,14],"texture":"#particle"},"north":{"uv":[4.25,13.75,4.5,14],"texture":"#particle"},"west":{"uv":[4.5,13.75,5.25,14],"texture":"#particle"},"up":{"uv":[3.5,15.25,3.25,14.5],"texture":"#particle"},"down":{"uv":[4.25,15.25,4,14.5],"texture":"#particle"}}},{"rotation":{"origin":[9.5,14.5,8],"angle":22.5,"axis":"z"},"from":[15.5,13.5,4],"to":[16.5,14.5,7],"faces":{"east":{"uv":[5.25,13.75,4.5,14],"texture":"#particle"},"south":{"uv":[5.5,13.75,5.25,14],"texture":"#particle"},"north":{"uv":[4.5,13.75,4.25,14],"texture":"#particle"},"up":{"uv":[3.25,15.25,3.5,14.5],"texture":"#particle"},"down":{"uv":[4,15.25,4.25,14.5],"texture":"#particle"}}},{"rotation":{"origin":[16,20,16],"angle":0,"axis":"y"},"from":[6.5,12,4],"to":[9.5,15,12],"faces":{"east":{"uv":[11,8.25,9,9],"texture":"#particle"},"south":{"uv":[11,8.25,11.75,9],"texture":"#particle"},"north":{"uv":[8.25,8.25,9,9],"texture":"#particle"},"west":{"uv":[9,8.25,11,9],"texture":"#particle"},"up":{"uv":[9,11.5,8.25,9.5],"texture":"#particle"},"down":{"uv":[10.25,11.5,9.5,9.5],"texture":"#particle"}}},{"rotation":{"origin":[7.5,14.5,4],"angle":22.5,"axis":"y"},"from":[6.5,14,1],"to":[7.5,15,4],"faces":{"east":{"uv":[8.25,12,9,12.25],"texture":"#particle"},"north":{"uv":[9,12,9.25,12.25],"texture":"#particle"},"west":{"uv":[9.25,12,10,12.25],"texture":"#particle"},"up":{"uv":[12.5,12.5,12.25,11.75],"texture":"#particle"},"down":{"uv":[13.25,12.5,13,11.75],"texture":"#particle"}}},{"rotation":{"origin":[8.5,14.5,4],"angle":-22.5,"axis":"y"},"from":[8.5,14,1],"to":[9.5,15,4],"faces":{"east":{"uv":[10,12,9.25,12.25],"texture":"#particle"},"north":{"uv":[9.25,12,9,12.25],"texture":"#particle"},"west":{"uv":[9,12,8.25,12.25],"texture":"#particle"},"up":{"uv":[12.25,12.5,12.5,11.75],"texture":"#particle"},"down":{"uv":[13,12.5,13.25,11.75],"texture":"#particle"}}},{"rotation":{"origin":[6.5,14.5,8],"angle":22.5,"axis":"z"},"from":[5.5,13.5,5],"to":[6.5,14.5,11],"faces":{"east":{"uv":[12.5,9,14,9.25],"texture":"#particle"},"south":{"uv":[12.25,9,12.5,9.25],"texture":"#particle"},"north":{"uv":[14,9,14.25,9.25],"texture":"#particle"},"up":{"uv":[12.5,11.25,12.25,9.75],"texture":"#particle"},"down":{"uv":[13.25,11.25,13,9.75],"texture":"#particle"}}},{"rotation":{"origin":[9.5,14.5,8],"angle":-22.5,"axis":"z"},"from":[9.5,13.5,5],"to":[10.5,14.5,11],"faces":{"south":{"uv":[12.5,9,12.25,9.25],"texture":"#particle"},"north":{"uv":[14.25,9,14,9.25],"texture":"#particle"},"west":{"uv":[14,9,12.5,9.25],"texture":"#particle"},"up":{"uv":[12.25,11.25,12.5,9.75],"texture":"#particle"},"down":{"uv":[13,11.25,13.25,9.75],"texture":"#particle"}}},{"rotation":{"origin":[6.5,14.5,8],"angle":22.5,"axis":"z"},"from":[4.5,13.5,4],"to":[5.5,14.5,12],"faces":{"east":{"uv":[12.5,8.25,14.5,8.5],"texture":"#particle"},"south":{"uv":[12.25,8.25,12.5,8.5],"texture":"#particle"},"north":{"uv":[14.5,8.25,14.75,8.5],"texture":"#particle"},"up":{"uv":[11,11.5,10.75,9.5],"texture":"#particle"},"down":{"uv":[11.75,11.5,11.5,9.5],"texture":"#particle"}}},{"rotation":{"origin":[9.5,14.5,8],"angle":-22.5,"axis":"z"},"from":[10.5,13.5,4],"to":[11.5,14.5,12],"faces":{"south":{"uv":[12.5,8.25,12.25,8.5],"texture":"#particle"},"north":{"uv":[14.75,8.25,14.5,8.5],"texture":"#particle"},"west":{"uv":[14.5,8.25,12.5,8.5],"texture":"#particle"},"up":{"uv":[10.75,11.5,11,9.5],"texture":"#particle"},"down":{"uv":[11.5,11.5,11.75,9.5],"texture":"#particle"}}},{"rotation":{"origin":[6.5,14.5,8],"angle":22.5,"axis":"z"},"from":[1.5,13.5,3],"to":[4.5,14.5,13],"faces":{"east":{"uv":[8.25,13,10.75,13.25],"texture":"#particle"},"south":{"uv":[14,13,14.75,13.25],"texture":"#particle"},"north":{"uv":[10.75,13,11.5,13.25],"texture":"#particle"},"west":{"uv":[11.5,13,14,13.25],"texture":"#particle"},"up":{"uv":[14.5,12.25,13.75,9.75],"texture":"#particle"},"down":{"uv":[15.75,12.25,15,9.75],"texture":"#particle"}}},{"rotation":{"origin":[9.5,14.5,8],"angle":-22.5,"axis":"z"},"from":[11.5,13.5,3],"to":[14.5,14.5,13],"faces":{"east":{"uv":[14,13,11.5,13.25],"texture":"#particle"},"south":{"uv":[14.75,13,14,13.25],"texture":"#particle"},"north":{"uv":[11.5,13,10.75,13.25],"texture":"#particle"},"west":{"uv":[10.75,13,8.25,13.25],"texture":"#particle"},"up":{"uv":[13.75,12.25,14.5,9.75],"texture":"#particle"},"down":{"uv":[15,12.25,15.75,9.75],"texture":"#particle"}}},{"rotation":{"origin":[6.5,14.5,8],"angle":22.5,"axis":"z"},"from":[0.5,13.5,3],"to":[1.5,14.5,8],"faces":{"south":{"uv":[9.75,13.75,10,14],"texture":"#particle"},"north":{"uv":[8.25,13.75,8.5,14],"texture":"#particle"},"west":{"uv":[8.5,13.75,9.75,14],"texture":"#particle"},"up":{"uv":[8.5,15.75,8.25,14.5],"texture":"#particle"},"down":{"uv":[9.25,15.75,9,14.5],"texture":"#particle"}}},{"rotation":{"origin":[9.5,14.5,8],"angle":-22.5,"axis":"z"},"from":[14.5,13.5,3],"to":[15.5,14.5,8],"faces":{"east":{"uv":[9.75,13.75,8.5,14],"texture":"#particle"},"south":{"uv":[10,13.75,9.75,14],"texture":"#particle"},"north":{"uv":[8.5,13.75,8.25,14],"texture":"#particle"},"up":{"uv":[8.25,15.75,8.5,14.5],"texture":"#particle"},"down":{"uv":[9,15.75,9.25,14.5],"texture":"#particle"}}},{"rotation":{"origin":[6.5,14.5,8],"angle":22.5,"axis":"z"},"from":[0.5,13.5,9],"to":[1.5,14.5,12],"faces":{"south":{"uv":[11.5,13.75,11.75,14],"texture":"#particle"},"north":{"uv":[10.5,13.75,10.75,14],"texture":"#particle"},"west":{"uv":[10.75,13.75,11.5,14],"texture":"#particle"},"up":{"uv":[10,15.25,9.75,14.5],"texture":"#particle"},"down":{"uv":[10.75,15.25,10.5,14.5],"texture":"#particle"}}},{"rotation":{"origin":[9.5,14.5,8],"angle":-22.5,"axis":"z"},"from":[14.5,13.5,9],"to":[15.5,14.5,12],"faces":{"east":{"uv":[11.5,13.75,10.75,14],"texture":"#particle"},"south":{"uv":[11.75,13.75,11.5,14],"texture":"#particle"},"north":{"uv":[10.75,13.75,10.5,14],"texture":"#particle"},"up":{"uv":[9.75,15.25,10,14.5],"texture":"#particle"},"down":{"uv":[10.5,15.25,10.75,14.5],"texture":"#particle"}}},{"rotation":{"origin":[6.5,14.5,8],"angle":22.5,"axis":"z"},"from":[-0.5,13.5,4],"to":[0.5,14.5,7],"faces":{"south":{"uv":[13.25,13.75,13.5,14],"texture":"#particle"},"north":{"uv":[12.25,13.75,12.5,14],"texture":"#particle"},"west":{"uv":[12.5,13.75,13.25,14],"texture":"#particle"},"up":{"uv":[11.5,15.25,11.25,14.5],"texture":"#particle"},"down":{"uv":[12.25,15.25,12,14.5],"texture":"#particle"}}},{"rotation":{"origin":[9.5,14.5,8],"angle":-22.5,"axis":"z"},"from":[15.5,13.5,4],"to":[16.5,14.5,7],"faces":{"east":{"uv":[13.25,13.75,12.5,14],"texture":"#particle"},"south":{"uv":[13.5,13.75,13.25,14],"texture":"#particle"},"north":{"uv":[12.5,13.75,12.25,14],"texture":"#particle"},"up":{"uv":[11.25,15.25,11.5,14.5],"texture":"#particle"},"down":{"uv":[12,15.25,12.25,14.5],"texture":"#particle"}}}],"display":{"head":{"rotation":[11.25,0,0],"translation":[0,8,0],"scale":[1.6,1.6,1.6]},"firstperson_righthand":{"rotation":[22.5,22.5,0],"translation":[0,2,1],"scale":[0.4,0.4,0.4]},"thirdperson_lefthand":{"rotation":[90,45,-8],"translation":[-1.5,2.5,-1.5],"scale":[0.55,0.55,0.55]},"firstperson_lefthand":{"rotation":[22.5,22.5,0],"translation":[0,2,1],"scale":[0.4,0.4,0.4]},"thirdperson_righthand":{"rotation":[90,45,-8],"translation":[-1.5,2.5,-1.5],"scale":[0.55,0.55,0.55]},"ground":{"rotation":[11.25,0,0],"translation":[0,-2,0]},"gui":{"rotation":[30,225,0],"translation":[-0.75,-3,0],"scale":[0.75,0.75,0.75]},"fixed":{"rotation":[-2.5,34.75,0],"translation":[-9,-26,-3.5],"scale":[3.5,3.5,3.5]}}}