{"textures":{"particle":"mineclub/hats/gfx_television_head"},"elements":[{"name":"Element","from":[3,-1,5],"to":[13,9,13],"faces":{"east":{"uv":[7.33333,6,4.66667,9.33333],"texture":"#particle"},"south":{"uv":[7.33333,6,10.66667,9.33333],"texture":"#particle"},"north":{"uv":[0.33333,12.33333,3.66667,15.66667],"texture":"#particle"},"west":{"uv":[4.66667,6,7.33333,9.33333],"texture":"#particle"},"up":{"uv":[7.33333,3.33333,10.66667,6],"texture":"#particle"},"down":{"uv":[7.33333,9.33333,10.66667,12],"texture":"#particle"}}},{"name":"Element","from":[2.5,-1.5,2],"to":[13.5,1.5,7],"faces":{"east":{"uv":[6.33333,4.33333,4.66667,5.33333],"texture":"#particle"},"south":{"uv":[0.33333,10.66667,4,11.66667],"texture":"#particle"},"north":{"uv":[0.33333,7.33333,4,8.33333],"texture":"#particle"},"west":{"uv":[4.66667,4.33333,6.33333,5.33333],"texture":"#particle"},"up":{"uv":[4,7.33333,0.33333,5.66667],"texture":"#particle"},"down":{"uv":[4,10,0.33333,8.33333],"texture":"#particle"}}},{"name":"Element","from":[2.5,1.5,2],"to":[3.5,8.5,7],"faces":{"east":{"uv":[4.66667,0.33333,6.33333,2.66667],"texture":"#particle"},"south":{"uv":[8.33333,0.33333,8.66667,2.66667],"texture":"#particle"},"north":{"uv":[6.33333,0.33333,6.66667,2.66667],"texture":"#particle"},"west":{"uv":[6.66667,0.33333,8.33333,2.66667],"texture":"#particle"}}},{"name":"Element","from":[12.5,1.5,2],"to":[13.5,8.5,7],"faces":{"east":{"uv":[8.33333,0.33333,6.66667,2.66667],"texture":"#particle"},"south":{"uv":[8.66667,0.33333,8.33333,2.66667],"texture":"#particle"},"north":{"uv":[6.66667,0.33333,6.33333,2.66667],"texture":"#particle"},"west":{"uv":[6.33333,0.33333,4.66667,2.66667],"texture":"#particle"}}},{"name":"Element","from":[2.5,8.5,2],"to":[13.5,9.5,7],"faces":{"east":{"uv":[6.33333,3.33333,4.66667,3.66667],"texture":"#particle"},"south":{"uv":[0.33333,4.66667,4,5],"texture":"#particle"},"north":{"uv":[0.33333,2,4,2.33333],"texture":"#particle"},"west":{"uv":[4.66667,3.33333,6.33333,3.66667],"texture":"#particle"},"up":{"uv":[4,2,0.33333,0.33333],"texture":"#particle"},"down":{"uv":[4,4,0.33333,2.33333],"texture":"#particle"}}},{"rotation":{"origin":[8,9.5,5],"angle":22.5,"axis":"z"},"name":"Element","from":[7,9.5,5],"to":[8,15.5,5.01],"faces":{"south":{"uv":[6,10,5.66667,12],"texture":"#particle"},"north":{"uv":[5.66667,10,6,12],"texture":"#particle"}}},{"rotation":{"origin":[8.92388,9.11732,5],"angle":-22.5,"axis":"z"},"name":"Element","from":[7.9239,9.1173,5],"to":[8.9239,15.1173,5.01],"faces":{"south":{"uv":[5,10,4.66667,12],"texture":"#particle"},"north":{"uv":[4.66667,10,5,12],"texture":"#particle"}}},{"name":"Element","from":[3.5,1.5,3],"to":[12.5,8.5,3.01],"faces":{"south":{"uv":[12.33333,0.33333,9.33333,2.66667],"texture":"#particle"},"north":{"uv":[9.33333,0.33333,12.33333,2.66667],"texture":"#particle"}}}],"display":{"head":{"translation":[0,6.4,0],"scale":[1.6,1.6,1.6]},"firstperson_righthand":{"rotation":[0,45,0],"translation":[1.5,2.5,0.5],"scale":[0.4,0.4,0.4]},"thirdperson_lefthand":{"rotation":[75,45,0],"translation":[0,2.5,-0.25],"scale":[0.55,0.55,0.55]},"firstperson_lefthand":{"rotation":[0,45,0],"translation":[1.5,2.5,0.5],"scale":[0.4,0.4,0.4]},"thirdperson_righthand":{"rotation":[75,45,0],"translation":[0,2.5,-0.25],"scale":[0.55,0.55,0.55]},"ground":{"translation":[0,6,0]},"gui":{"rotation":[30,225,0],"translation":[-0.5,3,0],"scale":[0.8,0.8,0.8]},"fixed":{"translation":[0,2.5,0]}}}