{"textures":{"0":"mineclub/hats/tiara","particle":"mineclub/hats/tiara"},"texture_size":[32,32],"elements":[{"from":[3,6,3],"to":[13,7,4],"faces":{"east":{"uv":[2.5,6.5,3,7],"texture":"#0"},"south":{"uv":[0,0.5,5,1],"texture":"#0"},"north":{"uv":[0,0,5,0.5],"texture":"#0"},"west":{"uv":[6.5,6.5,7,7],"texture":"#0"},"up":{"uv":[5,1.5,0,1],"texture":"#0"},"down":{"uv":[5,1.5,0,2],"texture":"#0"}}},{"from":[7,10,3],"to":[9,13,4],"faces":{"east":{"uv":[1,5.5,1.5,7],"texture":"#0"},"south":{"uv":[1,2,2,3.5],"texture":"#0"},"north":{"uv":[0,2,1,3.5],"texture":"#0"},"west":{"uv":[1.5,5.5,2,7],"texture":"#0"},"up":{"uv":[1,6.5,0,6],"texture":"#0"},"down":{"uv":[3,6,2,6.5],"texture":"#0"}}},{"rotation":{"origin":[8,10,4],"angle":45,"axis":"z"},"from":[7,9,2.5],"to":[9,11,4.5],"faces":{"east":{"uv":[3,4,4,5],"texture":"#0"},"south":{"uv":[4,4,5,5],"texture":"#0"},"north":{"uv":[1,3.5,2,4.5],"texture":"#0"},"west":{"uv":[1,4.5,2,5.5],"texture":"#0"},"up":{"uv":[5.5,3,4.5,2],"texture":"#0"},"down":{"uv":[4,5,3,6],"texture":"#0"}}},{"from":[4,8,3],"to":[5,9,4],"faces":{"east":{"uv":[1.5,7,2,7.5],"texture":"#0"},"south":{"uv":[2,7,2.5,7.5],"texture":"#0"},"north":{"uv":[1,7,1.5,7.5],"texture":"#0"},"west":{"uv":[2.5,7,3,7.5],"texture":"#0"},"up":{"uv":[3.5,7.5,3,7],"texture":"#0"},"down":{"uv":[4,7,3.5,7.5],"texture":"#0"}}},{"from":[11,8,3],"to":[12,9,4],"faces":{"east":{"uv":[7.5,2,8,2.5],"texture":"#0"},"south":{"uv":[7.5,2.5,8,3],"texture":"#0"},"north":{"uv":[7.5,1.5,8,2],"texture":"#0"},"west":{"uv":[7.5,3,8,3.5],"texture":"#0"},"up":{"uv":[8,4,7.5,3.5],"texture":"#0"},"down":{"uv":[8,4,7.5,4.5],"texture":"#0"}}},{"from":[5,7,3],"to":[7,8,4],"faces":{"east":{"uv":[6,5.5,6.5,6],"texture":"#0"},"south":{"uv":[5,4,6,4.5],"texture":"#0"},"north":{"uv":[5,1.5,6,2],"texture":"#0"},"west":{"uv":[2,6.5,2.5,7],"texture":"#0"},"up":{"uv":[6,5,5,4.5],"texture":"#0"},"down":{"uv":[3,5.5,2,6],"texture":"#0"}}},{"from":[9,7,3],"to":[11,8,4],"faces":{"east":{"uv":[7.5,0.5,8,1],"texture":"#0"},"south":{"uv":[6,3,7,3.5],"texture":"#0"},"north":{"uv":[6,2.5,7,3],"texture":"#0"},"west":{"uv":[7.5,1,8,1.5],"texture":"#0"},"up":{"uv":[7,4,6,3.5],"texture":"#0"},"down":{"uv":[7,4,6,4.5],"texture":"#0"}}},{"from":[6,8,3],"to":[10,9,4],"faces":{"east":{"uv":[3.5,7.5,4,8],"texture":"#0"},"south":{"uv":[5,0,7,0.5],"texture":"#0"},"north":{"uv":[4,5,6,5.5],"texture":"#0"},"west":{"uv":[4,7.5,4.5,8],"texture":"#0"},"up":{"uv":[7,1,5,0.5],"texture":"#0"},"down":{"uv":[7,1,5,1.5],"texture":"#0"}}},{"from":[5,9,3],"to":[6,11,4],"faces":{"east":{"uv":[3.5,6,4,7],"texture":"#0"},"south":{"uv":[4,6,4.5,7],"texture":"#0"},"north":{"uv":[3,6,3.5,7],"texture":"#0"},"west":{"uv":[4.5,6,5,7],"texture":"#0"},"up":{"uv":[7.5,7,7,6.5],"texture":"#0"},"down":{"uv":[0.5,7.5,0,8],"texture":"#0"}}},{"from":[10,9,3],"to":[11,11,4],"faces":{"east":{"uv":[5.5,6,6,7],"texture":"#0"},"south":{"uv":[6,6,6.5,7],"texture":"#0"},"north":{"uv":[5,6,5.5,7],"texture":"#0"},"west":{"uv":[6,1.5,6.5,2.5],"texture":"#0"},"up":{"uv":[8,8,7.5,7.5],"texture":"#0"},"down":{"uv":[8,0,7.5,0.5],"texture":"#0"}}},{"from":[6,10,3],"to":[7,11,4],"faces":{"east":{"uv":[1,7.5,1.5,8],"texture":"#0"},"south":{"uv":[1.5,7.5,2,8],"texture":"#0"},"north":{"uv":[0.5,7.5,1,8],"texture":"#0"},"west":{"uv":[2,7.5,2.5,8],"texture":"#0"},"up":{"uv":[3,8,2.5,7.5],"texture":"#0"},"down":{"uv":[3.5,7.5,3,8],"texture":"#0"}}},{"from":[9,10,3],"to":[10,11,4],"faces":{"east":{"uv":[5,7.5,5.5,8],"texture":"#0"},"south":{"uv":[5.5,7.5,6,8],"texture":"#0"},"north":{"uv":[4.5,7.5,5,8],"texture":"#0"},"west":{"uv":[6,7.5,6.5,8],"texture":"#0"},"up":{"uv":[7,8,6.5,7.5],"texture":"#0"},"down":{"uv":[7.5,7.5,7,8],"texture":"#0"}}},{"from":[3,6,4],"to":[4,7,9],"faces":{"east":{"uv":[2,2,4.5,2.5],"texture":"#0"},"south":{"uv":[6.5,2,7,2.5],"texture":"#0"},"north":{"uv":[6.5,1.5,7,2],"texture":"#0"},"west":{"uv":[2,2.5,4.5,3],"texture":"#0"},"up":{"uv":[2.5,5.5,2,3],"texture":"#0"},"down":{"uv":[3,3,2.5,5.5],"texture":"#0"}}},{"from":[3,7,7],"to":[4,8,8],"faces":{"east":{"uv":[4.5,7,5,7.5],"texture":"#0"},"south":{"uv":[5,7,5.5,7.5],"texture":"#0"},"north":{"uv":[4,7,4.5,7.5],"texture":"#0"},"west":{"uv":[5.5,7,6,7.5],"texture":"#0"},"up":{"uv":[6.5,7.5,6,7],"texture":"#0"},"down":{"uv":[7,7,6.5,7.5],"texture":"#0"}}},{"from":[12,7,7],"to":[13,8,8],"faces":{"east":{"uv":[4.5,8,5,8.5],"texture":"#0"},"south":{"uv":[5,8,5.5,8.5],"texture":"#0"},"north":{"uv":[4,8,4.5,8.5],"texture":"#0"},"west":{"uv":[5.5,8,6,8.5],"texture":"#0"},"up":{"uv":[6.5,8.5,6,8],"texture":"#0"},"down":{"uv":[7,8,6.5,8.5],"texture":"#0"}}},{"from":[3,7,5],"to":[4,8,6],"faces":{"east":{"uv":[7,3,7.5,3.5],"texture":"#0"},"south":{"uv":[7,3.5,7.5,4],"texture":"#0"},"north":{"uv":[7,2.5,7.5,3],"texture":"#0"},"west":{"uv":[7,4,7.5,4.5],"texture":"#0"},"up":{"uv":[7.5,5,7,4.5],"texture":"#0"},"down":{"uv":[7.5,5,7,5.5],"texture":"#0"}}},{"from":[12,7,5],"to":[13,8,6],"faces":{"east":{"uv":[7.5,6,8,6.5],"texture":"#0"},"south":{"uv":[7.5,6.5,8,7],"texture":"#0"},"north":{"uv":[7.5,5.5,8,6],"texture":"#0"},"west":{"uv":[7.5,7,8,7.5],"texture":"#0"},"up":{"uv":[0.5,8.5,0,8],"texture":"#0"},"down":{"uv":[1,8,0.5,8.5],"texture":"#0"}}},{"from":[3,8,3],"to":[4,9,5],"faces":{"east":{"uv":[4,5.5,5,6],"texture":"#0"},"south":{"uv":[7,6,7.5,6.5],"texture":"#0"},"north":{"uv":[7,5.5,7.5,6],"texture":"#0"},"west":{"uv":[5,5.5,6,6],"texture":"#0"},"up":{"uv":[6,3,5.5,2],"texture":"#0"},"down":{"uv":[6,3,5.5,4],"texture":"#0"}}},{"from":[12,8,3],"to":[13,9,5],"faces":{"east":{"uv":[6,4.5,7,5],"texture":"#0"},"south":{"uv":[7.5,5,8,5.5],"texture":"#0"},"north":{"uv":[7.5,4.5,8,5],"texture":"#0"},"west":{"uv":[6,5,7,5.5],"texture":"#0"},"up":{"uv":[0.5,7.5,0,6.5],"texture":"#0"},"down":{"uv":[1,6.5,0.5,7.5],"texture":"#0"}}},{"from":[3,8,6],"to":[4,9,7],"faces":{"east":{"uv":[7,0,7.5,0.5],"texture":"#0"},"south":{"uv":[7,0.5,7.5,1],"texture":"#0"},"north":{"uv":[7,7,7.5,7.5],"texture":"#0"},"west":{"uv":[7,1,7.5,1.5],"texture":"#0"},"up":{"uv":[7.5,2,7,1.5],"texture":"#0"},"down":{"uv":[7.5,2,7,2.5],"texture":"#0"}}},{"from":[12,8,6],"to":[13,9,7],"faces":{"east":{"uv":[1.5,8,2,8.5],"texture":"#0"},"south":{"uv":[2,8,2.5,8.5],"texture":"#0"},"north":{"uv":[1,8,1.5,8.5],"texture":"#0"},"west":{"uv":[2.5,8,3,8.5],"texture":"#0"},"up":{"uv":[3.5,8.5,3,8],"texture":"#0"},"down":{"uv":[4,8,3.5,8.5],"texture":"#0"}}},{"from":[12,6,4],"to":[13,7,9],"faces":{"east":{"uv":[3,3,5.5,3.5],"texture":"#0"},"south":{"uv":[6.5,6,7,6.5],"texture":"#0"},"north":{"uv":[6.5,5.5,7,6],"texture":"#0"},"west":{"uv":[3,3.5,5.5,4],"texture":"#0"},"up":{"uv":[0.5,6,0,3.5],"texture":"#0"},"down":{"uv":[1,3.5,0.5,6],"texture":"#0"}}}],"display":{"head":{"translation":[0,5.75,-0.5],"scale":[1.6,1.6,1.6]},"firstperson_righthand":{"rotation":[0,30,0],"translation":[2,2,2.5],"scale":[0.4,0.4,0.4]},"thirdperson_lefthand":{"rotation":[75,45,0],"translation":[0,2.5,-0.25],"scale":[0.55,0.55,0.55]},"firstperson_lefthand":{"rotation":[0,30,0],"translation":[2,2,2.5],"scale":[0.4,0.4,0.4]},"thirdperson_righthand":{"rotation":[75,45,0],"translation":[0,0,-0.25],"scale":[0.55,0.55,0.55]},"ground":{"translation":[0,-0.5,0]},"gui":{"rotation":[30,225,0],"translation":[-1.25,0,0],"scale":[0.8,0.8,0.8]},"fixed":{"rotation":[0,90,0],"translation":[0,-3,0]}}}