{"textures":{"particle":"mineclub/hats/gfx_tomato_cap"},"elements":[{"rotation":{"origin":[14.5,15,11.5],"angle":0,"axis":"y"},"from":[3.5,7,3.5],"to":[12.5,10,12.5],"faces":{"east":{"uv":[7.5,5.5,12,7],"texture":"#particle"},"south":{"uv":[7.5,5.5,12,7],"texture":"#particle"},"north":{"uv":[7.5,5.5,12,7],"texture":"#particle"},"west":{"uv":[7.5,5.5,12,7],"texture":"#particle"},"up":{"uv":[12,5.5,7.5,1],"texture":"#particle"}}},{"rotation":{"origin":[14.5,16,11.5],"angle":0,"axis":"y"},"from":[4.5,10,4.5],"to":[11.5,11,11.5],"faces":{"east":{"uv":[7.5,12,11,12.5],"texture":"#particle"},"south":{"uv":[7.5,12,11,12.5],"texture":"#particle"},"north":{"uv":[7.5,12,11,12.5],"texture":"#particle"},"west":{"uv":[7.5,12,11,12.5],"texture":"#particle"},"up":{"uv":[11,12,7.5,8.5],"texture":"#particle"}}},{"rotation":{"origin":[14.5,17,11.5],"angle":0,"axis":"y"},"from":[7.5,11,7.5],"to":[8.5,13,8.5],"faces":{"east":{"uv":[14,1.5,14.5,2.5],"texture":"#particle"},"south":{"uv":[13.5,1.5,14,2.5],"texture":"#particle"},"north":{"uv":[13.5,1.5,14,2.5],"texture":"#particle"},"west":{"uv":[14,1.5,14.5,2.5],"texture":"#particle"},"up":{"uv":[14,1.5,13.5,1],"texture":"#particle"}}},{"rotation":{"origin":[8,11,8],"angle":-45,"axis":"y"},"from":[7,10.5,5],"to":[9,11.5,11],"faces":{"east":{"uv":[1,14.5,4,15],"texture":"#particle"},"south":{"uv":[4,14.5,5,15],"texture":"#particle"},"north":{"uv":[4,14.5,5,15],"texture":"#particle"},"west":{"uv":[1,14.5,4,15],"texture":"#particle"},"up":{"uv":[14.5,7,13.5,4],"texture":"#particle"}}},{"rotation":{"origin":[8,11,8],"angle":-45,"axis":"y"},"from":[5,10.5,7],"to":[11,11.5,9],"faces":{"east":{"uv":[4,14.5,5,15],"texture":"#particle"},"south":{"uv":[1,14.5,4,15],"texture":"#particle"},"north":{"uv":[1,14.5,4,15],"texture":"#particle"},"west":{"uv":[4,14.5,5,15],"texture":"#particle"},"up":{"uv":[4,14.5,1,13.5],"texture":"#particle"}}},{"rotation":{"origin":[14,15,13],"angle":0,"axis":"y"},"from":[3,5,3],"to":[13,7,13],"faces":{"east":{"uv":[1,6,6,7],"texture":"#particle"},"south":{"uv":[1,6,6,7],"texture":"#particle"},"north":{"uv":[1,6,6,7],"texture":"#particle"},"west":{"uv":[1,6,6,7],"texture":"#particle"},"up":{"uv":[6,6,1,1],"texture":"#particle"},"down":{"uv":[6,12,1,7],"texture":"#particle"}}}],"display":{"head":{"translation":[0,6.45,0],"scale":[1.61,1.61,1.61]},"firstperson_righthand":{"rotation":[0,45,0],"translation":[1.5,2,0.5],"scale":[0.4,0.4,0.4]},"thirdperson_lefthand":{"rotation":[75,45,0],"translation":[0,2.5,-0.25],"scale":[0.55,0.55,0.55]},"firstperson_lefthand":{"rotation":[0,45,0],"translation":[1.5,2,0.5],"scale":[0.4,0.4,0.4]},"thirdperson_righthand":{"rotation":[75,45,0],"translation":[0,2.5,-0.25],"scale":[0.55,0.55,0.55]},"gui":{"rotation":[30,225,0]}}}