{"textures":{"particle":"mineclub/hats/gfx_turtle_hat"},"elements":[{"rotation":{"origin":[12,13,11],"angle":0,"axis":"y"},"from":[3,6,3],"to":[13,10,13],"faces":{"east":{"uv":[10.5,5.5,5.5,7.5],"texture":"#particle"},"south":{"uv":[10.5,5.5,15.5,7.5],"texture":"#particle"},"north":{"uv":[0.5,5.5,5.5,7.5],"texture":"#particle"},"west":{"uv":[5.5,5.5,10.5,7.5],"texture":"#particle"},"up":{"uv":[5.5,5.5,0.5,0.5],"texture":"#particle"},"down":{"uv":[5.5,12.5,0.5,7.5],"texture":"#particle"}}},{"rotation":{"origin":[4.20711,5.29289,5.5],"angle":-45,"axis":"z"},"from":[3.20711,3.29289,4.5],"to":[4.20711,5.29289,6.5],"faces":{"east":{"uv":[6,14.5,7,15.5],"texture":"#particle"},"south":{"uv":[8.5,14.5,9,15.5],"texture":"#particle"},"north":{"uv":[7,14.5,7.5,15.5],"texture":"#particle"},"west":{"uv":[7.5,14.5,8.5,15.5],"texture":"#particle"},"down":{"uv":[10.5,15.5,10,14.5],"texture":"#particle"}}},{"rotation":{"origin":[11.79289,5.29289,5.5],"angle":45,"axis":"z"},"from":[11.79289,3.29289,4.5],"to":[12.79289,5.29289,6.5],"faces":{"east":{"uv":[8.5,14.5,7.5,15.5],"texture":"#particle"},"south":{"uv":[9,14.5,8.5,15.5],"texture":"#particle"},"north":{"uv":[7.5,14.5,7,15.5],"texture":"#particle"},"west":{"uv":[7,14.5,6,15.5],"texture":"#particle"},"down":{"uv":[10,15.5,10.5,14.5],"texture":"#particle"}}},{"rotation":{"origin":[4.20711,5.29289,10.5],"angle":-45,"axis":"z"},"from":[3.20711,3.29289,9.5],"to":[4.20711,5.29289,11.5],"faces":{"east":{"uv":[6,14.5,7,15.5],"texture":"#particle"},"south":{"uv":[8.5,14.5,9,15.5],"texture":"#particle"},"north":{"uv":[7,14.5,7.5,15.5],"texture":"#particle"},"west":{"uv":[7.5,14.5,8.5,15.5],"texture":"#particle"},"down":{"uv":[10.5,15.5,10,14.5],"texture":"#particle"}}},{"rotation":{"origin":[11.79289,5.29289,10.5],"angle":45,"axis":"z"},"from":[11.79289,3.29289,9.5],"to":[12.79289,5.29289,11.5],"faces":{"east":{"uv":[8.5,14.5,7.5,15.5],"texture":"#particle"},"south":{"uv":[9,14.5,8.5,15.5],"texture":"#particle"},"north":{"uv":[7.5,14.5,7,15.5],"texture":"#particle"},"west":{"uv":[7,14.5,6,15.5],"texture":"#particle"},"down":{"uv":[10,15.5,10.5,14.5],"texture":"#particle"}}},{"rotation":{"origin":[12,12.5,11.5],"angle":0,"axis":"y"},"from":[7,5.5,12.5],"to":[9,6.5,14.5],"faces":{"east":{"uv":[14.5,15,13.5,15.5],"texture":"#particle"},"south":{"uv":[14.5,15,15.5,15.5],"texture":"#particle"},"west":{"uv":[13.5,15,14.5,15.5],"texture":"#particle"},"up":{"uv":[14.5,14,15.5,15],"texture":"#particle"},"down":{"uv":[11.5,14.5,12.5,15.5],"texture":"#particle"}}},{"rotation":{"origin":[8,5.5,3.5],"angle":0,"axis":"x"},"from":[6.5,5.5,0.5],"to":[9.5,8.5,3.5],"faces":{"east":{"uv":[15,10,13.5,11.5],"texture":"#particle"},"north":{"uv":[12,10,13.5,11.5],"texture":"#particle"},"west":{"uv":[13.5,10,15,11.5],"texture":"#particle"},"up":{"uv":[13.5,10,12,8.5],"texture":"#particle"},"down":{"uv":[13.5,13,12,11.5],"texture":"#particle"}}},{"rotation":{"origin":[11.5,12,11.5],"angle":0,"axis":"y"},"from":[3.5,5,3.5],"to":[12.5,6,12.5],"faces":{"east":{"uv":[5,13.5,0.5,14],"texture":"#particle"},"south":{"uv":[0.5,15,5,15.5],"texture":"#particle"},"north":{"uv":[6.5,8.5,11,9],"texture":"#particle"},"west":{"uv":[0.5,13.5,5,14],"texture":"#particle"},"down":{"uv":[11,13.5,6.5,9],"texture":"#particle"}}},{"rotation":{"origin":[12,15,11],"angle":0,"axis":"y"},"from":[4,10,4],"to":[12,11,12],"faces":{"east":{"uv":[15.5,2,11.5,2.5],"texture":"#particle"},"south":{"uv":[11.5,3.5,15.5,4],"texture":"#particle"},"north":{"uv":[11.5,0.5,15.5,1],"texture":"#particle"},"west":{"uv":[11.5,2,15.5,2.5],"texture":"#particle"},"up":{"uv":[10.5,4.5,6.5,0.5],"texture":"#particle"}}}],"display":{"head":{"translation":[0,6.45,0],"scale":[1.61,1.61,1.61]},"firstperson_righthand":{"rotation":[0,45,0],"translation":[1,2,0.5],"scale":[0.4,0.4,0.4]},"thirdperson_lefthand":{"rotation":[75,45,0],"translation":[0,2.5,-0.25],"scale":[0.55,0.55,0.55]},"firstperson_lefthand":{"rotation":[0,45,0],"translation":[1,2,0.5],"scale":[0.4,0.4,0.4]},"thirdperson_righthand":{"rotation":[75,45,0],"translation":[0,2.5,-0.25],"scale":[0.55,0.55,0.55]},"ground":{"translation":[0,1,0]},"gui":{"rotation":[30,225,0],"translation":[0,0.5,0]}}}