{"textures":{"1":"mineclub/hats/unicorn_two","2":"mineclub/hats/unicorn_one"},"elements":[{"from":[10,2,4],"to":[11,6,6],"faces":{"east":{"uv":[0,0,2,4],"texture":"#missing"},"south":{"uv":[8,11,9,15],"texture":"#2"},"north":{"uv":[0,0,1,4],"texture":"#missing"},"west":{"uv":[7,11,9,15],"texture":"#2"},"up":{"uv":[0,0,1,2],"texture":"#missing"},"down":{"uv":[0,0,1,2],"texture":"#missing"}}},{"from":[10,6,5],"to":[11,7,6],"faces":{"east":{"uv":[0,0,1,1],"texture":"#missing"},"south":{"uv":[3,9,4,10],"texture":"#missing"},"north":{"uv":[0,0,1,1],"texture":"#missing"},"west":{"uv":[8,10,9,11],"texture":"#2"},"up":{"uv":[0,0,1,1],"texture":"#missing"},"down":{"uv":[0,0,1,1],"texture":"#missing"}}},{"from":[10,1,5],"to":[11,2,6],"faces":{"east":{"uv":[0,0,1,1],"texture":"#missing"},"south":{"uv":[0,0,1,1],"texture":"#missing"},"north":{"uv":[0,0,1,1],"texture":"#missing"},"west":{"uv":[8,14,9,15],"texture":"#2"},"up":{"uv":[0,0,1,1],"texture":"#missing"},"down":{"uv":[8,14,9,15],"texture":"#2"}}},{"from":[9,7,5],"to":[11,8,6],"faces":{"east":{"uv":[2,7,3,8],"texture":"#1"},"south":{"uv":[1,7,3,8],"texture":"#1"},"north":{"uv":[2,7,4,8],"texture":"#1"},"west":{"uv":[3,7,4,8],"texture":"#1"},"up":{"uv":[1,7,3,8],"texture":"#1"},"down":{"uv":[3,7,4,8],"texture":"#1"}}},{"from":[9,6,4],"to":[11,7,5],"faces":{"east":{"uv":[4,7,5,8],"texture":"#1"},"south":{"uv":[3,7,4,8],"texture":"#1"},"north":{"uv":[4,7,6,8],"texture":"#1"},"west":{"uv":[3,7,4,8],"texture":"#1"},"up":{"uv":[3,7,5,8],"texture":"#1"},"down":{"uv":[3,7,4,8],"texture":"#1"}}},{"from":[9,1,4],"to":[11,2,5],"faces":{"east":{"uv":[5,3,6,4],"texture":"#1"},"south":{"uv":[3,12,4,13],"texture":"#1"},"north":{"uv":[5,3,7,4],"texture":"#1"},"west":{"uv":[3,12,4,13],"texture":"#1"},"up":{"uv":[3,12,4,13],"texture":"#1"},"down":{"uv":[4,3,6,4],"texture":"#1"}}},{"from":[10,2,6],"to":[12,3,7],"faces":{"east":{"uv":[11,5,12,6],"texture":"#1"},"south":{"uv":[12,5,14,6],"texture":"#1"},"north":{"uv":[5,11,6,12],"texture":"#1"},"west":{"uv":[5,11,6,12],"texture":"#1"},"up":{"uv":[12,5,14,6],"texture":"#1"},"down":{"uv":[13,5,14,6],"texture":"#1"}}},{"from":[9,2,3],"to":[11,6,4],"faces":{"east":{"uv":[10,8,11,12],"texture":"#1"},"south":{"uv":[4,8,5,12],"texture":"#1"},"north":{"uv":[10,8,12,12],"texture":"#1"},"west":{"uv":[4,8,5,12],"texture":"#1"},"up":{"uv":[10,8,12,9],"texture":"#1"},"down":{"uv":[9,11,11,12],"texture":"#1"}}},{"from":[10,1,6],"to":[11,2,8],"faces":{"east":{"uv":[5,12,7,13],"texture":"#1","rotation":180},"south":{"uv":[6,12,7,13],"texture":"#1"},"north":{"uv":[0,0,2,1],"texture":"#1"},"west":{"uv":[5,12,7,13],"texture":"#1"},"up":{"uv":[6,12,7,13],"texture":"#1"},"down":{"uv":[5,12,7,13],"texture":"#1","rotation":270}}},{"from":[11,2,4],"to":[12,6,6],"faces":{"east":{"uv":[9,2,11,6],"texture":"#1"},"south":{"uv":[9,2,10,5],"texture":"#1"},"north":{"uv":[8,2,9,6],"texture":"#1"},"west":{"uv":[0,0,2,4],"texture":"#1"},"up":{"uv":[8,2,9,3],"texture":"#1"},"down":{"uv":[8,5,9,6],"texture":"#1"}}},{"from":[11,6,5],"to":[12,7,6],"faces":{"east":{"uv":[12,2,13,3],"texture":"#1"},"south":{"uv":[12,2,13,3],"texture":"#1"},"north":{"uv":[12,2,13,3],"texture":"#1"},"west":{"uv":[12,2,13,3],"texture":"#1"},"up":{"uv":[12,2,13,3],"texture":"#1"},"down":{"uv":[12,2,13,3],"texture":"#1"}}},{"from":[11,1,5],"to":[12,2,6],"faces":{"east":{"uv":[9,6,10,7],"texture":"#1"},"south":{"uv":[9,6,10,7],"texture":"#1"},"north":{"uv":[9,6,10,7],"texture":"#1"},"west":{"uv":[0,0,1,1],"texture":"#1"},"up":{"uv":[0,0,1,1],"texture":"#1"},"down":{"uv":[9,6,10,7],"texture":"#1"}}},{"rotation":{"origin":[8,8,2],"angle":0,"axis":"y"},"from":[10,2,12],"to":[11,6,14],"faces":{"east":{"uv":[2,0,0,4],"texture":"#missing"},"south":{"uv":[1,0,0,4],"texture":"#missing"},"north":{"uv":[9,11,8,15],"texture":"#2"},"west":{"uv":[9,11,7,15],"texture":"#2"},"up":{"uv":[0,2,1,0],"texture":"#missing"},"down":{"uv":[0,2,1,0],"texture":"#missing"}}},{"rotation":{"origin":[8,8,2],"angle":0,"axis":"y"},"from":[10,6,12],"to":[11,7,13],"faces":{"east":{"uv":[1,0,0,1],"texture":"#missing"},"south":{"uv":[1,0,0,1],"texture":"#missing"},"north":{"uv":[4,9,3,10],"texture":"#missing"},"west":{"uv":[9,10,8,11],"texture":"#2"},"up":{"uv":[0,1,1,0],"texture":"#missing"},"down":{"uv":[0,1,1,0],"texture":"#missing"}}},{"rotation":{"origin":[8,8,2],"angle":0,"axis":"y"},"from":[10,1,12],"to":[11,2,13],"faces":{"east":{"uv":[1,0,2,1],"texture":"#missing"},"south":{"uv":[1,0,2,1],"texture":"#missing"},"north":{"uv":[1,0,2,1],"texture":"#missing"},"west":{"uv":[8,14,9,15],"texture":"#2"},"up":{"uv":[1,0,2,1],"texture":"#missing"},"down":{"uv":[8,14,9,15],"texture":"#2"}}},{"rotation":{"origin":[8,8,2],"angle":0,"axis":"y"},"from":[9,7,12],"to":[11,8,13],"faces":{"east":{"uv":[2,7,3,8],"texture":"#1"},"south":{"uv":[1,7,3,8],"texture":"#1"},"north":{"uv":[2,7,4,8],"texture":"#1"},"west":{"uv":[3,7,4,8],"texture":"#1"},"up":{"uv":[1,7,3,8],"texture":"#1"},"down":{"uv":[1,7,2,8],"texture":"#1"}}},{"rotation":{"origin":[8,8,2],"angle":0,"axis":"y"},"from":[9,6,13],"to":[11,7,14],"faces":{"east":{"uv":[4,7,5,8],"texture":"#1"},"south":{"uv":[3,7,5,8],"texture":"#1"},"north":{"uv":[3,7,4,8],"texture":"#1"},"west":{"uv":[3,7,4,8],"texture":"#1"},"up":{"uv":[3,7,5,8],"texture":"#1"},"down":{"uv":[3,7,4,8],"texture":"#1"}}},{"rotation":{"origin":[8,8,2],"angle":0,"axis":"y"},"from":[9,1,13],"to":[11,2,14],"faces":{"east":{"uv":[5,3,6,4],"texture":"#1"},"south":{"uv":[4,3,6,4],"texture":"#1"},"north":{"uv":[3,12,4,13],"texture":"#1"},"west":{"uv":[3,12,4,13],"texture":"#1"},"up":{"uv":[3,12,4,13],"texture":"#1"},"down":{"uv":[4,3,6,4],"texture":"#1"}}},{"rotation":{"origin":[8,8,2],"angle":0,"axis":"y"},"from":[10,2,11],"to":[12,3,12],"faces":{"east":{"uv":[11,5,12,6],"texture":"#1"},"south":{"uv":[1,0,2,1],"texture":"#1"},"north":{"uv":[11,5,13,6],"texture":"#1"},"west":{"uv":[5,11,6,12],"texture":"#1"},"up":{"uv":[12,5,14,6],"texture":"#1"},"down":{"uv":[13,5,14,6],"texture":"#1"}}},{"rotation":{"origin":[8,8,2],"angle":0,"axis":"y"},"from":[9,2,14],"to":[11,6,15],"faces":{"east":{"uv":[10,8,11,12],"texture":"#1"},"south":{"uv":[9,8,11,12],"texture":"#1"},"north":{"uv":[4,8,5,12],"texture":"#1"},"west":{"uv":[4,8,5,12],"texture":"#1"},"up":{"uv":[9,8,11,9],"texture":"#1"},"down":{"uv":[9,11,11,12],"texture":"#1"}}},{"rotation":{"origin":[8,8,2],"angle":0,"axis":"y"},"from":[10,1,10],"to":[11,2,12],"faces":{"east":{"uv":[5,12,7,13],"texture":"#1"},"south":{"uv":[2,0,4,1],"texture":"#1"},"north":{"uv":[6,12,7,13],"texture":"#1"},"west":{"uv":[5,12,7,13],"texture":"#1","rotation":180},"up":{"uv":[6,12,7,13],"texture":"#1"},"down":{"uv":[5,12,7,13],"texture":"#1","rotation":90}}},{"rotation":{"origin":[8,8,2],"angle":0,"axis":"y"},"from":[11,2,12],"to":[12,6,14],"faces":{"east":{"uv":[8,2,10,6],"texture":"#1"},"south":{"uv":[8,2,9,6],"texture":"#1"},"north":{"uv":[9,2,10,5],"texture":"#1"},"west":{"uv":[1,0,2,4],"texture":"#1"},"up":{"uv":[8,2,9,3],"texture":"#1"},"down":{"uv":[8,5,9,6],"texture":"#1"}}},{"rotation":{"origin":[8,8,2],"angle":0,"axis":"y"},"from":[11,6,12],"to":[12,7,13],"faces":{"east":{"uv":[12,2,13,3],"texture":"#1"},"south":{"uv":[12,2,13,3],"texture":"#1"},"north":{"uv":[12,2,13,3],"texture":"#1"},"west":{"uv":[12,2,13,3],"texture":"#1"},"up":{"uv":[12,2,13,3],"texture":"#1"},"down":{"uv":[12,2,13,3],"texture":"#1"}}},{"rotation":{"origin":[8,8,2],"angle":0,"axis":"y"},"from":[11,1,12],"to":[12,2,13],"faces":{"east":{"uv":[9,6,10,7],"texture":"#1"},"south":{"uv":[9,6,10,7],"texture":"#1"},"north":{"uv":[9,6,10,7],"texture":"#1"},"west":{"uv":[1,0,2,1],"texture":"#1"},"up":{"uv":[1,0,2,1],"texture":"#1"},"down":{"uv":[9,6,10,7],"texture":"#1"}}},{"from":[7,1,8],"to":[8,2,9],"faces":{"east":{"uv":[2,14,3,15],"texture":"#2"},"south":{"uv":[2,14,3,15],"texture":"#2"},"north":{"uv":[2,14,3,15],"texture":"#2"},"west":{"uv":[2,14,3,15],"texture":"#2"},"up":{"uv":[2,14,3,15],"texture":"#2"},"down":{"uv":[2,14,3,15],"texture":"#2"}}},{"from":[7,1,9],"to":[8,2,10],"faces":{"east":{"uv":[3,13,4,14],"texture":"#2"},"south":{"uv":[3,13,4,14],"texture":"#2"},"north":{"uv":[3,13,4,14],"texture":"#2"},"west":{"uv":[3,13,4,14],"texture":"#2"},"up":{"uv":[3,13,4,14],"texture":"#2"},"down":{"uv":[3,13,4,14],"texture":"#2"}}},{"from":[6,1,9],"to":[7,2,10],"faces":{"east":{"uv":[2,14,3,15],"texture":"#2"},"south":{"uv":[2,14,3,15],"texture":"#2"},"north":{"uv":[2,14,3,15],"texture":"#2"},"west":{"uv":[2,14,3,15],"texture":"#2"},"up":{"uv":[2,14,3,15],"texture":"#2"},"down":{"uv":[2,14,3,15],"texture":"#2"}}},{"from":[6,2,8],"to":[7,3,9],"faces":{"east":{"uv":[3,11,4,12],"texture":"#2"},"south":{"uv":[3,11,4,12],"texture":"#2"},"north":{"uv":[3,11,4,12],"texture":"#2"},"west":{"uv":[3,11,4,12],"texture":"#2"},"up":{"uv":[3,11,4,12],"texture":"#2"},"down":{"uv":[3,11,4,12],"texture":"#2"}}},{"from":[6,2,9],"to":[7,3,10],"faces":{"east":{"uv":[4,11,5,12],"texture":"#2"},"south":{"uv":[4,11,5,12],"texture":"#2"},"north":{"uv":[4,11,5,12],"texture":"#2"},"west":{"uv":[4,11,5,12],"texture":"#2"},"up":{"uv":[4,11,5,12],"texture":"#2"},"down":{"uv":[4,11,5,12],"texture":"#2"}}},{"from":[7,2,8],"to":[8,3,9],"faces":{"east":{"uv":[2,13,3,14],"texture":"#2"},"south":{"uv":[2,13,3,14],"texture":"#2"},"north":{"uv":[2,13,3,14],"texture":"#2"},"west":{"uv":[2,13,3,14],"texture":"#2"},"up":{"uv":[2,13,3,14],"texture":"#2"},"down":{"uv":[2,13,3,14],"texture":"#2"}}},{"from":[6,3,9],"to":[7,4,10],"faces":{"east":{"uv":[4,9,5,10],"texture":"#2"},"south":{"uv":[4,9,5,10],"texture":"#2"},"north":{"uv":[4,9,5,10],"texture":"#2"},"west":{"uv":[4,9,5,10],"texture":"#2"},"up":{"uv":[4,9,5,10],"texture":"#2"},"down":{"uv":[4,9,5,10],"texture":"#2"}}},{"from":[6,3,8],"to":[7,4,9],"faces":{"east":{"uv":[4,11,5,12],"texture":"#2"},"south":{"uv":[4,11,5,12],"texture":"#2"},"north":{"uv":[4,11,5,12],"texture":"#2"},"west":{"uv":[4,11,5,12],"texture":"#2"},"up":{"uv":[4,11,5,12],"texture":"#2"},"down":{"uv":[4,11,5,12],"texture":"#2"}}},{"from":[5,3,9],"to":[6,4,10],"faces":{"east":{"uv":[5,7,6,8],"texture":"#2"},"south":{"uv":[5,7,6,8],"texture":"#2"},"north":{"uv":[5,7,6,8],"texture":"#2"},"west":{"uv":[5,7,6,8],"texture":"#2"},"up":{"uv":[5,7,6,8],"texture":"#2"},"down":{"uv":[5,7,6,8],"texture":"#2"}}},{"from":[5,4,8],"to":[6,5,9],"faces":{"east":{"uv":[5,9,6,10],"texture":"#2"},"south":{"uv":[5,9,6,10],"texture":"#2"},"north":{"uv":[5,9,6,10],"texture":"#2"},"west":{"uv":[5,9,6,10],"texture":"#2"},"up":{"uv":[5,9,6,10],"texture":"#2"},"down":{"uv":[5,9,6,10],"texture":"#2"}}},{"from":[5,4,9],"to":[6,5,10],"faces":{"east":{"uv":[5,8,6,9],"texture":"#2"},"south":{"uv":[5,8,6,9],"texture":"#2"},"north":{"uv":[5,8,6,9],"texture":"#2"},"west":{"uv":[5,8,6,9],"texture":"#2"},"up":{"uv":[5,8,6,9],"texture":"#2"},"down":{"uv":[5,8,6,9],"texture":"#2"}}},{"from":[6,4,8],"to":[7,5,9],"faces":{"east":{"uv":[4,9,5,10],"texture":"#2"},"south":{"uv":[4,9,5,10],"texture":"#2"},"north":{"uv":[4,9,5,10],"texture":"#2"},"west":{"uv":[4,9,5,10],"texture":"#2"},"up":{"uv":[4,9,5,10],"texture":"#2"},"down":{"uv":[4,9,5,10],"texture":"#2"}}},{"from":[5,5,8],"to":[6,6,9],"faces":{"east":{"uv":[5,8,6,9],"texture":"#2"},"south":{"uv":[5,8,6,9],"texture":"#2"},"north":{"uv":[5,8,6,9],"texture":"#2"},"west":{"uv":[5,8,6,9],"texture":"#2"},"up":{"uv":[5,8,6,9],"texture":"#2"},"down":{"uv":[5,8,6,9],"texture":"#2"}}},{"from":[5,5,9],"to":[6,6,10],"faces":{"east":{"uv":[6,7,7,8],"texture":"#2"},"south":{"uv":[6,7,7,8],"texture":"#2"},"north":{"uv":[6,7,7,8],"texture":"#2"},"west":{"uv":[6,7,7,8],"texture":"#2"},"up":{"uv":[6,7,7,8],"texture":"#2"},"down":{"uv":[6,7,7,8],"texture":"#2"}}},{"from":[4,5,9],"to":[5,6,10],"faces":{"east":{"uv":[6,6,7,7],"texture":"#2"},"south":{"uv":[6,6,7,7],"texture":"#2"},"north":{"uv":[6,6,7,7],"texture":"#2"},"west":{"uv":[6,6,7,7],"texture":"#2"},"up":{"uv":[6,6,7,7],"texture":"#2"},"down":{"uv":[6,6,7,7],"texture":"#2"}}},{"from":[5,6,8],"to":[6,7,9],"faces":{"east":{"uv":[6,7,7,8],"texture":"#2"},"south":{"uv":[6,7,7,8],"texture":"#2"},"north":{"uv":[6,7,7,8],"texture":"#2"},"west":{"uv":[6,7,7,8],"texture":"#2"},"up":{"uv":[6,7,7,8],"texture":"#2"},"down":{"uv":[6,7,7,8],"texture":"#2"}}},{"from":[4,6,9],"to":[5,7,10],"faces":{"east":{"uv":[6,5,7,6],"texture":"#2"},"south":{"uv":[6,5,7,6],"texture":"#2"},"north":{"uv":[6,5,7,6],"texture":"#2"},"west":{"uv":[6,5,7,6],"texture":"#2"},"up":{"uv":[6,5,7,6],"texture":"#2"},"down":{"uv":[6,5,7,6],"texture":"#2"}}},{"from":[4,6,8],"to":[5,7,9],"faces":{"east":{"uv":[6,6,7,7],"texture":"#2"},"south":{"uv":[6,6,7,7],"texture":"#2"},"north":{"uv":[6,6,7,7],"texture":"#2"},"west":{"uv":[6,6,7,7],"texture":"#2"},"up":{"uv":[6,6,7,7],"texture":"#2"},"down":{"uv":[6,6,7,7],"texture":"#2"}}},{"from":[4,7,8],"to":[5,8,9],"faces":{"east":{"uv":[6,5,7,6],"texture":"#2"},"south":{"uv":[6,5,7,6],"texture":"#2"},"north":{"uv":[6,5,7,6],"texture":"#2"},"west":{"uv":[6,5,7,6],"texture":"#2"},"up":{"uv":[6,5,7,6],"texture":"#2"},"down":{"uv":[6,5,7,6],"texture":"#2"}}}],"display":{"head":{"rotation":[0,-90,0],"translation":[1.25,16,-1.5],"scale":[1.6,1.6,1.6]},"firstperson_righthand":{"translation":[3.5,5,0],"scale":[0.8,0.8,0.8]},"thirdperson_lefthand":{"rotation":[0,-180,0],"translation":[-0.5,5.5,0.75],"scale":[0.8,0.8,0.8]},"firstperson_lefthand":{"rotation":[0,180,0],"translation":[3.5,5,0],"scale":[0.8,0.8,0.8]},"thirdperson_righthand":{"translation":[-0.5,5.5,-0.75],"scale":[0.8,0.8,0.8]},"ground":{"translation":[0,4,0]},"gui":{"rotation":[30,140,0],"translation":[0.5,2,0],"scale":[0.9,0.9,0.9]},"fixed":{"rotation":[0,-90,0],"translation":[0.75,3.5,-2.75]}},"groups":[{"children":[0,1,2,3,4,5,6,7,8,9,10,11,{"children":[12,13,14,15,16,17,18,19,20,21,22,23],"origin":[8,8,8],"name":"right_ear"}],"origin":[8,8,8],"name":"left_ear"},{"children":[24,25,26,27,28,29,30,31,32,33,34,35,36,37,38,39,40,41,42],"origin":[8,8,8],"name":"horn"}]}