{"textures":{"particle":"mineclub/hats/gfx_valkyrie_helmet"},"elements":[{"rotation":{"origin":[19,14,11],"angle":0,"axis":"y"},"from":[3,5,3],"to":[13,7,13],"faces":{"east":{"uv":[10.5,5.5,5.5,6.5],"texture":"#particle"},"south":{"uv":[10.5,5.5,15.5,6.5],"texture":"#particle"},"north":{"uv":[0.5,5.5,5.5,6.5],"texture":"#particle"},"west":{"uv":[5.5,5.5,10.5,6.5],"texture":"#particle"},"up":{"uv":[5.5,5.5,0.5,0.5],"texture":"#particle"},"down":{"uv":[5.5,11.5,0.5,6.5],"texture":"#particle"}}},{"rotation":{"origin":[2.5,6.47227,9.17938],"angle":-45,"axis":"x"},"from":[2,7.47227,7.80438],"to":[3,8.47227,15.80438],"faces":{"east":{"uv":[6.5,8,7,12],"texture":"#particle","rotation":270},"south":{"uv":[7.5,8,7,7.5],"texture":"#particle"},"north":{"uv":[7.5,12.5,7,12],"texture":"#particle","rotation":180},"west":{"uv":[7.5,8,8,12],"texture":"#particle","rotation":90},"up":{"uv":[7,8,7.5,12],"texture":"#particle","rotation":180},"down":{"uv":[8,8,8.5,12],"texture":"#particle"}}},{"rotation":{"origin":[13.5,6.47227,9.17938],"angle":-45,"axis":"x"},"from":[13,7.47227,7.80438],"to":[14,8.47227,15.80438],"faces":{"east":{"uv":[7.5,12,8,8],"texture":"#particle","rotation":90},"south":{"uv":[7,8,7.5,7.5],"texture":"#particle"},"north":{"uv":[7,12.5,7.5,12],"texture":"#particle","rotation":180},"west":{"uv":[6.5,12,7,8],"texture":"#particle","rotation":270},"up":{"uv":[7.5,8,7,12],"texture":"#particle","rotation":180},"down":{"uv":[8.5,8,8,12],"texture":"#particle"}}},{"rotation":{"origin":[2.5,6.47227,9.17938],"angle":-45,"axis":"x"},"from":[2,6.47227,6.80438],"to":[3,7.47227,12.80438],"faces":{"east":{"uv":[9.5,8,10,11],"texture":"#particle","rotation":270},"south":{"uv":[10.5,8,10,7.5],"texture":"#particle"},"north":{"uv":[10.5,11.5,10,11],"texture":"#particle","rotation":180},"west":{"uv":[10.5,8,11,11],"texture":"#particle","rotation":90},"up":{"uv":[10,8,10.5,11],"texture":"#particle","rotation":180},"down":{"uv":[11,8,11.5,11],"texture":"#particle"}}},{"rotation":{"origin":[13.5,6.47227,9.17938],"angle":-45,"axis":"x"},"from":[13,6.47227,6.80438],"to":[14,7.47227,12.80438],"faces":{"east":{"uv":[10.5,11,11,8],"texture":"#particle","rotation":90},"south":{"uv":[10,8,10.5,7.5],"texture":"#particle"},"north":{"uv":[10,11.5,10.5,11],"texture":"#particle","rotation":180},"west":{"uv":[9.5,11,10,8],"texture":"#particle","rotation":270},"up":{"uv":[10.5,8,10,11],"texture":"#particle","rotation":180},"down":{"uv":[11.5,8,11,11],"texture":"#particle"}}},{"rotation":{"origin":[2.5,6.47227,9.17938],"angle":-45,"axis":"x"},"from":[2,5.47227,5.80438],"to":[3,6.47227,10.80438],"faces":{"east":{"uv":[12.5,8,13,10.5],"texture":"#particle","rotation":270},"south":{"uv":[13,7.5,13.5,8],"texture":"#particle"},"north":{"uv":[13,10.5,13.5,11],"texture":"#particle","rotation":180},"west":{"uv":[13.5,8,14,10.5],"texture":"#particle","rotation":90},"up":{"uv":[13,8,13.5,10.5],"texture":"#particle","rotation":180},"down":{"uv":[14,8,14.5,10.5],"texture":"#particle"}}},{"rotation":{"origin":[13.5,6.47227,9.17938],"angle":-45,"axis":"x"},"from":[13,5.47227,5.80438],"to":[14,6.47227,10.80438],"faces":{"east":{"uv":[13.5,10.5,14,8],"texture":"#particle","rotation":90},"south":{"uv":[13.5,7.5,13,8],"texture":"#particle"},"north":{"uv":[13.5,10.5,13,11],"texture":"#particle","rotation":180},"west":{"uv":[12.5,10.5,13,8],"texture":"#particle","rotation":270},"up":{"uv":[13.5,8,13,10.5],"texture":"#particle","rotation":180},"down":{"uv":[14.5,8,14,10.5],"texture":"#particle"}}},{"rotation":{"origin":[2.5,6.47227,9.17938],"angle":-45,"axis":"x"},"from":[2,4.47227,4.80438],"to":[3,5.47227,8.80438],"faces":{"east":{"uv":[9.5,13,10,15],"texture":"#particle","rotation":270},"south":{"uv":[10.5,13,10,12.5],"texture":"#particle"},"north":{"uv":[10.5,15.5,10,15],"texture":"#particle","rotation":180},"west":{"uv":[10.5,13,11,15],"texture":"#particle","rotation":90},"up":{"uv":[10,13,10.5,15],"texture":"#particle","rotation":180},"down":{"uv":[11,13,11.5,15],"texture":"#particle"}}},{"rotation":{"origin":[13.5,6.47227,9.17938],"angle":-45,"axis":"x"},"from":[13,4.47227,4.80438],"to":[14,5.47227,8.80438],"faces":{"east":{"uv":[10.5,15,11,13],"texture":"#particle","rotation":90},"south":{"uv":[10,13,10.5,12.5],"texture":"#particle"},"north":{"uv":[10,15.5,10.5,15],"texture":"#particle","rotation":180},"west":{"uv":[9.5,15,10,13],"texture":"#particle","rotation":270},"up":{"uv":[10.5,13,10,15],"texture":"#particle","rotation":180},"down":{"uv":[11.5,13,11,15],"texture":"#particle"}}},{"rotation":{"origin":[19,12,11],"angle":0,"axis":"y"},"from":[3,3,5],"to":[4,5,10],"faces":{"east":{"uv":[6.5,0.5,9,1.5],"texture":"#particle"},"south":{"uv":[12,0.5,12.5,1.5],"texture":"#particle"},"north":{"uv":[9,0.5,9.5,1.5],"texture":"#particle"},"west":{"uv":[9.5,0.5,12,1.5],"texture":"#particle"},"down":{"uv":[0.5,14,3,14.5],"texture":"#particle","rotation":270}}},{"rotation":{"origin":[-3,12,11],"angle":0,"axis":"y"},"from":[12,3,5],"to":[13,5,10],"faces":{"east":{"uv":[12,0.5,9.5,1.5],"texture":"#particle"},"south":{"uv":[12.5,0.5,12,1.5],"texture":"#particle"},"north":{"uv":[9.5,0.5,9,1.5],"texture":"#particle"},"west":{"uv":[9,0.5,6.5,1.5],"texture":"#particle"},"down":{"uv":[0.5,14.5,3,14],"texture":"#particle","rotation":270}}},{"rotation":{"origin":[19,10,11],"angle":0,"axis":"y"},"from":[3,1,4],"to":[4,3,9],"faces":{"east":{"uv":[6.5,2.5,9,3.5],"texture":"#particle"},"south":{"uv":[12,2.5,12.5,3.5],"texture":"#particle"},"north":{"uv":[9,2.5,9.5,3.5],"texture":"#particle"},"west":{"uv":[9.5,2.5,12,3.5],"texture":"#particle"},"up":{"uv":[13.5,14.5,13,12],"texture":"#particle"},"down":{"uv":[15,14.5,14.5,12],"texture":"#particle"}}},{"rotation":{"origin":[-3,10,11],"angle":0,"axis":"y"},"from":[12,1,4],"to":[13,3,9],"faces":{"east":{"uv":[12,2.5,9.5,3.5],"texture":"#particle"},"south":{"uv":[12.5,2.5,12,3.5],"texture":"#particle"},"north":{"uv":[9.5,2.5,9,3.5],"texture":"#particle"},"west":{"uv":[9,2.5,6.5,3.5],"texture":"#particle"},"up":{"uv":[6.5,15.5,7,13.5],"texture":"#particle"},"down":{"uv":[8,15.5,8.5,13.5],"texture":"#particle"}}},{"rotation":{"origin":[19,9,10],"angle":0,"axis":"y"},"from":[3,0,3],"to":[4,1,7],"faces":{"east":{"uv":[0.5,12.5,2.5,13],"texture":"#particle"},"south":{"uv":[5,12.5,5.5,13],"texture":"#particle"},"north":{"uv":[2.5,12.5,3,13],"texture":"#particle"},"west":{"uv":[3,12.5,5,13],"texture":"#particle"},"up":{"uv":[7,15.5,6.5,13.5],"texture":"#particle"},"down":{"uv":[8.5,15.5,8,13.5],"texture":"#particle"}}},{"rotation":{"origin":[-3,9,10],"angle":0,"axis":"y"},"from":[12,0,3],"to":[13,1,7],"faces":{"east":{"uv":[5,12.5,3,13],"texture":"#particle"},"south":{"uv":[5.5,12.5,5,13],"texture":"#particle"},"north":{"uv":[3,12.5,2.5,13],"texture":"#particle"},"west":{"uv":[2.5,12.5,0.5,13],"texture":"#particle"},"up":{"uv":[6.5,15.5,7,13.5],"texture":"#particle"},"down":{"uv":[8,15.5,8.5,13.5],"texture":"#particle"}}},{"rotation":{"origin":[8,5,2.5],"angle":45,"axis":"z"},"from":[7,4,2],"to":[9,6,3],"faces":{"east":{"uv":[13.5,1,14,2],"texture":"#particle"},"south":{"uv":[15,3.5,14,2.5],"texture":"#particle"},"north":{"uv":[14,1,15,2],"texture":"#particle"},"west":{"uv":[15,1,15.5,2],"texture":"#particle"},"up":{"uv":[15,0.5,14,1],"texture":"#particle"},"down":{"uv":[15,2,14,2.5],"texture":"#particle"}}}],"display":{"head":{"translation":[0,6.4,0],"scale":[1.6,1.6,1.6]},"firstperson_righthand":{"rotation":[0,45,0],"translation":[1,3,0.5],"scale":[0.4,0.4,0.4]},"thirdperson_lefthand":{"rotation":[75,45,0],"translation":[0,2.5,-0.25],"scale":[0.55,0.55,0.55]},"firstperson_lefthand":{"rotation":[0,45,0],"translation":[1,3,0.5],"scale":[0.4,0.4,0.4]},"thirdperson_righthand":{"rotation":[75,45,0],"translation":[0,2.5,-0.25],"scale":[0.55,0.55,0.55]},"ground":{"translation":[0,4.5,0]},"gui":{"rotation":[30,225,0],"translation":[-0.5,1.25,0],"scale":[0.8,0.8,0.8]},"fixed":{"rotation":[0,90,0],"translation":[0.5,2,0]}}}