{"textures":{"particle":"mineclub/hats/viking_helmet"},"elements":[{"from":[3,5,3],"to":[13,7,13],"faces":{"east":{"uv":[10.5,0.5,15.5,1.5],"texture":"#particle"},"south":{"uv":[10.5,0.5,15.5,1.5],"texture":"#particle"},"north":{"uv":[10.5,0.5,15.5,1.5],"texture":"#particle"},"west":{"uv":[10.5,0.5,15.5,1.5],"texture":"#particle"},"up":{"uv":[5.5,5.5,0.5,0.5],"texture":"#particle"},"down":{"uv":[5.5,6.5,0.5,11.5],"texture":"#particle"}}},{"from":[3.4,7,3.4],"to":[12.6,10,12.6],"faces":{"east":{"uv":[11,2.5,15.5,4],"texture":"#particle"},"south":{"uv":[11,2.5,15.5,4],"texture":"#particle"},"north":{"uv":[11,2.5,15.5,4],"texture":"#particle"},"west":{"uv":[11,2.5,15.5,4],"texture":"#particle"},"up":{"uv":[11,11,6.5,6.5],"texture":"#particle"}}},{"rotation":{"origin":[3.5,9,8],"angle":-22.5,"axis":"z"},"from":[1.12187,7.5,6.5],"to":[4.12187,10.5,9.5],"faces":{"south":{"uv":[3.5,12.5,5,14],"texture":"#particle"},"north":{"uv":[0.5,12.5,2,14],"texture":"#particle"},"west":{"uv":[2,12.5,3.5,14],"texture":"#particle"},"up":{"uv":[8,2,6.5,0.5],"texture":"#particle"},"down":{"uv":[7.5,12.5,6,14],"texture":"#particle"}}},{"rotation":{"origin":[12.5,9,8],"angle":22.5,"axis":"z"},"from":[11.87813,7.5,6.5],"to":[14.87813,10.5,9.5],"faces":{"east":{"uv":[3.5,12.5,2,14],"texture":"#particle"},"south":{"uv":[5,12.5,3.5,14],"texture":"#particle"},"north":{"uv":[2,12.5,0.5,14],"texture":"#particle"},"up":{"uv":[6.5,2,8,0.5],"texture":"#particle"},"down":{"uv":[6,12.5,7.5,14],"texture":"#particle"}}},{"rotation":{"origin":[1.3029,9.91007,8],"angle":-45,"axis":"z"},"from":[-1.28148,8.91007,7],"to":[1.71852,10.91007,9],"faces":{"south":{"uv":[11,12,12.5,13],"texture":"#particle"},"north":{"uv":[8.5,12,10,13],"texture":"#particle"},"west":{"uv":[10,12,11,13],"texture":"#particle"},"up":{"uv":[10,4,8.5,3],"texture":"#particle"},"down":{"uv":[15.5,11,14,12],"texture":"#particle"}}},{"rotation":{"origin":[14.6971,9.91007,8],"angle":45,"axis":"z"},"from":[14.28148,8.91007,7],"to":[17.28148,10.91007,9],"faces":{"east":{"uv":[11,12,10,13],"texture":"#particle"},"south":{"uv":[12.5,12,11,13],"texture":"#particle"},"north":{"uv":[10,12,8.5,13],"texture":"#particle"},"up":{"uv":[8.5,4,10,3],"texture":"#particle"},"down":{"uv":[14,11,15.5,12],"texture":"#particle"}}},{"rotation":{"origin":[-0.52453,11.7375,8],"angle":22.5,"axis":"z"},"from":[-1.02453,11.52812,7.5],"to":[-0.02453,13.52812,8.5],"faces":{"east":{"uv":[8.5,14,9,15],"texture":"#particle"},"south":{"uv":[10,14,10.5,15],"texture":"#particle"},"north":{"uv":[9,14,9.5,15],"texture":"#particle"},"west":{"uv":[9.5,14,10,15],"texture":"#particle"},"up":{"uv":[12,15,11.5,14.5],"texture":"#particle"}}},{"rotation":{"origin":[16.52453,11.7375,8],"angle":-22.5,"axis":"z"},"from":[16.02453,11.52812,7.5],"to":[17.02453,13.52812,8.5],"faces":{"east":{"uv":[10,14,9.5,15],"texture":"#particle"},"south":{"uv":[10.5,14,10,15],"texture":"#particle"},"north":{"uv":[9.5,14,9,15],"texture":"#particle"},"west":{"uv":[9,14,8.5,15],"texture":"#particle"},"up":{"uv":[11.5,15,12,14.5],"texture":"#particle"}}},{"from":[4.5,10,4.5],"to":[11.5,11,11.5],"faces":{"east":{"uv":[12,5,15.5,5.5],"texture":"#particle"},"south":{"uv":[12,5,15.5,5.5],"texture":"#particle"},"north":{"uv":[12,5,15.5,5.5],"texture":"#particle"},"west":{"uv":[12,5,15.5,5.5],"texture":"#particle"},"up":{"uv":[15.5,10,12,6.5],"texture":"#particle"}}},{"from":[7.5,12,7.5],"to":[8.5,13,8.5],"faces":{"east":{"uv":[8.5,5,9,5.5],"texture":"#particle"},"south":{"uv":[8.5,5,9,5.5],"texture":"#particle"},"north":{"uv":[8.5,5,9,5.5],"texture":"#particle"},"west":{"uv":[8.5,5,9,5.5],"texture":"#particle"},"up":{"uv":[10.5,5.5,10,5],"texture":"#particle"}}},{"from":[7,11,7],"to":[9,12,9],"faces":{"east":{"uv":[7.5,5,6.5,5.5],"texture":"#particle"},"south":{"uv":[6.5,5,7.5,5.5],"texture":"#particle"},"north":{"uv":[6.5,5,7.5,5.5],"texture":"#particle"},"west":{"uv":[7.5,5,6.5,5.5],"texture":"#particle"},"up":{"uv":[7.5,4,6.5,3],"texture":"#particle"}}}],"display":{"head":{"translation":[0,6.4,0],"scale":[1.6,1.6,1.6]},"firstperson_righthand":{"rotation":[0,45,0],"translation":[1.5,2,0.5],"scale":[0.4,0.4,0.4]},"thirdperson_lefthand":{"rotation":[75,45,0],"translation":[0,2.5,-0.25],"scale":[0.55,0.55,0.55]},"firstperson_lefthand":{"rotation":[0,45,0],"translation":[1.5,2,0.5],"scale":[0.4,0.4,0.4]},"thirdperson_righthand":{"rotation":[75,45,0],"translation":[0,2.5,-0.25],"scale":[0.55,0.55,0.55]},"gui":{"rotation":[30,225,0],"translation":[0,-0.5,0],"scale":[0.8,0.8,0.8]},"fixed":{"rotation":[-90,0,0],"translation":[0,0.25,-4.5],"scale":[2,2,2]}}}