{"textures":{"particle":"mineclub/hats/vr_purple"},"elements":[{"rotation":{"origin":[11,11,13],"angle":0,"axis":"y"},"from":[3,3,5],"to":[4,5,10],"faces":{"east":{"uv":[0,5,2.5,6],"texture":"#particle"},"south":{"uv":[7,6,7.5,7],"texture":"#particle"},"north":{"uv":[7,4,7.5,5],"texture":"#particle"},"west":{"uv":[2.5,5,5,6],"texture":"#particle"},"up":{"uv":[0.5,8.5,0,6],"texture":"#particle"},"down":{"uv":[1,6,0.5,8.5],"texture":"#particle"}}},{"rotation":{"origin":[20,11,13],"angle":0,"axis":"y"},"from":[12,3,5],"to":[13,5,10],"faces":{"east":{"uv":[5,5,7.5,6],"texture":"#particle"},"south":{"uv":[7.5,6,8,7],"texture":"#particle"},"north":{"uv":[7.5,0,8,1],"texture":"#particle"},"west":{"uv":[5,0,7.5,1],"texture":"#particle"},"up":{"uv":[1.5,8.5,1,6],"texture":"#particle"},"down":{"uv":[2,6,1.5,8.5],"texture":"#particle"}}},{"rotation":{"origin":[11,10,12],"angle":0,"axis":"y"},"from":[3,2,4],"to":[4,5,5],"faces":{"east":{"uv":[6,8,6.5,9.5],"texture":"#particle"},"south":{"uv":[6.5,8,7,9.5],"texture":"#particle"},"north":{"uv":[5.5,8,6,9.5],"texture":"#particle"},"west":{"uv":[7,8,7.5,9.5],"texture":"#particle"},"up":{"uv":[8.5,8,8,7.5],"texture":"#particle"},"down":{"uv":[1.5,8.5,1,9],"texture":"#particle"}}},{"rotation":{"origin":[20,10,12],"angle":0,"axis":"y"},"from":[12,2,4],"to":[13,5,5],"faces":{"east":{"uv":[8,8,8.5,9.5],"texture":"#particle"},"south":{"uv":[8,3,8.5,4.5],"texture":"#particle"},"north":{"uv":[7.5,8,8,9.5],"texture":"#particle"},"west":{"uv":[8,4.5,8.5,6],"texture":"#particle"},"up":{"uv":[2,9,1.5,8.5],"texture":"#particle"},"down":{"uv":[9,8.5,8.5,9],"texture":"#particle"}}},{"rotation":{"origin":[11,10,11],"angle":0,"axis":"y"},"from":[3,2,3],"to":[13,5,4],"faces":{"east":{"uv":[8,6,8.5,7.5],"texture":"#particle"},"south":{"uv":[0,1.5,5,3],"texture":"#particle"},"north":{"uv":[0,0,5,1.5],"texture":"#particle"},"west":{"uv":[0,8.5,0.5,10],"texture":"#particle"},"up":{"uv":[10,1.5,5,1],"texture":"#particle"},"down":{"uv":[10,1.5,5,2],"texture":"#particle"}}},{"rotation":{"origin":[11,11,10],"angle":0,"axis":"y"},"from":[3,3,2],"to":[13,5,3],"faces":{"east":{"uv":[8,0,8.5,1],"texture":"#particle"},"south":{"uv":[0,4,5,5],"texture":"#particle"},"north":{"uv":[0,3,5,4],"texture":"#particle"},"west":{"uv":[0.5,8.5,1,9.5],"texture":"#particle"},"up":{"uv":[10,2.5,5,2],"texture":"#particle"},"down":{"uv":[10,2.5,5,3],"texture":"#particle"}}},{"rotation":{"origin":[14,13,11],"angle":0,"axis":"y"},"from":[6,5,3],"to":[10,6,4],"faces":{"east":{"uv":[8.5,0,9,0.5],"texture":"#particle"},"south":{"uv":[5,3.5,7,4],"texture":"#particle"},"north":{"uv":[5,3,7,3.5],"texture":"#particle"},"west":{"uv":[8.5,0.5,9,1],"texture":"#particle"},"up":{"uv":[7,4.5,5,4],"texture":"#particle"},"down":{"uv":[7,4.5,5,5],"texture":"#particle"}}},{"rotation":{"origin":[10,10,17],"angle":0,"axis":"y"},"from":[2,2,9],"to":[4,4,11],"faces":{"east":{"uv":[3,6,4,7],"texture":"#particle"},"south":{"uv":[4,6,5,7],"texture":"#particle"},"north":{"uv":[2,6,3,7],"texture":"#particle"},"west":{"uv":[5,6,6,7],"texture":"#particle"},"up":{"uv":[7,7,6,6],"texture":"#particle"},"down":{"uv":[3,7,2,8],"texture":"#particle"}}},{"rotation":{"origin":[20,10,17],"angle":0,"axis":"y"},"from":[12,2,9],"to":[14,4,11],"faces":{"east":{"uv":[4,7,5,8],"texture":"#particle"},"south":{"uv":[5,7,6,8],"texture":"#particle"},"north":{"uv":[3,7,4,8],"texture":"#particle"},"west":{"uv":[6,7,7,8],"texture":"#particle"},"up":{"uv":[8,8,7,7],"texture":"#particle"},"down":{"uv":[8,3,7,4],"texture":"#particle"}}},{"rotation":{"origin":[2.5,3,10],"angle":45,"axis":"x"},"from":[1.5,2.5,9.5],"to":[2.5,6.5,10.5],"faces":{"east":{"uv":[2,8,2.5,10],"texture":"#particle"},"south":{"uv":[2.5,8,3,10],"texture":"#particle"},"north":{"uv":[7.5,4,8,6],"texture":"#particle"},"west":{"uv":[3,8,3.5,10],"texture":"#particle"},"up":{"uv":[9,3.5,8.5,3],"texture":"#particle"},"down":{"uv":[9,3.5,8.5,4],"texture":"#particle"}}},{"rotation":{"origin":[14.5,3,10],"angle":45,"axis":"x"},"from":[13.5,2.5,9.5],"to":[14.5,6.5,10.5],"faces":{"east":{"uv":[4,8,4.5,10],"texture":"#particle"},"south":{"uv":[4.5,8,5,10],"texture":"#particle"},"north":{"uv":[3.5,8,4,10],"texture":"#particle"},"west":{"uv":[5,8,5.5,10],"texture":"#particle"},"up":{"uv":[9,4.5,8.5,4],"texture":"#particle"},"down":{"uv":[9,4.5,8.5,5],"texture":"#particle"}}}],"display":{"head":{"translation":[0,6.5,0],"scale":[1.6,1.6,1.6]},"thirdperson_righthand":{"scale":[1.6,1.6,1.6]}}}