{"textures":{"particle":"mineclub/hats/gfx_winged_helmet"},"elements":[{"from":[3.25,7,2.75],"to":[12.75,8,13.25],"faces":{"east":{"uv":[0.5,13,5.5,13.5],"texture":"#particle"},"south":{"uv":[6.5,5.5,11,6],"texture":"#particle"},"north":{"uv":[6.5,5.5,11,6],"texture":"#particle"},"west":{"uv":[0.5,13,5.5,13.5],"texture":"#particle"},"up":{"uv":[11,5.5,6.5,0.5],"texture":"#particle"}}},{"from":[3,6,2.5],"to":[13,7,13.5],"faces":{"east":{"uv":[0.5,14.5,6,15],"texture":"#particle"},"south":{"uv":[0.5,6,5.5,6.5],"texture":"#particle"},"north":{"uv":[0.5,6,5.5,6.5],"texture":"#particle"},"west":{"uv":[0.5,14.5,6,15],"texture":"#particle"},"up":{"uv":[5.5,6,0.5,0.5],"texture":"#particle"},"down":{"uv":[5.5,12,0.5,6.5],"texture":"#particle"}}},{"from":[3.75,8,3.25],"to":[12.25,10,12.75],"faces":{"east":{"uv":[7,14,11.5,15],"texture":"#particle"},"south":{"uv":[6.5,11.5,10.5,12.5],"texture":"#particle"},"north":{"uv":[6.5,11.5,10.5,12.5],"texture":"#particle"},"west":{"uv":[7,14,11.5,15],"texture":"#particle"},"up":{"uv":[10.5,11.5,6.5,7],"texture":"#particle"}}},{"rotation":{"origin":[2.99914,9.48951,9.01133],"angle":-22.5,"axis":"x"},"from":[2.5,9,7.5],"to":[3.5,12,10.5],"faces":{"east":{"uv":[13.5,7,12,8.5],"texture":"#particle"},"south":{"uv":[13.5,7,14,8.5],"texture":"#particle"},"north":{"uv":[11.5,7,12,8.5],"texture":"#particle"},"west":{"uv":[12,7,13.5,8.5],"texture":"#particle"},"up":{"uv":[15.5,8.5,15,7],"texture":"#particle"},"down":{"uv":[12,11.5,11.5,13],"texture":"#particle"}}},{"rotation":{"origin":[13.00086,9.48951,9.01133],"angle":-22.5,"axis":"x"},"from":[12.5,9,7.5],"to":[13.5,12,10.5],"faces":{"east":{"uv":[13.5,7,12,8.5],"texture":"#particle"},"south":{"uv":[14,7,13.5,8.5],"texture":"#particle"},"north":{"uv":[12,7,11.5,8.5],"texture":"#particle"},"west":{"uv":[12,7,13.5,8.5],"texture":"#particle"},"up":{"uv":[15,8.5,15.5,7],"texture":"#particle"},"down":{"uv":[11.5,11.5,12,13],"texture":"#particle"}}},{"rotation":{"origin":[2.99914,9.48951,9.01133],"angle":-22.5,"axis":"x"},"from":[3.5,9,7.5],"to":[4.5,10,8.5],"faces":{"south":{"uv":[14.5,15,15,15.5],"texture":"#particle"},"north":{"uv":[14.5,15,15,15.5],"texture":"#particle"},"up":{"uv":[15,15.5,14.5,15],"texture":"#particle"},"down":{"uv":[15,15.5,14.5,15],"texture":"#particle"}}},{"rotation":{"origin":[13.00086,9.48951,9.01133],"angle":-22.5,"axis":"x"},"from":[11.5,9,7.5],"to":[12.5,10,8.5],"faces":{"south":{"uv":[15,15,14.5,15.5],"texture":"#particle"},"north":{"uv":[15,15,14.5,15.5],"texture":"#particle"},"up":{"uv":[14.5,15.5,15,15],"texture":"#particle"},"down":{"uv":[14.5,15.5,15,15],"texture":"#particle"}}},{"rotation":{"origin":[2.99914,9.48951,9.01133],"angle":-22.5,"axis":"x"},"from":[2.5,10,10.5],"to":[3.5,12,12.5],"faces":{"east":{"uv":[12.5,9.5,11.5,10.5],"texture":"#particle"},"south":{"uv":[12.5,9.5,13,10.5],"texture":"#particle"},"west":{"uv":[11.5,9.5,12.5,10.5],"texture":"#particle"},"up":{"uv":[13.5,12.5,13,11.5],"texture":"#particle"},"down":{"uv":[13.5,14.5,13,13.5],"texture":"#particle"}}},{"rotation":{"origin":[13.00086,9.48951,9.01133],"angle":-22.5,"axis":"x"},"from":[12.5,10,10.5],"to":[13.5,12,12.5],"faces":{"east":{"uv":[12.5,9.5,11.5,10.5],"texture":"#particle"},"south":{"uv":[13,9.5,12.5,10.5],"texture":"#particle"},"west":{"uv":[11.5,9.5,12.5,10.5],"texture":"#particle"},"up":{"uv":[13,12.5,13.5,11.5],"texture":"#particle"},"down":{"uv":[13,14.5,13.5,13.5],"texture":"#particle"}}},{"rotation":{"origin":[2.99914,9.48951,9.01133],"angle":-22.5,"axis":"x"},"from":[2.5,11,12.5],"to":[3.5,12,14.5],"faces":{"east":{"uv":[15,9.5,14,10],"texture":"#particle"},"south":{"uv":[15,9.5,15.5,10],"texture":"#particle"},"west":{"uv":[14,9.5,15,10],"texture":"#particle"},"up":{"uv":[15,12,14.5,11],"texture":"#particle"},"down":{"uv":[15,14,14.5,13],"texture":"#particle"}}},{"rotation":{"origin":[13.00086,9.48951,9.01133],"angle":-22.5,"axis":"x"},"from":[12.5,11,12.5],"to":[13.5,12,14.5],"faces":{"east":{"uv":[15,9.5,14,10],"texture":"#particle"},"south":{"uv":[15.5,9.5,15,10],"texture":"#particle"},"west":{"uv":[14,9.5,15,10],"texture":"#particle"},"up":{"uv":[14.5,12,15,11],"texture":"#particle"},"down":{"uv":[14.5,14,15,13],"texture":"#particle"}}},{"from":[5,10,4.5],"to":[11,11,11.5],"faces":{"east":{"uv":[12,5.5,15.5,6],"texture":"#particle"},"south":{"uv":[12,4,15,4.5],"texture":"#particle"},"north":{"uv":[12,4,15,4.5],"texture":"#particle"},"west":{"uv":[12,5.5,15.5,6],"texture":"#particle"},"up":{"uv":[15,4,12,0.5],"texture":"#particle"}}}],"display":{"head":{"rotation":[6,0,0],"translation":[0,7.9,0.5],"scale":[1.6,1.6,1.6]},"firstperson_righthand":{"rotation":[0,45,0],"translation":[1,2.5,0.5],"scale":[0.4,0.4,0.4]},"thirdperson_lefthand":{"rotation":[75,45,0],"translation":[0,2.5,-0.25],"scale":[0.55,0.55,0.55]},"firstperson_lefthand":{"rotation":[0,45,0],"translation":[1,2.5,0.5],"scale":[0.4,0.4,0.4]},"thirdperson_righthand":{"rotation":[75,45,0],"translation":[0,2.5,-0.25],"scale":[0.55,0.55,0.55]},"ground":{"translation":[0,-1,0]},"gui":{"rotation":[30,225,0],"translation":[0,-0.5,0],"scale":[0.8,0.8,0.8]},"fixed":{"rotation":[0,90,0],"translation":[0,-2,0]}}}