{"parent":"minecraft:item/generated","textures":{"layer0":"minecraft:item/flower_pot"},"overrides":[{"predicate":{"custom_model_data":1},"model":"mineclub/items/001"},{"predicate":{"custom_model_data":2},"model":"mineclub/items/002"},{"predicate":{"custom_model_data":3},"model":"mineclub/items/003"},{"predicate":{"custom_model_data":4},"model":"mineclub/items/004"},{"predicate":{"custom_model_data":5},"model":"mineclub/items/005"},{"predicate":{"custom_model_data":6},"model":"mineclub/items/006"},{"predicate":{"custom_model_data":7},"model":"mineclub/items/007"},{"predicate":{"custom_model_data":8},"model":"mineclub/items/008"},{"predicate":{"custom_model_data":9},"model":"mineclub/items/009"},{"predicate":{"custom_model_data":10},"model":"mineclub/items/010"},{"predicate":{"custom_model_data":11},"model":"mineclub/items/011"},{"predicate":{"custom_model_data":12},"model":"mineclub/items/012"},{"predicate":{"custom_model_data":13},"model":"mineclub/items/013"},{"predicate":{"custom_model_data":14},"model":"mineclub/items/014"},{"predicate":{"custom_model_data":15},"model":"mineclub/items/015"},{"predicate":{"custom_model_data":16},"model":"mineclub/items/016"},{"predicate":{"custom_model_data":17},"model":"mineclub/items/017"},{"predicate":{"custom_model_data":18},"model":"mineclub/items/018"},{"predicate":{"custom_model_data":19},"model":"mineclub/items/019"},{"predicate":{"custom_model_data":20},"model":"mineclub/items/020"},{"predicate":{"custom_model_data":21},"model":"mineclub/items/021"},{"predicate":{"custom_model_data":22},"model":"mineclub/items/022"},{"predicate":{"custom_model_data":23},"model":"mineclub/items/023"},{"predicate":{"custom_model_data":24},"model":"mineclub/items/024"},{"predicate":{"custom_model_data":25},"model":"mineclub/items/025"},{"predicate":{"custom_model_data":26},"model":"mineclub/items/026"},{"predicate":{"custom_model_data":27},"model":"mineclub/items/027"},{"predicate":{"custom_model_data":28},"model":"mineclub/items/028"},{"predicate":{"custom_model_data":29},"model":"mineclub/items/029"},{"predicate":{"custom_model_data":30},"model":"mineclub/items/030"},{"predicate":{"custom_model_data":31},"model":"mineclub/items/031"},{"predicate":{"custom_model_data":32},"model":"mineclub/items/032"},{"predicate":{"custom_model_data":33},"model":"mineclub/items/033"},{"predicate":{"custom_model_data":34},"model":"mineclub/items/034"},{"predicate":{"custom_model_data":35},"model":"mineclub/items/035"},{"predicate":{"custom_model_data":36},"model":"mineclub/items/036"},{"predicate":{"custom_model_data":37},"model":"mineclub/items/037"},{"predicate":{"custom_model_data":38},"model":"mineclub/items/038"},{"predicate":{"custom_model_data":39},"model":"mineclub/items/039"},{"predicate":{"custom_model_data":40},"model":"mineclub/items/040"},{"predicate":{"custom_model_data":41},"model":"mineclub/items/041"},{"predicate":{"custom_model_data":42},"model":"mineclub/items/042"},{"predicate":{"custom_model_data":43},"model":"mineclub/items/043"},{"predicate":{"custom_model_data":44},"model":"mineclub/items/044"},{"predicate":{"custom_model_data":45},"model":"mineclub/items/045"},{"predicate":{"custom_model_data":46},"model":"mineclub/items/046"},{"predicate":{"custom_model_data":47},"model":"mineclub/items/047"},{"predicate":{"custom_model_data":48},"model":"mineclub/items/048"},{"predicate":{"custom_model_data":49},"model":"mineclub/items/049"},{"predicate":{"custom_model_data":50},"model":"mineclub/items/050"},{"predicate":{"custom_model_data":51},"model":"mineclub/items/051"},{"predicate":{"custom_model_data":52},"model":"mineclub/items/052"},{"predicate":{"custom_model_data":53},"model":"mineclub/items/053"},{"predicate":{"custom_model_data":54},"model":"mineclub/items/054"},{"predicate":{"custom_model_data":55},"model":"mineclub/items/055"},{"predicate":{"custom_model_data":56},"model":"mineclub/items/056"},{"predicate":{"custom_model_data":57},"model":"mineclub/items/057"},{"predicate":{"custom_model_data":58},"model":"mineclub/items/058"},{"predicate":{"custom_model_data":59},"model":"mineclub/items/059"},{"predicate":{"custom_model_data":60},"model":"mineclub/items/060"},{"predicate":{"custom_model_data":61},"model":"mineclub/items/061"},{"predicate":{"custom_model_data":62},"model":"mineclub/items/062"},{"predicate":{"custom_model_data":63},"model":"mineclub/items/063"}]}