{"parent":"item/generated","textures":{"layer0":"item/leather_horse_armor"},"overrides":[{"predicate":{"custom_model_data":1},"model":"mineclub/titles/artist"},{"predicate":{"custom_model_data":2},"model":"mineclub/titles/daydreamer"},{"predicate":{"custom_model_data":3},"model":"mineclub/titles/stylish"},{"predicate":{"custom_model_data":4},"model":"mineclub/titles/royal"},{"predicate":{"custom_model_data":5},"model":"mineclub/titles/hatchling"},{"predicate":{"custom_model_data":6},"model":"mineclub/titles/nerd"},{"predicate":{"custom_model_data":7},"model":"mineclub/titles/splashy"},{"predicate":{"custom_model_data":8},"model":"mineclub/titles/addicted"},{"predicate":{"custom_model_data":9},"model":"mineclub/titles/lucky"},{"predicate":{"custom_model_data":10},"model":"mineclub/titles/merry"},{"predicate":{"custom_model_data":11},"model":"mineclub/titles/hustler"},{"predicate":{"custom_model_data":12},"model":"mineclub/titles/foodie"},{"predicate":{"custom_model_data":13},"model":"mineclub/titles/magical"},{"predicate":{"custom_model_data":14},"model":"mineclub/titles/scholar"},{"predicate":{"custom_model_data":15},"model":"mineclub/titles/bumble"},{"predicate":{"custom_model_data":16},"model":"mineclub/titles/champion"},{"predicate":{"custom_model_data":17},"model":"mineclub/titles/firebolt"},{"predicate":{"custom_model_data":18},"model":"mineclub/titles/inferno"},{"predicate":{"custom_model_data":19},"model":"mineclub/titles/nautical"},{"predicate":{"custom_model_data":20},"model":"mineclub/titles/scuba"},{"predicate":{"custom_model_data":21},"model":"mineclub/titles/criminal"},{"predicate":{"custom_model_data":22},"model":"mineclub/titles/glamorous"},{"predicate":{"custom_model_data":23},"model":"mineclub/titles/captain"},{"predicate":{"custom_model_data":24},"model":"mineclub/titles/blessed"},{"predicate":{"custom_model_data":25},"model":"mineclub/titles/athlete"},{"predicate":{"custom_model_data":26},"model":"mineclub/titles/flutter"},{"predicate":{"custom_model_data":27},"model":"mineclub/titles/elegant"},{"predicate":{"custom_model_data":28},"model":"mineclub/titles/celestial"},{"predicate":{"custom_model_data":29},"model":"mineclub/titles/vampire"},{"predicate":{"custom_model_data":30},"model":"mineclub/titles/vader"},{"predicate":{"custom_model_data":31},"model":"mineclub/titles/empty"},{"predicate":{"custom_model_data":32},"model":"mineclub/titles/stacked"},{"predicate":{"custom_model_data":33},"model":"mineclub/titles/scientist"},{"predicate":{"custom_model_data":34},"model":"mineclub/titles/cosmic"},{"predicate":{"custom_model_data":35},"model":"mineclub/titles/haunted"},{"predicate":{"custom_model_data":36},"model":"mineclub/titles/astronaut"},{"predicate":{"custom_model_data":37},"model":"mineclub/titles/chef"},{"predicate":{"custom_model_data":38},"model":"mineclub/titles/gifted"},{"predicate":{"custom_model_data":39},"model":"mineclub/titles/spooky"},{"predicate":{"custom_model_data":40},"model":"mineclub/titles/creative"},{"predicate":{"custom_model_data":41},"model":"mineclub/titles/wavey"},{"predicate":{"custom_model_data":42},"model":"mineclub/titles/stormy"},{"predicate":{"custom_model_data":43},"model":"mineclub/titles/staff_owner"},{"predicate":{"custom_model_data":44},"model":"mineclub/titles/staff_manager"},{"predicate":{"custom_model_data":45},"model":"mineclub/titles/staff_admin"},{"predicate":{"custom_model_data":46},"model":"mineclub/titles/staff_moderator"},{"predicate":{"custom_model_data":47},"model":"mineclub/titles/staff_guide"},{"predicate":{"custom_model_data":48},"model":"mineclub/titles/staff_team"},{"predicate":{"custom_model_data":49},"model":"mineclub/titles/caesar"},{"predicate":{"custom_model_data":50},"model":"mineclub/titles/wicked"},{"predicate":{"custom_model_data":51},"model":"mineclub/titles/007"},{"predicate":{"custom_model_data":52},"model":"mineclub/titles/pupular"},{"predicate":{"custom_model_data":53},"model":"mineclub/titles/yoda"},{"predicate":{"custom_model_data":54},"model":"mineclub/titles/herobrine"},{"predicate":{"custom_model_data":55},"model":"mineclub/titles/zombie"},{"predicate":{"custom_model_data":56},"model":"mineclub/titles/creeper"},{"predicate":{"custom_model_data":57},"model":"mineclub/titles/classical"},{"predicate":{"custom_model_data":58},"model":"mineclub/titles/hatter"},{"predicate":{"custom_model_data":59},"model":"mineclub/titles/venus"},{"predicate":{"custom_model_data":60},"model":"mineclub/titles/sherlock"},{"predicate":{"custom_model_data":61},"model":"mineclub/titles/bot"},{"predicate":{"custom_model_data":62},"model":"mineclub/titles/golden"},{"predicate":{"custom_model_data":63},"model":"mineclub/titles/icebreaker"},{"predicate":{"custom_model_data":64},"model":"mineclub/titles/mozart"},{"predicate":{"custom_model_data":65},"model":"mineclub/titles/groggy"},{"predicate":{"custom_model_data":66},"model":"mineclub/titles/married"},{"predicate":{"custom_model_data":67},"model":"mineclub/titles/buggy"},{"predicate":{"custom_model_data":68},"model":"mineclub/titles/groovy"},{"predicate":{"custom_model_data":69},"model":"mineclub/titles/pawsome"},{"predicate":{"custom_model_data":70},"model":"mineclub/titles/devil"},{"predicate":{"custom_model_data":71},"model":"mineclub/titles/friendly"},{"predicate":{"custom_model_data":72},"model":"mineclub/titles/ninja"},{"predicate":{"custom_model_data":73},"model":"mineclub/titles/fairy"},{"predicate":{"custom_model_data":74},"model":"mineclub/titles/surfer"},{"predicate":{"custom_model_data":75},"model":"mineclub/titles/goblin"},{"predicate":{"custom_model_data":76},"model":"mineclub/titles/endergetic"},{"predicate":{"custom_model_data":77},"model":"mineclub/titles/rockstar"},{"predicate":{"custom_model_data":78},"model":"mineclub/titles/dragon"},{"predicate":{"custom_model_data":79},"model":"mineclub/titles/enchanted"},{"predicate":{"custom_model_data":80},"model":"mineclub/titles/oracle"},{"predicate":{"custom_model_data":81},"model":"mineclub/titles/bookworm"},{"predicate":{"custom_model_data":82},"model":"mineclub/titles/newbie"},{"predicate":{"custom_model_data":83},"model":"mineclub/titles/pride"},{"predicate":{"custom_model_data":84},"model":"mineclub/titles/cold"},{"predicate":{"custom_model_data":85},"model":"mineclub/titles/alien"},{"predicate":{"custom_model_data":86},"model":"mineclub/titles/mystery"},{"predicate":{"custom_model_data":87},"model":"mineclub/titles/beta"},{"predicate":{"custom_model_data":88},"model":"mineclub/titles/cupid"},{"predicate":{"custom_model_data":89},"model":"mineclub/titles/undead"},{"predicate":{"custom_model_data":90},"model":"mineclub/titles/hungry"},{"predicate":{"custom_model_data":91},"model":"mineclub/titles/impasta"},{"predicate":{"custom_model_data":92},"model":"mineclub/titles/cheesy"},{"predicate":{"custom_model_data":93},"model":"mineclub/titles/lifesaver"},{"predicate":{"custom_model_data":94},"model":"mineclub/titles/sheriff"},{"predicate":{"custom_model_data":95},"model":"mineclub/titles/explorer"},{"predicate":{"custom_model_data":96},"model":"mineclub/titles/ouchie"},{"predicate":{"custom_model_data":97},"model":"mineclub/titles/yummy"},{"predicate":{"custom_model_data":98},"model":"mineclub/titles/easter"},{"predicate":{"custom_model_data":99},"model":"mineclub/titles/spring"},{"predicate":{"custom_model_data":100},"model":"mineclub/ui/colors"},{"predicate":{"custom_model_data":101},"model":"mineclub/titles/equipped_artist"},{"predicate":{"custom_model_data":102},"model":"mineclub/titles/equipped_daydreamer"},{"predicate":{"custom_model_data":103},"model":"mineclub/titles/equipped_stylish"},{"predicate":{"custom_model_data":104},"model":"mineclub/titles/equipped_royal"},{"predicate":{"custom_model_data":105},"model":"mineclub/titles/equipped_hatchling"},{"predicate":{"custom_model_data":106},"model":"mineclub/titles/equipped_nerd"},{"predicate":{"custom_model_data":107},"model":"mineclub/titles/equipped_splashy"},{"predicate":{"custom_model_data":108},"model":"mineclub/titles/equipped_addicted"},{"predicate":{"custom_model_data":109},"model":"mineclub/titles/equipped_lucky"},{"predicate":{"custom_model_data":110},"model":"mineclub/titles/equipped_merry"},{"predicate":{"custom_model_data":111},"model":"mineclub/titles/equipped_hustler"},{"predicate":{"custom_model_data":112},"model":"mineclub/titles/equipped_foodie"},{"predicate":{"custom_model_data":113},"model":"mineclub/titles/equipped_magical"},{"predicate":{"custom_model_data":114},"model":"mineclub/titles/equipped_scholar"},{"predicate":{"custom_model_data":115},"model":"mineclub/titles/equipped_bumble"},{"predicate":{"custom_model_data":116},"model":"mineclub/titles/equipped_champion"},{"predicate":{"custom_model_data":117},"model":"mineclub/titles/equipped_firebolt"},{"predicate":{"custom_model_data":118},"model":"mineclub/titles/equipped_inferno"},{"predicate":{"custom_model_data":119},"model":"mineclub/titles/equipped_nautical"},{"predicate":{"custom_model_data":120},"model":"mineclub/titles/equipped_scuba"},{"predicate":{"custom_model_data":121},"model":"mineclub/titles/equipped_criminal"},{"predicate":{"custom_model_data":122},"model":"mineclub/titles/equipped_glamorous"},{"predicate":{"custom_model_data":123},"model":"mineclub/titles/equipped_captain"},{"predicate":{"custom_model_data":124},"model":"mineclub/titles/equipped_blessed"},{"predicate":{"custom_model_data":125},"model":"mineclub/titles/equipped_athlete"},{"predicate":{"custom_model_data":126},"model":"mineclub/titles/equipped_flutter"},{"predicate":{"custom_model_data":127},"model":"mineclub/titles/equipped_elegant"},{"predicate":{"custom_model_data":128},"model":"mineclub/titles/equipped_celestial"},{"predicate":{"custom_model_data":129},"model":"mineclub/titles/equipped_vampire"},{"predicate":{"custom_model_data":130},"model":"mineclub/titles/equipped_vader"},{"predicate":{"custom_model_data":131},"model":"mineclub/titles/equipped_player"},{"predicate":{"custom_model_data":132},"model":"mineclub/titles/equipped_stacked"},{"predicate":{"custom_model_data":133},"model":"mineclub/titles/equipped_scientist"},{"predicate":{"custom_model_data":134},"model":"mineclub/titles/equipped_cosmic"},{"predicate":{"custom_model_data":135},"model":"mineclub/titles/equipped_haunted"},{"predicate":{"custom_model_data":136},"model":"mineclub/titles/equipped_astronaut"},{"predicate":{"custom_model_data":137},"model":"mineclub/titles/equipped_chef"},{"predicate":{"custom_model_data":138},"model":"mineclub/titles/equipped_gifted"},{"predicate":{"custom_model_data":139},"model":"mineclub/titles/equipped_spooky"},{"predicate":{"custom_model_data":140},"model":"mineclub/titles/equipped_creative"},{"predicate":{"custom_model_data":141},"model":"mineclub/titles/equipped_wavey"},{"predicate":{"custom_model_data":142},"model":"mineclub/titles/equipped_stormy"},{"predicate":{"custom_model_data":143},"model":"mineclub/titles/staff_owner_equipped"},{"predicate":{"custom_model_data":144},"model":"mineclub/titles/staff_manager_equipped"},{"predicate":{"custom_model_data":145},"model":"mineclub/titles/staff_admin_equipped"},{"predicate":{"custom_model_data":146},"model":"mineclub/titles/staff_moderator_equipped"},{"predicate":{"custom_model_data":147},"model":"mineclub/titles/staff_guide_equipped"},{"predicate":{"custom_model_data":148},"model":"mineclub/titles/staff_team_equipped"},{"predicate":{"custom_model_data":149},"model":"mineclub/titles/equipped_caesar"},{"predicate":{"custom_model_data":150},"model":"mineclub/titles/equipped_wicked"},{"predicate":{"custom_model_data":151},"model":"mineclub/titles/equipped_007"},{"predicate":{"custom_model_data":152},"model":"mineclub/titles/equipped_pupular"},{"predicate":{"custom_model_data":153},"model":"mineclub/titles/equipped_yoda"},{"predicate":{"custom_model_data":154},"model":"mineclub/titles/equipped_herobrine"},{"predicate":{"custom_model_data":155},"model":"mineclub/titles/equipped_zombie"},{"predicate":{"custom_model_data":156},"model":"mineclub/titles/equipped_creeper"},{"predicate":{"custom_model_data":157},"model":"mineclub/titles/equipped_classical"},{"predicate":{"custom_model_data":158},"model":"mineclub/titles/equipped_hatter"},{"predicate":{"custom_model_data":159},"model":"mineclub/titles/equipped_venus"},{"predicate":{"custom_model_data":160},"model":"mineclub/titles/equipped_sherlock"},{"predicate":{"custom_model_data":161},"model":"mineclub/titles/equipped_bot"},{"predicate":{"custom_model_data":162},"model":"mineclub/titles/equipped_golden"},{"predicate":{"custom_model_data":163},"model":"mineclub/titles/equipped_icebreaker"},{"predicate":{"custom_model_data":164},"model":"mineclub/titles/equipped_mozart"},{"predicate":{"custom_model_data":165},"model":"mineclub/titles/equipped_groggy"},{"predicate":{"custom_model_data":166},"model":"mineclub/titles/equipped_married"},{"predicate":{"custom_model_data":167},"model":"mineclub/titles/equipped_buggy"},{"predicate":{"custom_model_data":168},"model":"mineclub/titles/equipped_groovy"},{"predicate":{"custom_model_data":169},"model":"mineclub/titles/equipped_pawsome"},{"predicate":{"custom_model_data":170},"model":"mineclub/titles/equipped_devil"},{"predicate":{"custom_model_data":171},"model":"mineclub/titles/equipped_friendly"},{"predicate":{"custom_model_data":172},"model":"mineclub/titles/equipped_ninja"},{"predicate":{"custom_model_data":173},"model":"mineclub/titles/equipped_fairy"},{"predicate":{"custom_model_data":174},"model":"mineclub/titles/equipped_surfer"},{"predicate":{"custom_model_data":175},"model":"mineclub/titles/equipped_goblin"},{"predicate":{"custom_model_data":176},"model":"mineclub/titles/equipped_endergetic"},{"predicate":{"custom_model_data":177},"model":"mineclub/titles/equipped_rockstar"},{"predicate":{"custom_model_data":178},"model":"mineclub/titles/equipped_dragon"},{"predicate":{"custom_model_data":179},"model":"mineclub/titles/equipped_enchanted"},{"predicate":{"custom_model_data":180},"model":"mineclub/titles/equipped_oracle"},{"predicate":{"custom_model_data":181},"model":"mineclub/titles/equipped_bookworm"},{"predicate":{"custom_model_data":182},"model":"mineclub/titles/equipped_newbie"},{"predicate":{"custom_model_data":183},"model":"mineclub/titles/equipped_pride"},{"predicate":{"custom_model_data":184},"model":"mineclub/titles/equipped_cold"},{"predicate":{"custom_model_data":185},"model":"mineclub/titles/equipped_alien"},{"predicate":{"custom_model_data":186},"model":"mineclub/titles/equipped_mystery"},{"predicate":{"custom_model_data":187},"model":"mineclub/titles/equipped_beta"},{"predicate":{"custom_model_data":188},"model":"mineclub/titles/equipped_cupid"},{"predicate":{"custom_model_data":189},"model":"mineclub/titles/equipped_undead"},{"predicate":{"custom_model_data":190},"model":"mineclub/titles/equipped_hungry"},{"predicate":{"custom_model_data":191},"model":"mineclub/titles/equipped_impasta"},{"predicate":{"custom_model_data":192},"model":"mineclub/titles/equipped_cheesy"},{"predicate":{"custom_model_data":193},"model":"mineclub/titles/equipped_lifesaver"},{"predicate":{"custom_model_data":194},"model":"mineclub/titles/equipped_sheriff"},{"predicate":{"custom_model_data":195},"model":"mineclub/titles/equipped_explorer"},{"predicate":{"custom_model_data":196},"model":"mineclub/titles/equipped_ouchie"},{"predicate":{"custom_model_data":197},"model":"mineclub/titles/equipped_yummy"},{"predicate":{"custom_model_data":198},"model":"mineclub/titles/equipped_easter"},{"predicate":{"custom_model_data":199},"model":"mineclub/titles/equipped_spring"},{"predicate":{"custom_model_data":200},"model":"mineclub/titles/summer"},{"predicate":{"custom_model_data":201},"model":"mineclub/images/empty"},{"predicate":{"custom_model_data":202},"model":"mineclub/ui/profile_colors"},{"predicate":{"custom_model_data":203},"model":"mineclub/games/battlebox/flag"},{"predicate":{"custom_model_data":204},"model":"mineclub/games/battlebox/flagtop"},{"predicate":{"custom_model_data":300},"model":"mineclub/titles/equipped_summer"},{"predicate":{"custom_model_data":301},"model":"mineclub/games/lasertag/gemstone"}]}