{"parent":"builtin/generated","textures":{"layer0":"item/paper"},"overrides":[{"predicate":{"custom_model_data":1},"model":"mineclub/hats/santa_hat"},{"predicate":{"custom_model_data":2},"model":"mineclub/hats/winged"},{"predicate":{"custom_model_data":3},"model":"mineclub/hats/steam_goggles"},{"predicate":{"custom_model_data":4},"model":"mineclub/hats/straw_hat"},{"predicate":{"custom_model_data":5},"model":"mineclub/hats/top_hat"},{"predicate":{"custom_model_data":6},"model":"mineclub/hats/ushanka"},{"predicate":{"custom_model_data":7},"model":"mineclub/hats/viking_helmet"},{"predicate":{"custom_model_data":8},"model":"mineclub/hats/empty"},{"predicate":{"custom_model_data":9},"model":"mineclub/hats/police_hat"},{"predicate":{"custom_model_data":10},"model":"mineclub/hats/pirate_hat"},{"predicate":{"custom_model_data":11},"model":"mineclub/hats/hypno_goggles"},{"predicate":{"custom_model_data":12},"model":"mineclub/hats/native_headband"},{"predicate":{"custom_model_data":13},"model":"mineclub/hats/headphones"},{"predicate":{"custom_model_data":14},"model":"mineclub/hats/halo"},{"predicate":{"custom_model_data":15},"model":"mineclub/hats/fedora"},{"predicate":{"custom_model_data":16},"model":"mineclub/hats/empty"},{"predicate":{"custom_model_data":17},"model":"mineclub/hats/devil_horns"},{"predicate":{"custom_model_data":18},"model":"mineclub/hats/empty"},{"predicate":{"custom_model_data":19},"model":"mineclub/hats/cat_ears"},{"predicate":{"custom_model_data":20},"model":"mineclub/hats/bunny_ears"},{"predicate":{"custom_model_data":21},"model":"mineclub/hats/aviators"},{"predicate":{"custom_model_data":22},"model":"mineclub/hats/unicorn_hat"},{"predicate":{"custom_model_data":23},"model":"mineclub/hats/beta_blue"},{"predicate":{"custom_model_data":24},"model":"mineclub/hats/beta_light_green"},{"predicate":{"custom_model_data":25},"model":"mineclub/hats/beta_magenta"},{"predicate":{"custom_model_data":26},"model":"mineclub/hats/beta_orange"},{"predicate":{"custom_model_data":27},"model":"mineclub/hats/beta_red"},{"predicate":{"custom_model_data":28},"model":"mineclub/hats/beta_white"},{"predicate":{"custom_model_data":29},"model":"mineclub/hats/vr"},{"predicate":{"custom_model_data":30},"model":"mineclub/hats/vrred"},{"predicate":{"custom_model_data":31},"model":"mineclub/hats/vrgreen"},{"predicate":{"custom_model_data":32},"model":"mineclub/hats/vrorange"},{"predicate":{"custom_model_data":33},"model":"mineclub/hats/vrpurple"},{"predicate":{"custom_model_data":34},"model":"mineclub/hats/astro"},{"predicate":{"custom_model_data":35},"model":"mineclub/hats/bandana"},{"predicate":{"custom_model_data":36},"model":"mineclub/hats/cowboyhat"},{"predicate":{"custom_model_data":37},"model":"mineclub/hats/elf"},{"predicate":{"custom_model_data":38},"model":"mineclub/hats/fedora2"},{"predicate":{"custom_model_data":39},"model":"mineclub/hats/empty"},{"predicate":{"custom_model_data":40},"model":"mineclub/hats/empty"},{"predicate":{"custom_model_data":41},"model":"mineclub/hats/empty"},{"predicate":{"custom_model_data":42},"model":"mineclub/hats/sailor"},{"predicate":{"custom_model_data":43},"model":"mineclub/hats/scuba2"},{"predicate":{"custom_model_data":44},"model":"mineclub/hats/empty"},{"predicate":{"custom_model_data":45},"model":"mineclub/hats/seuss"},{"predicate":{"custom_model_data":46},"model":"mineclub/hats/empty"},{"predicate":{"custom_model_data":47},"model":"mineclub/hats/antlers"},{"predicate":{"custom_model_data":48},"model":"mineclub/hats/tiara"},{"predicate":{"custom_model_data":49},"model":"mineclub/hats/tomato_cap"},{"predicate":{"custom_model_data":50},"model":"mineclub/hats/sombrero"},{"predicate":{"custom_model_data":51},"model":"mineclub/hats/dinosaur_hat"},{"predicate":{"custom_model_data":52},"model":"mineclub/hats/crown"},{"predicate":{"custom_model_data":53},"model":"mineclub/hats/cactus_cap"},{"predicate":{"custom_model_data":54},"model":"mineclub/hats/gasmask"},{"predicate":{"custom_model_data":55},"model":"mineclub/hats/jellyfish"},{"predicate":{"custom_model_data":56},"model":"mineclub/hats/motorcycle"},{"predicate":{"custom_model_data":57},"model":"mineclub/hats/mushroom_cap"},{"predicate":{"custom_model_data":58},"model":"mineclub/hats/spideronh"},{"predicate":{"custom_model_data":59},"model":"mineclub/hats/empty"},{"predicate":{"custom_model_data":60},"model":"mineclub/hats/disguise"},{"predicate":{"custom_model_data":61},"model":"mineclub/hats/empty"},{"predicate":{"custom_model_data":62},"model":"mineclub/hats/miner_helmet"},{"predicate":{"custom_model_data":63},"model":"mineclub/hats/nightvision_goggles"},{"predicate":{"custom_model_data":64},"model":"mineclub/hats/paintball_mask"},{"predicate":{"custom_model_data":65},"model":"mineclub/hats/pilgrim_hat"},{"predicate":{"custom_model_data":66},"model":"mineclub/hats/television_head"},{"predicate":{"custom_model_data":67},"model":"mineclub/hats/turtle"},{"predicate":{"custom_model_data":68},"model":"mineclub/hats/valkyrie_helmet"},{"predicate":{"custom_model_data":69},"model":"mineclub/hats/hazmat_mask"},{"predicate":{"custom_model_data":70},"model":"mineclub/hats/tiki_mask"},{"predicate":{"custom_model_data":71},"model":"mineclub/hats/soda_hat"},{"predicate":{"custom_model_data":72},"model":"mineclub/hats/archer_hat"},{"predicate":{"custom_model_data":73},"model":"mineclub/hats/artist_beret"},{"predicate":{"custom_model_data":74},"model":"mineclub/hats/ash_hat"},{"predicate":{"custom_model_data":75},"model":"mineclub/hats/aviator_hat"},{"predicate":{"custom_model_data":76},"model":"mineclub/hats/bandana_mineclubv"},{"predicate":{"custom_model_data":77},"model":"mineclub/hats/bat_glasses"},{"predicate":{"custom_model_data":78},"model":"mineclub/hats/boater_hat"},{"predicate":{"custom_model_data":79},"model":"mineclub/hats/box_hat"},{"predicate":{"custom_model_data":80},"model":"mineclub/hats/bucket_hatv"},{"predicate":{"custom_model_data":81},"model":"mineclub/hats/cake_hat"},{"predicate":{"custom_model_data":82},"model":"mineclub/hats/earmuffs"},{"predicate":{"custom_model_data":83},"model":"mineclub/hats/firefighter_helmet"},{"predicate":{"custom_model_data":84},"model":"mineclub/hats/frog_bucket_hat"},{"predicate":{"custom_model_data":85},"model":"mineclub/hats/masquerade_mask"},{"predicate":{"custom_model_data":86},"model":"mineclub/hats/ninja_headband"},{"predicate":{"custom_model_data":87},"model":"mineclub/hats/rainbow_headband"},{"predicate":{"custom_model_data":88},"model":"mineclub/hats/samurai_helmet"},{"predicate":{"custom_model_data":89},"model":"mineclub/hats/science_goggles"},{"predicate":{"custom_model_data":90},"model":"mineclub/hats/skateboard_helmet"},{"predicate":{"custom_model_data":91},"model":"mineclub/games/minesweeper/mineunturn"},{"predicate":{"custom_model_data":92},"model":"mineclub/games/minesweeper/minemine"},{"predicate":{"custom_model_data":93},"model":"mineclub/games/minesweeper/mineempty1"},{"predicate":{"custom_model_data":94},"model":"mineclub/games/minesweeper/mineempty2"},{"predicate":{"custom_model_data":95},"model":"mineclub/games/minesweeper/mineempty3"},{"predicate":{"custom_model_data":96},"model":"mineclub/games/minesweeper/mineempty4"},{"predicate":{"custom_model_data":97},"model":"mineclub/games/minesweeper/mineempty5"},{"predicate":{"custom_model_data":98},"model":"mineclub/games/minesweeper/mineempty6"},{"predicate":{"custom_model_data":99},"model":"mineclub/games/minesweeper/mineempty7"},{"predicate":{"custom_model_data":100},"model":"mineclub/games/minesweeper/mineempty8"},{"predicate":{"custom_model_data":101},"model":"mineclub/games/minesweeper/mineempty9"},{"predicate":{"custom_model_data":102},"model":"mineclub/icons/empty"},{"predicate":{"custom_model_data":103},"model":"mineclub/icons/empty"},{"predicate":{"custom_model_data":104},"model":"mineclub/icons/empty"},{"predicate":{"custom_model_data":105},"model":"mineclub/icons/empty"},{"predicate":{"custom_model_data":106},"model":"mineclub/icons/empty"},{"predicate":{"custom_model_data":107},"model":"mineclub/icons/empty"},{"predicate":{"custom_model_data":108},"model":"mineclub/icons/empty"},{"predicate":{"custom_model_data":109},"model":"mineclub/icons/empty"},{"predicate":{"custom_model_data":110},"model":"mineclub/icons/empty"},{"predicate":{"custom_model_data":111},"model":"mineclub/items/canvas"},{"predicate":{"custom_model_data":112},"model":"mineclub/items/paintbucket"},{"predicate":{"custom_model_data":113},"model":"mineclub/icons/final_redleft"},{"predicate":{"custom_model_data":114},"model":"mineclub/icons/final_redright"},{"predicate":{"custom_model_data":115},"model":"mineclub/icons/final_greenleft"},{"predicate":{"custom_model_data":116},"model":"mineclub/icons/final_greenright"},{"predicate":{"custom_model_data":117},"model":"mineclub/items/crate_n"},{"predicate":{"custom_model_data":118},"model":"mineclub/items/crate_c"},{"predicate":{"custom_model_data":119},"model":"mineclub/items/crate_r"},{"predicate":{"custom_model_data":120},"model":"mineclub/items/crate_e"},{"predicate":{"custom_model_data":121},"model":"mineclub/items/crate_m"},{"predicate":{"custom_model_data":122},"model":"mineclub/items/slime_block"},{"predicate":{"custom_model_data":123},"model":"mineclub/icons/malhack"},{"predicate":{"custom_model_data":124},"model":"mineclub/icons/nonmalhack"},{"predicate":{"custom_model_data":125},"model":"mineclub/icons/banevasion"},{"predicate":{"custom_model_data":126},"model":"mineclub/icons/exceedchatpun"},{"predicate":{"custom_model_data":127},"model":"mineclub/icons/exploiting"},{"predicate":{"custom_model_data":128},"model":"mineclub/icons/compromised"},{"predicate":{"custom_model_data":129},"model":"mineclub/icons/2dsodahat"},{"predicate":{"custom_model_data":130},"model":"mineclub/games/minesweeper/sign1"},{"predicate":{"custom_model_data":131},"model":"mineclub/games/minesweeper/sign2"},{"predicate":{"custom_model_data":132},"model":"mineclub/games/minesweeper/sign3"},{"predicate":{"custom_model_data":133},"model":"mineclub/icons/empty"},{"predicate":{"custom_model_data":134},"model":"mineclub/icons/empty"},{"predicate":{"custom_model_data":135},"model":"mineclub/icons/empty"},{"predicate":{"custom_model_data":136},"model":"mineclub/icons/empty"},{"predicate":{"custom_model_data":137},"model":"mineclub/icons/empty"},{"predicate":{"custom_model_data":138},"model":"mineclub/icons/empty"},{"predicate":{"custom_model_data":139},"model":"mineclub/icons/empty"},{"predicate":{"custom_model_data":140},"model":"mineclub/icons/empty"},{"predicate":{"custom_model_data":141},"model":"mineclub/icons/o1"},{"predicate":{"custom_model_data":142},"model":"mineclub/icons/o2"},{"predicate":{"custom_model_data":143},"model":"mineclub/icons/o3"},{"predicate":{"custom_model_data":144},"model":"mineclub/icons/o4"},{"predicate":{"custom_model_data":145},"model":"mineclub/icons/x1"},{"predicate":{"custom_model_data":146},"model":"mineclub/icons/x2"},{"predicate":{"custom_model_data":147},"model":"mineclub/icons/x3"},{"predicate":{"custom_model_data":148},"model":"mineclub/icons/x4"},{"predicate":{"custom_model_data":149},"model":"mineclub/icons/connect4blank"},{"predicate":{"custom_model_data":150},"model":"mineclub/icons/connect4yellow"},{"predicate":{"custom_model_data":151},"model":"mineclub/icons/connect4red"},{"predicate":{"custom_model_data":152},"model":"mineclub/icons/b1"},{"predicate":{"custom_model_data":153},"model":"mineclub/icons/b2"},{"predicate":{"custom_model_data":154},"model":"mineclub/icons/b3"},{"predicate":{"custom_model_data":155},"model":"mineclub/icons/b4"},{"predicate":{"custom_model_data":156},"model":"mineclub/icons/clicker"},{"predicate":{"custom_model_data":157},"model":"mineclub/icons/connect4green"},{"predicate":{"custom_model_data":158},"model":"mineclub/icons/cap1"},{"predicate":{"custom_model_data":159},"model":"mineclub/icons/cap2"},{"predicate":{"custom_model_data":160},"model":"mineclub/icons/cap3"},{"predicate":{"custom_model_data":161},"model":"mineclub/icons/cap4"},{"predicate":{"custom_model_data":162},"model":"mineclub/icons/cap5"},{"predicate":{"custom_model_data":163},"model":"mineclub/icons/cap6"},{"predicate":{"custom_model_data":164},"model":"mineclub/icons/cap7"},{"predicate":{"custom_model_data":165},"model":"mineclub/icons/cap8"},{"predicate":{"custom_model_data":166},"model":"mineclub/icons/cap9"},{"predicate":{"custom_model_data":167},"model":"mineclub/icons/cap10"},{"predicate":{"custom_model_data":168},"model":"mineclub/icons/cap11"},{"predicate":{"custom_model_data":169},"model":"mineclub/icons/cap12"},{"predicate":{"custom_model_data":170},"model":"mineclub/icons/cap13"},{"predicate":{"custom_model_data":171},"model":"mineclub/icons/cap14"},{"predicate":{"custom_model_data":172},"model":"mineclub/icons/cap15"},{"predicate":{"custom_model_data":173},"model":"mineclub/icons/cap16"},{"predicate":{"custom_model_data":174},"model":"mineclub/icons/cap17"},{"predicate":{"custom_model_data":175},"model":"mineclub/icons/cap18"},{"predicate":{"custom_model_data":176},"model":"mineclub/icons/2dpith"},{"predicate":{"custom_model_data":177},"model":"mineclub/icons/empty"},{"predicate":{"custom_model_data":178},"model":"mineclub/icons/empty"},{"predicate":{"custom_model_data":179},"model":"mineclub/icons/empty"},{"predicate":{"custom_model_data":180},"model":"mineclub/icons/empty"},{"predicate":{"custom_model_data":181},"model":"mineclub/icons/empty"},{"predicate":{"custom_model_data":182},"model":"mineclub/icons/empty"},{"predicate":{"custom_model_data":183},"model":"mineclub/icons/invisible"},{"predicate":{"custom_model_data":184},"model":"mineclub/icons/game_connect4"},{"predicate":{"custom_model_data":185},"model":"mineclub/icons/game_tictactoe"},{"predicate":{"custom_model_data":186},"model":"mineclub/icons/game_luckyshot"},{"predicate":{"custom_model_data":187},"model":"mineclub/ui/trade/trade_accept_off"},{"predicate":{"custom_model_data":188},"model":"mineclub/ui/trade/trade_accept_on"},{"predicate":{"custom_model_data":189},"model":"mineclub/ui/trade/trade_header"},{"predicate":{"custom_model_data":190},"model":"mineclub/ui/trade/accept_1"},{"predicate":{"custom_model_data":191},"model":"mineclub/ui/trade/accept_2"},{"predicate":{"custom_model_data":192},"model":"mineclub/ui/trade/accept_3"},{"predicate":{"custom_model_data":193},"model":"mineclub/ui/trade/wager_header"},{"predicate":{"custom_model_data":194},"model":"mineclub/items/premium_token"},{"predicate":{"custom_model_data":195},"model":"mineclub/items/mobile_back"},{"predicate":{"custom_model_data":196},"model":"mineclub/icons/empty"},{"predicate":{"custom_model_data":197},"model":"mineclub/icons/empty"},{"predicate":{"custom_model_data":198},"model":"mineclub/icons/empty"},{"predicate":{"custom_model_data":199},"model":"mineclub/icons/empty"},{"predicate":{"custom_model_data":200},"model":"mineclub/icons/empty"},{"predicate":{"custom_model_data":201},"model":"mineclub/images/empty"},{"predicate":{"custom_model_data":202},"model":"mineclub/images/afkreturn"},{"predicate":{"custom_model_data":203},"model":"mineclub/images/empty"},{"predicate":{"custom_model_data":204},"model":"mineclub/images/empty"},{"predicate":{"custom_model_data":205},"model":"mineclub/images/empty"},{"predicate":{"custom_model_data":206},"model":"mineclub/images/empty"},{"predicate":{"custom_model_data":207},"model":"mineclub/images/blocks_right_1"},{"predicate":{"custom_model_data":208},"model":"mineclub/images/blocks_left_1"},{"predicate":{"custom_model_data":209},"model":"mineclub/images/blocks_right_2"},{"predicate":{"custom_model_data":210},"model":"mineclub/images/blocks_left_2"},{"predicate":{"custom_model_data":211},"model":"mineclub/images/empty"},{"predicate":{"custom_model_data":212},"model":"mineclub/images/empty"},{"predicate":{"custom_model_data":213},"model":"mineclub/images/empty"},{"predicate":{"custom_model_data":214},"model":"mineclub/images/empty"},{"predicate":{"custom_model_data":215},"model":"mineclub/images/empty"},{"predicate":{"custom_model_data":216},"model":"mineclub/images/empty"},{"predicate":{"custom_model_data":217},"model":"mineclub/images/empty"},{"predicate":{"custom_model_data":218},"model":"mineclub/images/empty"},{"predicate":{"custom_model_data":219},"model":"mineclub/images/empty"},{"predicate":{"custom_model_data":220},"model":"mineclub/images/empty"},{"predicate":{"custom_model_data":221},"model":"mineclub/images/empty"},{"predicate":{"custom_model_data":222},"model":"mineclub/images/skywall"},{"predicate":{"custom_model_data":223},"model":"mineclub/images/empty"},{"predicate":{"custom_model_data":224},"model":"mineclub/images/afklounge1"},{"predicate":{"custom_model_data":225},"model":"mineclub/images/afklounge2"},{"predicate":{"custom_model_data":226},"model":"mineclub/images/afklounge3"},{"predicate":{"custom_model_data":227},"model":"mineclub/images/afklounge4"},{"predicate":{"custom_model_data":228},"model":"mineclub/images/afklounge5"},{"predicate":{"custom_model_data":229},"model":"mineclub/images/empty"},{"predicate":{"custom_model_data":230},"model":"mineclub/images/empty"},{"predicate":{"custom_model_data":231},"model":"mineclub/images/empty"},{"predicate":{"custom_model_data":232},"model":"mineclub/images/empty"},{"predicate":{"custom_model_data":233},"model":"mineclub/icons/2dbighead"},{"predicate":{"custom_model_data":234},"model":"mineclub/icons/2dfloat"},{"predicate":{"custom_model_data":235},"model":"mineclub/games/match_five/choose"},{"predicate":{"custom_model_data":236},"model":"mineclub/games/match_five/creeper"},{"predicate":{"custom_model_data":237},"model":"mineclub/games/match_five/enderdragon"},{"predicate":{"custom_model_data":238},"model":"mineclub/games/match_five/enderman"},{"predicate":{"custom_model_data":239},"model":"mineclub/games/match_five/ghast"},{"predicate":{"custom_model_data":240},"model":"mineclub/games/match_five/iron_golem"},{"predicate":{"custom_model_data":241},"model":"mineclub/games/match_five/skeleton"},{"predicate":{"custom_model_data":242},"model":"mineclub/games/match_five/snowman"},{"predicate":{"custom_model_data":243},"model":"mineclub/games/match_five/wither"},{"predicate":{"custom_model_data":244},"model":"mineclub/images/ttt1"},{"predicate":{"custom_model_data":245},"model":"mineclub/images/ttt2"},{"predicate":{"custom_model_data":246},"model":"mineclub/images/ttt3"},{"predicate":{"custom_model_data":247},"model":"mineclub/images/m51"},{"predicate":{"custom_model_data":248},"model":"mineclub/images/m52"},{"predicate":{"custom_model_data":249},"model":"mineclub/images/m53"},{"predicate":{"custom_model_data":250},"model":"mineclub/images/c41"},{"predicate":{"custom_model_data":251},"model":"mineclub/images/c42"},{"predicate":{"custom_model_data":252},"model":"mineclub/images/c43"},{"predicate":{"custom_model_data":253},"model":"mineclub/images/c44"},{"predicate":{"custom_model_data":254},"model":"mineclub/images/empty"},{"predicate":{"custom_model_data":255},"model":"mineclub/images/empty"},{"predicate":{"custom_model_data":256},"model":"mineclub/images/empty"},{"predicate":{"custom_model_data":257},"model":"mineclub/images/empty"},{"predicate":{"custom_model_data":258},"model":"mineclub/images/empty"},{"predicate":{"custom_model_data":259},"model":"mineclub/images/empty"},{"predicate":{"custom_model_data":260},"model":"mineclub/images/empty"},{"predicate":{"custom_model_data":261},"model":"mineclub/images/empty"},{"predicate":{"custom_model_data":262},"model":"mineclub/images/empty"},{"predicate":{"custom_model_data":263},"model":"mineclub/icons/2dastronaut"},{"predicate":{"custom_model_data":264},"model":"mineclub/icons/2dbandana"},{"predicate":{"custom_model_data":265},"model":"mineclub/icons/2dcowboy"},{"predicate":{"custom_model_data":266},"model":"mineclub/icons/2delf"},{"predicate":{"custom_model_data":267},"model":"mineclub/icons/2dsailor"},{"predicate":{"custom_model_data":268},"model":"mineclub/icons/2dscuba"},{"predicate":{"custom_model_data":269},"model":"mineclub/icons/2dseuss"},{"predicate":{"custom_model_data":270},"model":"mineclub/icons/2dsummer"},{"predicate":{"custom_model_data":271},"model":"mineclub/icons/game_sumo"},{"predicate":{"custom_model_data":272},"model":"mineclub/icons/game_match5"},{"predicate":{"custom_model_data":273},"model":"mineclub/icons/2daviators"},{"predicate":{"custom_model_data":274},"model":"mineclub/icons/2dbeta_blue"},{"predicate":{"custom_model_data":275},"model":"mineclub/icons/2dbeta_green"},{"predicate":{"custom_model_data":276},"model":"mineclub/icons/2dbeta_magenta"},{"predicate":{"custom_model_data":277},"model":"mineclub/icons/2dbeta_orange"},{"predicate":{"custom_model_data":278},"model":"mineclub/icons/2dbeta_red"},{"predicate":{"custom_model_data":279},"model":"mineclub/icons/2dbeta_white"},{"predicate":{"custom_model_data":280},"model":"mineclub/icons/2dbunny"},{"predicate":{"custom_model_data":281},"model":"mineclub/icons/2dcat"},{"predicate":{"custom_model_data":282},"model":"mineclub/icons/2ddevil"},{"predicate":{"custom_model_data":283},"model":"mineclub/icons/2dfedora"},{"predicate":{"custom_model_data":284},"model":"mineclub/icons/2dhalo"},{"predicate":{"custom_model_data":285},"model":"mineclub/icons/2dheadphones"},{"predicate":{"custom_model_data":286},"model":"mineclub/icons/2dnative"},{"predicate":{"custom_model_data":287},"model":"mineclub/icons/2dhypno"},{"predicate":{"custom_model_data":288},"model":"mineclub/icons/2dpirate"},{"predicate":{"custom_model_data":289},"model":"mineclub/icons/2dpolice"},{"predicate":{"custom_model_data":290},"model":"mineclub/icons/2dsteam"},{"predicate":{"custom_model_data":291},"model":"mineclub/icons/2dstraw"},{"predicate":{"custom_model_data":292},"model":"mineclub/icons/2dtop"},{"predicate":{"custom_model_data":293},"model":"mineclub/icons/2dunicorn"},{"predicate":{"custom_model_data":294},"model":"mineclub/icons/2dushanka"},{"predicate":{"custom_model_data":295},"model":"mineclub/icons/2dviking"},{"predicate":{"custom_model_data":296},"model":"mineclub/images/empty"},{"predicate":{"custom_model_data":297},"model":"mineclub/items/mobile_phone"},{"predicate":{"custom_model_data":298},"model":"mineclub/images/empty"},{"predicate":{"custom_model_data":299},"model":"mineclub/images/empty"},{"predicate":{"custom_model_data":300},"model":"mineclub/icons/exitdoor"},{"predicate":{"custom_model_data":301},"model":"mineclub/handheld/clipboard"},{"predicate":{"custom_model_data":302},"model":"mineclub/handheld/handmirror"},{"predicate":{"custom_model_data":303},"model":"mineclub/handheld/icecream"},{"predicate":{"custom_model_data":304},"model":"mineclub/handheld/magicwand"},{"predicate":{"custom_model_data":305},"model":"mineclub/handheld/plushie_alien"},{"predicate":{"custom_model_data":306},"model":"mineclub/handheld/popcornv"},{"predicate":{"custom_model_data":307},"model":"mineclub/handheld/popsicle_blue"},{"predicate":{"custom_model_data":308},"model":"mineclub/handheld/selfiestick"},{"predicate":{"custom_model_data":309},"model":"mineclub/handheld/skateboardv"},{"predicate":{"custom_model_data":310},"model":"mineclub/handheld/toothbrush"},{"predicate":{"custom_model_data":311},"model":"mineclub/handheld/toy_car"},{"predicate":{"custom_model_data":312},"model":"mineclub/handheld/magnifying_glass"},{"predicate":{"custom_model_data":313},"model":"mineclub/icons/online"},{"predicate":{"custom_model_data":314},"model":"mineclub/icons/offline"},{"predicate":{"custom_model_data":315},"model":"mineclub/icons/afk"},{"predicate":{"custom_model_data":316},"model":"mineclub/ui/market/empty"},{"predicate":{"custom_model_data":317},"model":"mineclub/ui/market/empty"},{"predicate":{"custom_model_data":318},"model":"mineclub/ui/market/empty"},{"predicate":{"custom_model_data":319},"model":"mineclub/ui/market/empty"},{"predicate":{"custom_model_data":320},"model":"mineclub/ui/market/empty"},{"predicate":{"custom_model_data":321},"model":"mineclub/ui/market/empty"},{"predicate":{"custom_model_data":322},"model":"mineclub/ui/market/empty"},{"predicate":{"custom_model_data":323},"model":"mineclub/ui/market/empty"},{"predicate":{"custom_model_data":324},"model":"mineclub/ui/profile_friends"},{"predicate":{"custom_model_data":325},"model":"mineclub/ui/profile_games"},{"predicate":{"custom_model_data":326},"model":"mineclub/ui/profile_inventory"},{"predicate":{"custom_model_data":327},"model":"mineclub/ui/profile_trade"},{"predicate":{"custom_model_data":328},"model":"mineclub/icons/2dbriefcase"},{"predicate":{"custom_model_data":329},"model":"mineclub/icons/2dcamera"},{"predicate":{"custom_model_data":330},"model":"mineclub/icons/2dhammer"},{"predicate":{"custom_model_data":331},"model":"mineclub/icons/2dhandbag"},{"predicate":{"custom_model_data":332},"model":"mineclub/icons/2dpitchfork"},{"predicate":{"custom_model_data":333},"model":"mineclub/icons/2dumbrella"},{"predicate":{"custom_model_data":334},"model":"mineclub/ui/profile_inventory_rainbow"},{"predicate":{"custom_model_data":335},"model":"mineclub/handheld/lightsaber_hilt_red"},{"predicate":{"custom_model_data":336},"model":"mineclub/handheld/lightsaber_blue"},{"predicate":{"custom_model_data":337},"model":"mineclub/handheld/lightsaber_green"},{"predicate":{"custom_model_data":338},"model":"mineclub/handheld/lightsaber_purple"},{"predicate":{"custom_model_data":339},"model":"mineclub/handheld/lightsaber_red"},{"predicate":{"custom_model_data":340},"model":"mineclub/handheld/lightsaber_hilt_blue"},{"predicate":{"custom_model_data":341},"model":"mineclub/handheld/lightsaber_hilt_green"},{"predicate":{"custom_model_data":342},"model":"mineclub/handheld/lightsaber_hilt_purple"},{"predicate":{"custom_model_data":343},"model":"mineclub/handheld/briefcase"},{"predicate":{"custom_model_data":344},"model":"mineclub/handheld/handbag"},{"predicate":{"custom_model_data":345},"model":"mineclub/handheld/camera"},{"predicate":{"custom_model_data":346},"model":"mineclub/handheld/hammer"},{"predicate":{"custom_model_data":347},"model":"mineclub/handheld/umbrella"},{"predicate":{"custom_model_data":348},"model":"mineclub/handheld/pitchfork"},{"predicate":{"custom_model_data":349},"model":"mineclub/icons/2dlightsaberred"},{"predicate":{"custom_model_data":350},"model":"mineclub/icons/2dlightsaberblue"},{"predicate":{"custom_model_data":351},"model":"mineclub/icons/2dlightsabergreen"},{"predicate":{"custom_model_data":352},"model":"mineclub/icons/2dlightsaberpurple"},{"predicate":{"custom_model_data":353},"model":"mineclub/icons/rematch_0"},{"predicate":{"custom_model_data":354},"model":"mineclub/icons/rematch_5"},{"predicate":{"custom_model_data":355},"model":"mineclub/icons/rematch_4"},{"predicate":{"custom_model_data":356},"model":"mineclub/icons/rematch_3"},{"predicate":{"custom_model_data":357},"model":"mineclub/icons/rematch_2"},{"predicate":{"custom_model_data":358},"model":"mineclub/icons/rematch_1"},{"predicate":{"custom_model_data":359},"model":"mineclub/handheld/piratehook"},{"predicate":{"custom_model_data":360},"model":"mineclub/handheld/paintbrush"},{"predicate":{"custom_model_data":361},"model":"mineclub/handheld/fairywand"},{"predicate":{"custom_model_data":362},"model":"mineclub/handheld/hockeystick"},{"predicate":{"custom_model_data":363},"model":"mineclub/handheld/fryingpan"},{"predicate":{"custom_model_data":364},"model":"mineclub/icons/2dtiara"},{"predicate":{"custom_model_data":365},"model":"mineclub/icons/2dantlers"},{"predicate":{"custom_model_data":366},"model":"mineclub/icons/2dfryingpan"},{"predicate":{"custom_model_data":367},"model":"mineclub/icons/2dhockeystick"},{"predicate":{"custom_model_data":368},"model":"mineclub/icons/2dpiratehook"},{"predicate":{"custom_model_data":369},"model":"mineclub/icons/2dfairywand"},{"predicate":{"custom_model_data":370},"model":"mineclub/icons/2dpaintbrush"},{"predicate":{"custom_model_data":371},"model":"mineclub/handheld/rainbowcloud"},{"predicate":{"custom_model_data":372},"model":"mineclub/handheld/shovel"},{"predicate":{"custom_model_data":373},"model":"mineclub/handheld/tennis"},{"predicate":{"custom_model_data":374},"model":"mineclub/handheld/frogpillow"},{"predicate":{"custom_model_data":375},"model":"mineclub/handheld/empty"},{"predicate":{"custom_model_data":376},"model":"mineclub/icons/2dtennis"},{"predicate":{"custom_model_data":377},"model":"mineclub/icons/2dshovel"},{"predicate":{"custom_model_data":378},"model":"mineclub/icons/2dfrogpillow"},{"predicate":{"custom_model_data":379},"model":"mineclub/icons/2drainbowpillow"},{"predicate":{"custom_model_data":380},"model":"mineclub/icons/summer_title"},{"predicate":{"custom_model_data":381},"model":"mineclub/icons/summer_hat"},{"predicate":{"custom_model_data":382},"model":"mineclub/icons/summer_net"},{"predicate":{"custom_model_data":383},"model":"mineclub/images/empty"},{"predicate":{"custom_model_data":384},"model":"mineclub/images/empty"},{"predicate":{"custom_model_data":385},"model":"mineclub/handheld/empty"},{"predicate":{"custom_model_data":386},"model":"mineclub/handheld/megaphone"},{"predicate":{"custom_model_data":387},"model":"mineclub/handheld/candycane"},{"predicate":{"custom_model_data":388},"model":"mineclub/handheld/pillow"},{"predicate":{"custom_model_data":389},"model":"mineclub/icons/2dtomato"},{"predicate":{"custom_model_data":390},"model":"mineclub/icons/2dsombrero"},{"predicate":{"custom_model_data":391},"model":"mineclub/icons/2ddinosaur_hat"},{"predicate":{"custom_model_data":392},"model":"mineclub/icons/2dcrown"},{"predicate":{"custom_model_data":393},"model":"mineclub/icons/2dmegaphone"},{"predicate":{"custom_model_data":394},"model":"mineclub/icons/2dcandycane"},{"predicate":{"custom_model_data":395},"model":"mineclub/icons/2dpillow"},{"predicate":{"custom_model_data":396},"model":"mineclub/icons/2dteddy"},{"predicate":{"custom_model_data":397},"model":"mineclub/icons/2dsaxophone"},{"predicate":{"custom_model_data":398},"model":"mineclub/icons/2dfoamfinger"},{"predicate":{"custom_model_data":399},"model":"mineclub/icons/empty"},{"predicate":{"custom_model_data":400},"model":"mineclub/icons/empty"},{"predicate":{"custom_model_data":401},"model":"mineclub/icons/empty"},{"predicate":{"custom_model_data":402},"model":"mineclub/icons/empty"},{"predicate":{"custom_model_data":403},"model":"mineclub/handheld/teddy"},{"predicate":{"custom_model_data":404},"model":"mineclub/handheld/saxophone"},{"predicate":{"custom_model_data":405},"model":"mineclub/handheld/foamfinger"},{"predicate":{"custom_model_data":406},"model":"mineclub/icons/2dsanta"},{"predicate":{"custom_model_data":407},"model":"mineclub/items/cratenormal"},{"predicate":{"custom_model_data":408},"model":"mineclub/items/cratecommon"},{"predicate":{"custom_model_data":409},"model":"mineclub/items/craterare"},{"predicate":{"custom_model_data":410},"model":"mineclub/items/crateepic"},{"predicate":{"custom_model_data":411},"model":"mineclub/items/cratemythical"},{"predicate":{"custom_model_data":412},"model":"mineclub/icons/2dpremiumlock"},{"predicate":{"custom_model_data":413},"model":"mineclub/icons/empty"},{"predicate":{"custom_model_data":414},"model":"mineclub/icons/empty"},{"predicate":{"custom_model_data":415},"model":"mineclub/handheld/spring_bouquet"},{"predicate":{"custom_model_data":416},"model":"mineclub/hats/spring_flower_crown"},{"predicate":{"custom_model_data":417},"model":"mineclub/icons/2dspringcrown"},{"predicate":{"custom_model_data":418},"model":"mineclub/icons/2dspringbouquet"},{"predicate":{"custom_model_data":419},"model":"mineclub/icons/marketgem"},{"predicate":{"custom_model_data":420},"model":"mineclub/icons/2dspringtitle"},{"predicate":{"custom_model_data":421},"model":"mineclub/hats/empty"},{"predicate":{"custom_model_data":422},"model":"mineclub/hats/summerhat"},{"predicate":{"custom_model_data":423},"model":"mineclub/handheld/summernet"},{"predicate":{"custom_model_data":424},"model":"mineclub/icons/2dsummerhat"},{"predicate":{"custom_model_data":425},"model":"mineclub/icons/2dsummernet"},{"predicate":{"custom_model_data":426},"model":"mineclub/hats/summerani"},{"predicate":{"custom_model_data":427},"model":"mineclub/icons/empty"},{"predicate":{"custom_model_data":428},"model":"mineclub/handheld/hand"},{"predicate":{"custom_model_data":429},"model":"mineclub/icons/empty"},{"predicate":{"custom_model_data":430},"model":"mineclub/games/empty"},{"predicate":{"custom_model_data":431},"model":"mineclub/handheld/bunny"},{"predicate":{"custom_model_data":432},"model":"mineclub/handheld/soda"},{"predicate":{"custom_model_data":433},"model":"mineclub/handheld/gavel"},{"predicate":{"custom_model_data":434},"model":"mineclub/handheld/nutcracker"},{"predicate":{"custom_model_data":435},"model":"mineclub/handheld/controller"},{"predicate":{"custom_model_data":436},"model":"mineclub/handheld/spraypaint"},{"predicate":{"custom_model_data":437},"model":"mineclub/handheld/zombie"},{"predicate":{"custom_model_data":438},"model":"mineclub/handheld/enderman"},{"predicate":{"custom_model_data":439},"model":"mineclub/icons/2dbunnyh"},{"predicate":{"custom_model_data":440},"model":"mineclub/icons/2dsodacan"},{"predicate":{"custom_model_data":441},"model":"mineclub/icons/2dgavel"},{"predicate":{"custom_model_data":442},"model":"mineclub/icons/2dnutcracker"},{"predicate":{"custom_model_data":443},"model":"mineclub/icons/2dcontroller"},{"predicate":{"custom_model_data":444},"model":"mineclub/icons/2dspraypaint"},{"predicate":{"custom_model_data":445},"model":"mineclub/icons/2dzombie"},{"predicate":{"custom_model_data":446},"model":"mineclub/icons/2denderman"},{"predicate":{"custom_model_data":447},"model":"mineclub/icons/2dwinged"},{"predicate":{"custom_model_data":448},"model":"mineclub/icons/2dspider"},{"predicate":{"custom_model_data":449},"model":"mineclub/icons/2dtigerears"},{"predicate":{"custom_model_data":450},"model":"mineclub/icons/2dmushroom_cap"},{"predicate":{"custom_model_data":451},"model":"mineclub/icons/2dcactus_cap"},{"predicate":{"custom_model_data":452},"model":"mineclub/icons/2dmotorcycle"},{"predicate":{"custom_model_data":453},"model":"mineclub/icons/2dgasmask"},{"predicate":{"custom_model_data":454},"model":"mineclub/icons/2djellyfish"},{"predicate":{"custom_model_data":455},"model":"mineclub/games/battlebox/flag"},{"predicate":{"custom_model_data":456},"model":"mineclub/icons/2ddisguise"},{"predicate":{"custom_model_data":457},"model":"mineclub/icons/empty"},{"predicate":{"custom_model_data":458},"model":"mineclub/icons/2dminer"},{"predicate":{"custom_model_data":459},"model":"mineclub/icons/2dnightvision"},{"predicate":{"custom_model_data":460},"model":"mineclub/icons/2dpaintball"},{"predicate":{"custom_model_data":461},"model":"mineclub/icons/2dpilgrim"},{"predicate":{"custom_model_data":462},"model":"mineclub/icons/2dtelevision"},{"predicate":{"custom_model_data":463},"model":"mineclub/icons/2dturtle"},{"predicate":{"custom_model_data":464},"model":"mineclub/icons/2dvalkyrie"},{"predicate":{"custom_model_data":465},"model":"mineclub/icons/2dhazmat"},{"predicate":{"custom_model_data":466},"model":"mineclub/icons/2dtiki"},{"predicate":{"custom_model_data":467},"model":"mineclub/handheld/ban_hammer"},{"predicate":{"custom_model_data":468},"model":"mineclub/icons/jb"},{"predicate":{"custom_model_data":469},"model":"mineclub/icons/jb7"},{"predicate":{"custom_model_data":470},"model":"mineclub/icons/jb6"},{"predicate":{"custom_model_data":471},"model":"mineclub/icons/jb5"},{"predicate":{"custom_model_data":472},"model":"mineclub/icons/jb4"},{"predicate":{"custom_model_data":473},"model":"mineclub/icons/jb3"},{"predicate":{"custom_model_data":474},"model":"mineclub/icons/jb2"},{"predicate":{"custom_model_data":475},"model":"mineclub/icons/jb1"},{"predicate":{"custom_model_data":476},"model":"mineclub/items/market_premtoken"},{"predicate":{"custom_model_data":477},"model":"mineclub/items/market_rare"},{"predicate":{"custom_model_data":478},"model":"mineclub/items/market_myth"},{"predicate":{"custom_model_data":479},"model":"mineclub/items/market_com"},{"predicate":{"custom_model_data":480},"model":"mineclub/items/market_epic"},{"predicate":{"custom_model_data":481},"model":"mineclub/items/market_norm"},{"predicate":{"custom_model_data":482},"model":"mineclub/icons/2dskateboardhelmet"},{"predicate":{"custom_model_data":483},"model":"mineclub/icons/2dsamurai"},{"predicate":{"custom_model_data":484},"model":"mineclub/icons/2dbatglasses"},{"predicate":{"custom_model_data":485},"model":"mineclub/icons/2dboater"},{"predicate":{"custom_model_data":486},"model":"mineclub/icons/2dbox"},{"predicate":{"custom_model_data":487},"model":"mineclub/icons/2dbucket"},{"predicate":{"custom_model_data":488},"model":"mineclub/icons/2dmasquerade"},{"predicate":{"custom_model_data":489},"model":"mineclub/icons/2daviatorhat"},{"predicate":{"custom_model_data":490},"model":"mineclub/icons/2dmcbandana"},{"predicate":{"custom_model_data":491},"model":"mineclub/icons/2drainbowbandana"},{"predicate":{"custom_model_data":492},"model":"mineclub/icons/2dartist"},{"predicate":{"custom_model_data":493},"model":"mineclub/icons/2dearmuffs"},{"predicate":{"custom_model_data":494},"model":"mineclub/icons/2dfireman"},{"predicate":{"custom_model_data":495},"model":"mineclub/icons/2dscience"},{"predicate":{"custom_model_data":496},"model":"mineclub/icons/2darcher"},{"predicate":{"custom_model_data":497},"model":"mineclub/icons/2dninja"},{"predicate":{"custom_model_data":498},"model":"mineclub/icons/2dash"},{"predicate":{"custom_model_data":499},"model":"mineclub/icons/2dfrog"},{"predicate":{"custom_model_data":500},"model":"mineclub/icons/2dcake"},{"predicate":{"custom_model_data":501},"model":"mineclub/icons/empty"},{"predicate":{"custom_model_data":502},"model":"mineclub/icons/empty"},{"predicate":{"custom_model_data":503},"model":"mineclub/handheld/binoculars"},{"predicate":{"custom_model_data":504},"model":"mineclub/handheld/boombox"},{"predicate":{"custom_model_data":505},"model":"mineclub/handheld/bubbles"},{"predicate":{"custom_model_data":506},"model":"mineclub/handheld/firstaid"},{"predicate":{"custom_model_data":507},"model":"mineclub/handheld/pandaplush"},{"predicate":{"custom_model_data":508},"model":"mineclub/handheld/robotz"},{"predicate":{"custom_model_data":509},"model":"mineclub/handheld/royal"},{"predicate":{"custom_model_data":510},"model":"mineclub/handheld/surf2"},{"predicate":{"custom_model_data":511},"model":"mineclub/handheld/empty"},{"predicate":{"custom_model_data":512},"model":"mineclub/hats/shark"},{"predicate":{"custom_model_data":513},"model":"mineclub/icons/2dbinoculars"},{"predicate":{"custom_model_data":514},"model":"mineclub/icons/2dboombox"},{"predicate":{"custom_model_data":515},"model":"mineclub/icons/2dbubbles"},{"predicate":{"custom_model_data":516},"model":"mineclub/icons/2dfirstaid"},{"predicate":{"custom_model_data":517},"model":"mineclub/icons/2dpandaplush"},{"predicate":{"custom_model_data":518},"model":"mineclub/icons/2drobot"},{"predicate":{"custom_model_data":519},"model":"mineclub/icons/2droyal"},{"predicate":{"custom_model_data":520},"model":"mineclub/icons/2dshark"},{"predicate":{"custom_model_data":521},"model":"mineclub/icons/2dsurf"},{"predicate":{"custom_model_data":522},"model":"mineclub/icons/empty"},{"predicate":{"custom_model_data":522},"model":"mineclub/icons/2d3dglasses"},{"predicate":{"custom_model_data":523},"model":"mineclub/hats/3d_glasses"},{"predicate":{"custom_model_data":524},"model":"mineclub/hats/monocle"},{"predicate":{"custom_model_data":525},"model":"mineclub/hats/construction"},{"predicate":{"custom_model_data":526},"model":"mineclub/icons/2dmonocle"},{"predicate":{"custom_model_data":527},"model":"mineclub/icons/2dconstruction"},{"predicate":{"custom_model_data":528},"model":"mineclub/hats/easter_beanie"},{"predicate":{"custom_model_data":529},"model":"mineclub/handheld/easter_basket"},{"predicate":{"custom_model_data":530},"model":"mineclub/icons/2deasterbeanie"},{"predicate":{"custom_model_data":531},"model":"mineclub/icons/2deasterbasket"},{"predicate":{"custom_model_data":532},"model":"mineclub/icons/disrespecting"},{"predicate":{"custom_model_data":533},"model":"mineclub/icons/spamming"},{"predicate":{"custom_model_data":534},"model":"mineclub/icons/racism"},{"predicate":{"custom_model_data":535},"model":"mineclub/icons/advertising"},{"predicate":{"custom_model_data":536},"model":"mineclub/icons/dox"},{"predicate":{"custom_model_data":537},"model":"mineclub/icons/homophobia"},{"predicate":{"custom_model_data":538},"model":"mineclub/icons/sexism"},{"predicate":{"custom_model_data":539},"model":"mineclub/icons/impersonation"},{"predicate":{"custom_model_data":540},"model":"mineclub/icons/muteevade"},{"predicate":{"custom_model_data":541},"model":"mineclub/icons/scamming"},{"predicate":{"custom_model_data":542},"model":"mineclub/icons/trolling"},{"predicate":{"custom_model_data":543},"model":"mineclub/icons/bypassingfilter"},{"predicate":{"custom_model_data":544},"model":"mineclub/icons/hackusating"},{"predicate":{"custom_model_data":545},"model":"mineclub/icons/questionmark"},{"predicate":{"custom_model_data":546},"model":"mineclub/icons/2dpopsicle"},{"predicate":{"custom_model_data":547},"model":"mineclub/icons/2dclipboard"},{"predicate":{"custom_model_data":548},"model":"mineclub/icons/2dmagicwand"},{"predicate":{"custom_model_data":549},"model":"mineclub/icons/2dtoothbrush"},{"predicate":{"custom_model_data":550},"model":"mineclub/icons/2dskateboard"},{"predicate":{"custom_model_data":551},"model":"mineclub/icons/2dpopcorn"},{"predicate":{"custom_model_data":552},"model":"mineclub/icons/2dmirror"},{"predicate":{"custom_model_data":553},"model":"mineclub/icons/2dselfie"},{"predicate":{"custom_model_data":554},"model":"mineclub/icons/2dicecream"},{"predicate":{"custom_model_data":555},"model":"mineclub/icons/2dalien"},{"predicate":{"custom_model_data":556},"model":"mineclub/icons/2dcar"},{"predicate":{"custom_model_data":557},"model":"mineclub/icons/2dmagnify"},{"predicate":{"custom_model_data":558},"model":"mineclub/games/lasertag/empty"},{"predicate":{"custom_model_data":559},"model":"mineclub/games/lasertag/laser_helmet_emerald"},{"predicate":{"custom_model_data":560},"model":"mineclub/games/lasertag/laser_helmet_diamond"},{"predicate":{"custom_model_data":561},"model":"mineclub/games/lasertag/laser_helmet_amber"},{"predicate":{"custom_model_data":562},"model":"mineclub/games/lasertag/laser_helmet_amethyst"},{"predicate":{"custom_model_data":563},"model":"mineclub/games/lasertag/laser_helmet_gold"},{"predicate":{"custom_model_data":564},"model":"mineclub/games/lasertag/laser_helmet_ruby"},{"predicate":{"custom_model_data":565},"model":"mineclub/games/lasertag/laser_helmet_lazul"},{"predicate":{"custom_model_data":566},"model":"mineclub/games/lasertag/laser_helmet_sapphire"},{"predicate":{"custom_model_data":567},"model":"mineclub/games/lasertag/gemstone"},{"predicate":{"custom_model_data":568},"model":"mineclub/games/lasertag/empty"},{"predicate":{"custom_model_data":569},"model":"mineclub/games/lasertag/empty"},{"predicate":{"custom_model_data":570},"model":"mineclub/games/lasertag/saphheavrel"},{"predicate":{"custom_model_data":571},"model":"mineclub/games/lasertag/saphheavready"},{"predicate":{"custom_model_data":572},"model":"mineclub/games/lasertag/saphpistolrel"},{"predicate":{"custom_model_data":573},"model":"mineclub/games/lasertag/saphpistolready"},{"predicate":{"custom_model_data":574},"model":"mineclub/games/lasertag/diaheavrel"},{"predicate":{"custom_model_data":575},"model":"mineclub/games/lasertag/diaheavready"},{"predicate":{"custom_model_data":576},"model":"mineclub/games/lasertag/diapistolrel"},{"predicate":{"custom_model_data":577},"model":"mineclub/games/lasertag/diapistolready"},{"predicate":{"custom_model_data":578},"model":"mineclub/games/lasertag/ameheavrel"},{"predicate":{"custom_model_data":579},"model":"mineclub/games/lasertag/ameheavready"},{"predicate":{"custom_model_data":580},"model":"mineclub/games/lasertag/amepistolrel"},{"predicate":{"custom_model_data":581},"model":"mineclub/games/lasertag/amepistolready"},{"predicate":{"custom_model_data":582},"model":"mineclub/games/lasertag/lazheavrel"},{"predicate":{"custom_model_data":583},"model":"mineclub/games/lasertag/lazheavready"},{"predicate":{"custom_model_data":584},"model":"mineclub/games/lasertag/lazpistolrel"},{"predicate":{"custom_model_data":585},"model":"mineclub/games/lasertag/lazpistolready"},{"predicate":{"custom_model_data":586},"model":"mineclub/games/lasertag/amberheavrel"},{"predicate":{"custom_model_data":587},"model":"mineclub/games/lasertag/amberheavready"},{"predicate":{"custom_model_data":588},"model":"mineclub/games/lasertag/amberpistolrel"},{"predicate":{"custom_model_data":589},"model":"mineclub/games/lasertag/amberpistolready"},{"predicate":{"custom_model_data":590},"model":"mineclub/games/lasertag/goldheavrel"},{"predicate":{"custom_model_data":591},"model":"mineclub/games/lasertag/goldheavready"},{"predicate":{"custom_model_data":592},"model":"mineclub/games/lasertag/goldpistolrel"},{"predicate":{"custom_model_data":593},"model":"mineclub/games/lasertag/goldpistolready"},{"predicate":{"custom_model_data":594},"model":"mineclub/games/lasertag/emeheavrel"},{"predicate":{"custom_model_data":595},"model":"mineclub/games/lasertag/emeheavready"},{"predicate":{"custom_model_data":596},"model":"mineclub/games/lasertag/emepistolrel"},{"predicate":{"custom_model_data":597},"model":"mineclub/games/lasertag/emepistolready"},{"predicate":{"custom_model_data":598},"model":"mineclub/games/lasertag/rubyheavrel"},{"predicate":{"custom_model_data":599},"model":"mineclub/games/lasertag/rubyheavready"},{"predicate":{"custom_model_data":600},"model":"mineclub/games/lasertag/rubypistolrel"},{"predicate":{"custom_model_data":601},"model":"mineclub/games/lasertag/rubypistolready"},{"predicate":{"custom_model_data":602},"model":"mineclub/games/lasertag/saphdag"},{"predicate":{"custom_model_data":603},"model":"mineclub/games/lasertag/diadag"},{"predicate":{"custom_model_data":604},"model":"mineclub/games/lasertag/amedag"},{"predicate":{"custom_model_data":605},"model":"mineclub/games/lasertag/lazdag"},{"predicate":{"custom_model_data":606},"model":"mineclub/games/lasertag/amberdag"},{"predicate":{"custom_model_data":607},"model":"mineclub/games/lasertag/golddag"},{"predicate":{"custom_model_data":608},"model":"mineclub/games/lasertag/emedag"},{"predicate":{"custom_model_data":609},"model":"mineclub/games/lasertag/rubydag"}]}