{"textures":{"particle":"mineclub/handheld/gfx_staff_hammer"},"elements":[{"rotation":{"origin":[16.5,16,16.5],"angle":0,"axis":"y"},"from":[6.5,-4,6.5],"to":[9.5,16,9.5],"faces":{"east":{"uv":[14,7.25,14.75,12.25],"texture":"#particle"},"south":{"uv":[13.25,7.25,14,12.25],"texture":"#particle"},"north":{"uv":[13.25,7.25,14,12.25],"texture":"#particle"},"west":{"uv":[14,7.25,14.75,12.25],"texture":"#particle"}}},{"rotation":{"origin":[16.5,13,16.5],"angle":0,"axis":"y"},"from":[5.5,-9,5.5],"to":[10.5,-5,10.5],"faces":{"east":{"uv":[11.5,4.5,12.75,5.5],"texture":"#particle"},"south":{"uv":[10.25,4.5,11.5,5.5],"texture":"#particle"},"north":{"uv":[10.25,4.5,11.5,5.5],"texture":"#particle"},"west":{"uv":[11.5,4.5,12.75,5.5],"texture":"#particle"},"up":{"uv":[11.5,4.5,10.25,3.25],"texture":"#particle"},"down":{"uv":[11.5,6.75,10.25,5.5],"texture":"#particle"}}},{"rotation":{"origin":[16,24,17],"angle":0,"axis":"y"},"from":[6,16,6],"to":[10,21,10],"faces":{"east":{"uv":[14.25,3.25,15.25,4.5],"texture":"#particle"},"south":{"uv":[13.25,3.25,14.25,4.5],"texture":"#particle"},"north":{"uv":[13.25,3.25,14.25,4.5],"texture":"#particle"},"west":{"uv":[14.25,3.25,15.25,4.5],"texture":"#particle"},"down":{"uv":[14.25,5.5,13.25,4.5],"texture":"#particle"}}},{"rotation":{"origin":[16,-1,17],"angle":0,"axis":"y"},"from":[6,-10,6],"to":[10,-4,10],"faces":{"east":{"uv":[8.75,4.25,9.75,5.75],"texture":"#particle"},"south":{"uv":[7.75,4.25,8.75,5.75],"texture":"#particle"},"north":{"uv":[7.75,4.25,8.75,5.75],"texture":"#particle"},"west":{"uv":[8.75,4.25,9.75,5.75],"texture":"#particle"},"up":{"uv":[8.75,4.25,7.75,3.25],"texture":"#particle"},"down":{"uv":[8.75,6.75,7.75,5.75],"texture":"#particle"}}},{"rotation":{"origin":[15.5,27.5,12],"angle":0,"axis":"y"},"from":[7.5,23.5,3],"to":[8.5,24.5,13],"faces":{"east":{"uv":[6.5,12.25,9,12.5],"texture":"#particle"},"south":{"uv":[6.25,12.25,6.5,12.5],"texture":"#particle"},"north":{"uv":[6.25,12.25,6.5,12.5],"texture":"#particle"},"west":{"uv":[6.5,12.25,9,12.5],"texture":"#particle"},"up":{"uv":[12.75,9.75,12.5,7.25],"texture":"#particle"},"down":{"uv":[12.75,12.75,12.5,10.25],"texture":"#particle"}}},{"rotation":{"origin":[14.5,28.5,12],"angle":0,"axis":"y"},"from":[6.5,24.5,3],"to":[7.5,25.5,13],"faces":{"east":{"uv":[6.5,11.5,9,11.75],"texture":"#particle"},"south":{"uv":[6.25,10.75,6.5,11],"texture":"#particle"},"north":{"uv":[6.25,11.5,6.5,11.75],"texture":"#particle"},"up":{"uv":[12,9.75,11.75,7.25],"texture":"#particle"},"down":{"uv":[12,12.75,11.75,10.25],"texture":"#particle"}}},{"rotation":{"origin":[13.5,29.5,12],"angle":0,"axis":"y"},"from":[5.5,21.5,3],"to":[6.5,26.5,13],"faces":{"east":{"uv":[6.5,7.25,9,8.5],"texture":"#particle"},"south":{"uv":[6.25,7.25,6.5,8.5],"texture":"#particle"},"north":{"uv":[6.25,9,6.5,10.25],"texture":"#particle"},"west":{"uv":[6.5,9,9,10.25],"texture":"#particle"},"up":{"uv":[10.5,9.75,10.25,7.25],"texture":"#particle"},"down":{"uv":[10.5,12.75,10.25,10.25],"texture":"#particle"}}},{"rotation":{"origin":[16.5,28.5,12],"angle":0,"axis":"y"},"from":[8.5,24.5,3],"to":[9.5,25.5,13],"faces":{"south":{"uv":[6.25,11.5,6.5,11.75],"texture":"#particle"},"north":{"uv":[6.25,10.75,6.5,11],"texture":"#particle"},"west":{"uv":[6.5,10.75,9,11],"texture":"#particle"},"up":{"uv":[11.25,9.75,11,7.25],"texture":"#particle"},"down":{"uv":[11.25,12.75,11,10.25],"texture":"#particle"}}},{"rotation":{"origin":[17.5,29.5,12],"angle":0,"axis":"y"},"from":[9.5,21.5,3],"to":[10.5,26.5,13],"faces":{"east":{"uv":[6.5,9,9,10.25],"texture":"#particle"},"south":{"uv":[6.25,9,6.5,10.25],"texture":"#particle"},"north":{"uv":[6.25,7.25,6.5,8.5],"texture":"#particle"},"west":{"uv":[6.5,7.25,9,8.5],"texture":"#particle"},"up":{"uv":[9.75,9.75,9.5,7.25],"texture":"#particle"},"down":{"uv":[9.75,12.75,9.5,10.25],"texture":"#particle"}}},{"rotation":{"origin":[8.5,24.5,8.5],"angle":0,"axis":"z"},"from":[2,21,5],"to":[14,27,11],"faces":{"south":{"uv":[2.75,8.75,5.75,10.25],"texture":"#particle"},"north":{"uv":[2.75,8.75,5.75,10.25],"texture":"#particle"},"up":{"uv":[5.75,8.75,2.75,7.25],"texture":"#particle"},"down":{"uv":[5.75,11.75,2.75,10.25],"texture":"#particle"}}},{"rotation":{"origin":[8,24,8],"angle":45,"axis":"z"},"from":[4,20,4],"to":[12,28,12],"faces":{"east":{"uv":[0.25,7.25,2.25,9.25],"texture":"#particle","rotation":90},"south":{"uv":[0.25,9.25,2.25,11.25],"texture":"#particle","rotation":90},"north":{"uv":[0.25,9.25,2.25,11.25],"texture":"#particle"},"west":{"uv":[0.25,13.25,2.25,11.25],"texture":"#particle","rotation":90},"up":{"uv":[2.25,9.25,0.25,7.25],"texture":"#particle"},"down":{"uv":[2.25,13.25,0.25,11.25],"texture":"#particle"}}},{"rotation":{"origin":[-1,24,8],"angle":0,"axis":"z"},"from":[-4,19,3],"to":[2,29,13],"faces":{"east":{"uv":[7.75,0.25,10.25,2.75],"texture":"#particle"},"south":{"uv":[10.25,0.25,11.75,2.75],"texture":"#particle"},"north":{"uv":[10.25,0.25,11.75,2.75],"texture":"#particle"},"west":{"uv":[11.75,0.25,14.25,2.75],"texture":"#particle"},"up":{"uv":[4.75,6.25,3.25,3.75],"texture":"#particle"},"down":{"uv":[6.75,6.25,5.25,3.75],"texture":"#particle"}}},{"rotation":{"origin":[-1,24,8],"angle":0,"axis":"y"},"from":[14,19,3],"to":[20,29,13],"faces":{"east":{"uv":[11.75,0.25,14.25,2.75],"texture":"#particle"},"south":{"uv":[10.25,0.25,11.75,2.75],"texture":"#particle"},"north":{"uv":[10.25,0.25,11.75,2.75],"texture":"#particle"},"west":{"uv":[7.75,0.25,10.25,2.75],"texture":"#particle"},"up":{"uv":[4.75,6.25,3.25,3.75],"texture":"#particle","rotation":180},"down":{"uv":[6.75,6.25,5.25,3.75],"texture":"#particle","rotation":180}}},{"rotation":{"origin":[-1,24,8],"angle":0,"axis":"z"},"from":[-3,18,2],"to":[1,30,14],"faces":{"east":{"uv":[0.25,0.25,3.25,3.25],"texture":"#particle"},"south":{"uv":[3.25,0.25,4.25,3.25],"texture":"#particle"},"north":{"uv":[3.25,0.25,4.25,3.25],"texture":"#particle"},"west":{"uv":[4.25,0.25,7.25,3.25],"texture":"#particle"},"up":{"uv":[1.25,6.75,0.25,3.75],"texture":"#particle"},"down":{"uv":[2.75,6.75,1.75,3.75],"texture":"#particle"}}},{"rotation":{"origin":[-1,24,8],"angle":0,"axis":"y"},"from":[15,18,2],"to":[19,30,14],"faces":{"east":{"uv":[4.25,0.25,7.25,3.25],"texture":"#particle"},"south":{"uv":[3.25,0.25,4.25,3.25],"texture":"#particle"},"north":{"uv":[3.25,0.25,4.25,3.25],"texture":"#particle"},"west":{"uv":[0.25,0.25,3.25,3.25],"texture":"#particle"},"up":{"uv":[1.25,6.75,0.25,3.75],"texture":"#particle","rotation":180},"down":{"uv":[2.75,6.75,1.75,3.75],"texture":"#particle","rotation":180}}}],"display":{"firstperson_righthand":{"rotation":[8,90,0],"translation":[1,1.5,-1],"scale":[0.4,0.4,0.4]},"thirdperson_lefthand":{"rotation":[0,-90,0],"translation":[0,-2,0],"scale":[0.55,0.55,0.55]},"firstperson_lefthand":{"rotation":[8,90,0],"translation":[1,1.5,-1],"scale":[0.4,0.4,0.4]},"thirdperson_righthand":{"rotation":[0,-90,0],"translation":[0,-2,0],"scale":[0.55,0.55,0.55]},"ground":{"translation":[0,6,0],"scale":[0.5,0.5,0.5]},"gui":{"rotation":[-45,-180,45],"translation":[-1.75,-2,0],"scale":[0.4,0.4,0.4]},"fixed":{"rotation":[0,0,45],"translation":[2,-2,0],"scale":[0.5,0.5,0.5]}}}