{"textures":{"0":"mineclub/handheld/binoculars","particle":"mineclub/handheld/binoculars"},"elements":[{"rotation":{"origin":[12,14,12],"angle":0,"axis":"y"},"from":[4,6,4],"to":[7,9,6],"faces":{"east":{"uv":[0,8,1.33333,10],"texture":"#0"},"south":{"uv":[0,6,2,8],"texture":"#0"},"north":{"uv":[5.33333,5.33333,7.33333,7.33333],"texture":"#0"},"west":{"uv":[8,8,9.33333,10],"texture":"#0"},"up":{"uv":[5.33333,2.66667,3.33333,1.33333],"texture":"#0"},"down":{"uv":[8.66667,0,6.66667,1.33333],"texture":"#0"}}},{"rotation":{"origin":[5.5,7.5,14],"angle":0,"axis":"y"},"from":[4.5,6.5,6],"to":[6.5,8.5,11],"faces":{"east":{"uv":[0,0,3.33333,1.33333],"texture":"#0"},"south":{"uv":[2.66667,10.66667,4,12],"texture":"#0"},"north":{"uv":[1.33333,10.66667,2.66667,12],"texture":"#0"},"west":{"uv":[0,1.33333,3.33333,2.66667],"texture":"#0"},"up":{"uv":[1.33333,6,0,2.66667],"texture":"#0"},"down":{"uv":[2.66667,2.66667,1.33333,6],"texture":"#0"}}},{"rotation":{"origin":[14.5,15,15],"angle":0,"axis":"y"},"from":[6.5,7,7],"to":[9.5,8,9],"faces":{"east":{"uv":[8,7.33333,9.33333,8],"texture":"#0"},"south":{"uv":[10.66667,0,12.66667,0.66667],"texture":"#0"},"north":{"uv":[10.66667,10.66667,12.66667,11.33333],"texture":"#0"},"west":{"uv":[10.66667,0.66667,12,1.33333],"texture":"#0"},"up":{"uv":[5.33333,10.66667,3.33333,9.33333],"texture":"#0"},"down":{"uv":[7.33333,9.33333,5.33333,10.66667],"texture":"#0"}}},{"rotation":{"origin":[13,15,19],"angle":0,"axis":"y"},"from":[5,7,11],"to":[6,8,12],"faces":{"east":{"uv":[5.33333,2,6,2.66667],"texture":"#0"},"south":{"uv":[5.33333,4,6,4.66667],"texture":"#0"},"north":{"uv":[5.33333,1.33333,6,2],"texture":"#0"},"west":{"uv":[5.33333,4.66667,6,5.33333],"texture":"#0"},"up":{"uv":[2.66667,6.66667,2,6],"texture":"#0"},"down":{"uv":[2.66667,6.66667,2,7.33333],"texture":"#0"}}},{"rotation":{"origin":[18,15,19],"angle":0,"axis":"y"},"from":[10,7,11],"to":[11,8,12],"faces":{"east":{"uv":[1.33333,8.66667,2,9.33333],"texture":"#0"},"south":{"uv":[7.33333,9.33333,8,10],"texture":"#0"},"north":{"uv":[1.33333,8,2,8.66667],"texture":"#0"},"west":{"uv":[6.66667,10.66667,7.33333,11.33333],"texture":"#0"},"up":{"uv":[11.33333,2,10.66667,1.33333],"texture":"#0"},"down":{"uv":[11.33333,2,10.66667,2.66667],"texture":"#0"}}},{"rotation":{"origin":[17.5,14.5,14],"angle":0,"axis":"y"},"from":[9.5,6.5,6],"to":[11.5,8.5,11],"faces":{"east":{"uv":[2.66667,2.66667,6,4],"texture":"#0"},"south":{"uv":[5.33333,10.66667,6.66667,12],"texture":"#0"},"north":{"uv":[4,10.66667,5.33333,12],"texture":"#0"},"west":{"uv":[3.33333,0,6.66667,1.33333],"texture":"#0"},"up":{"uv":[4,7.33333,2.66667,4],"texture":"#0"},"down":{"uv":[5.33333,4,4,7.33333],"texture":"#0"}}},{"rotation":{"origin":[17,14,12],"angle":0,"axis":"y"},"from":[9,6,4],"to":[12,9,6],"faces":{"east":{"uv":[8,1.33333,9.33333,3.33333],"texture":"#0"},"south":{"uv":[6,3.33333,8,5.33333],"texture":"#0"},"north":{"uv":[6,1.33333,8,3.33333],"texture":"#0"},"west":{"uv":[8,3.33333,9.33333,5.33333],"texture":"#0"},"up":{"uv":[10.66667,1.33333,8.66667,0],"texture":"#0"},"down":{"uv":[3.33333,9.33333,1.33333,10.66667],"texture":"#0"}}},{"rotation":{"origin":[17.25,14.25,16],"angle":0,"axis":"y"},"from":[9.25,6.25,8],"to":[11.75,8.75,10],"faces":{"east":{"uv":[9.33333,9.66667,10.66667,11.33333],"texture":"#0"},"south":{"uv":[4,7.66667,5.66667,9.33333],"texture":"#0"},"north":{"uv":[2,7.66667,3.66667,9.33333],"texture":"#0"},"west":{"uv":[9.33333,1.66667,10.66667,3.33333],"texture":"#0"},"up":{"uv":[11,4.66667,9.33333,3.33333],"texture":"#0"},"down":{"uv":[11,4.66667,9.33333,6],"texture":"#0"}}},{"rotation":{"origin":[12.25,14.25,16],"angle":0,"axis":"y"},"from":[4.25,6.25,8],"to":[6.75,8.75,10],"faces":{"east":{"uv":[9.33333,6.33333,10.66667,8],"texture":"#0"},"south":{"uv":[7.33333,5.66667,9,7.33333],"texture":"#0"},"north":{"uv":[6,7.66667,7.66667,9.33333],"texture":"#0"},"west":{"uv":[0,10.33333,1.33333,12],"texture":"#0"},"up":{"uv":[11,9.33333,9.33333,8],"texture":"#0"},"down":{"uv":[9,10,7.33333,11.33333],"texture":"#0"}}}],"display":{"firstperson_righthand":{"rotation":[10,5,10],"translation":[-1,3.5,-1]},"thirdperson_lefthand":{"rotation":[20,25,0],"translation":[0,2.5,-0.5]},"firstperson_lefthand":{"rotation":[10,5,10],"translation":[-1,3.5,-1]},"thirdperson_righthand":{"rotation":[20,25,0],"translation":[0,2.5,-0.5]},"ground":{"rotation":[-25,0,35],"translation":[0,2,0]},"gui":{"rotation":[30,-135,0],"translation":[0,0.25,0]}}}