{"textures":{"0":"mineclub/handheld/boombox","particle":"mineclub/handheld/boombox"},"texture_size":[24,24],"elements":[{"rotation":{"origin":[8,11,8],"angle":0,"axis":"y"},"from":[3,3,6.5],"to":[13,9,9.5],"faces":{"east":{"uv":[0,8,2,12],"texture":"#0"},"south":{"uv":[0,4,6.66667,8],"texture":"#0"},"north":{"uv":[0,0,6.66667,4],"texture":"#0"},"west":{"uv":[2,8,4,12],"texture":"#0"},"up":{"uv":[13.33333,8.66667,6.66667,6.66667],"texture":"#0"},"down":{"uv":[13.33333,0,6.66667,2],"texture":"#0"}}},{"rotation":{"origin":[15,17,9],"angle":0,"axis":"y"},"from":[10,9,7.5],"to":[11,9.25,8.5],"faces":{"east":{"uv":[13.33333,3.66667,14,4],"texture":"#0"},"south":{"uv":[13.33333,4.33333,14,4.66667],"texture":"#0"},"north":{"uv":[13.33333,3,14,3.33333],"texture":"#0"},"west":{"uv":[13.33333,5,14,5.33333],"texture":"#0"},"up":{"uv":[14,6,13.33333,5.33333],"texture":"#0"},"down":{"uv":[14,6,13.33333,6.66667],"texture":"#0"}}},{"rotation":{"origin":[14,17,9.25],"angle":0,"axis":"y"},"from":[9,9,7.75],"to":[9.5,9.25,8.25],"faces":{"east":{"uv":[13.33333,7.66667,13.66667,8],"texture":"#0"},"south":{"uv":[13.33333,8.33333,13.66667,8.66667],"texture":"#0"},"north":{"uv":[13.33333,7,13.66667,7.33333],"texture":"#0"},"west":{"uv":[13.33333,9,13.66667,9.33333],"texture":"#0"},"up":{"uv":[13.66667,10,13.33333,9.66667],"texture":"#0"},"down":{"uv":[13.66667,10.33333,13.33333,10.66667],"texture":"#0"}}},{"rotation":{"origin":[11,17,9.25],"angle":0,"axis":"y"},"from":[6,9,7.75],"to":[6.5,9.25,8.25],"faces":{"east":{"uv":[6.66667,14.33333,7,14.66667],"texture":"#0"},"south":{"uv":[7.33333,14.33333,7.66667,14.66667],"texture":"#0"},"north":{"uv":[6,14.33333,6.33333,14.66667],"texture":"#0"},"west":{"uv":[8,14.33333,8.33333,14.66667],"texture":"#0"},"up":{"uv":[9,14.66667,8.66667,14.33333],"texture":"#0"},"down":{"uv":[9.66667,14.33333,9.33333,14.66667],"texture":"#0"}}},{"rotation":{"origin":[13.25,17,9.25],"angle":0,"axis":"y"},"from":[8.25,9,7.75],"to":[8.75,9.25,8.25],"faces":{"east":{"uv":[13.33333,11.66667,13.66667,12],"texture":"#0"},"south":{"uv":[13.33333,13,13.66667,13.33333],"texture":"#0"},"north":{"uv":[13.33333,11,13.66667,11.33333],"texture":"#0"},"west":{"uv":[0,14.33333,0.33333,14.66667],"texture":"#0"},"up":{"uv":[1,14.66667,0.66667,14.33333],"texture":"#0"},"down":{"uv":[1.66667,14.33333,1.33333,14.66667],"texture":"#0"}}},{"rotation":{"origin":[10.25,17,9.25],"angle":0,"axis":"y"},"from":[5.25,9,7.75],"to":[5.75,9.25,8.25],"faces":{"east":{"uv":[10.66667,14.33333,11,14.66667],"texture":"#0"},"south":{"uv":[11.33333,14.33333,11.66667,14.66667],"texture":"#0"},"north":{"uv":[10,14.33333,10.33333,14.66667],"texture":"#0"},"west":{"uv":[12,14.33333,12.33333,14.66667],"texture":"#0"},"up":{"uv":[13,14.66667,12.66667,14.33333],"texture":"#0"},"down":{"uv":[13.66667,14.33333,13.33333,14.66667],"texture":"#0"}}},{"rotation":{"origin":[12.5,17,9.25],"angle":0,"axis":"y"},"from":[7.5,9,7.75],"to":[8,9.25,8.25],"faces":{"east":{"uv":[2.66667,14.33333,3,14.66667],"texture":"#0"},"south":{"uv":[3.33333,14.33333,3.66667,14.66667],"texture":"#0"},"north":{"uv":[2,14.33333,2.33333,14.66667],"texture":"#0"},"west":{"uv":[4,14.33333,4.33333,14.66667],"texture":"#0"},"up":{"uv":[5,14.66667,4.66667,14.33333],"texture":"#0"},"down":{"uv":[5.66667,14.33333,5.33333,14.66667],"texture":"#0"}}},{"rotation":{"origin":[8.5,17,9],"angle":0,"axis":"y"},"from":[3.5,9,7.5],"to":[4,10.5,8.5],"faces":{"east":{"uv":[8.66667,13,9.33333,14],"texture":"#0"},"south":{"uv":[9.33333,13,9.66667,14],"texture":"#0"},"north":{"uv":[8,13,8.33333,14],"texture":"#0"},"west":{"uv":[10,13,10.66667,14],"texture":"#0"},"up":{"uv":[6.33333,8.66667,6,8],"texture":"#0"},"down":{"uv":[13.66667,0.66667,13.33333,1.33333],"texture":"#0"}}},{"rotation":{"origin":[8.25,18.5,8.75],"angle":0,"axis":"y"},"from":[3.25,10.5,7.25],"to":[12.75,11.5,8.75],"faces":{"east":{"uv":[12.66667,12,13.66667,12.66667],"texture":"#0"},"south":{"uv":[7,5.33333,13.33333,6],"texture":"#0"},"north":{"uv":[7,4.66667,13.33333,5.33333],"texture":"#0"},"west":{"uv":[2.66667,13.33333,3.66667,14],"texture":"#0"},"up":{"uv":[13,3,6.66667,2],"texture":"#0"},"down":{"uv":[13,3.33333,6.66667,4.33333],"texture":"#0"}}},{"rotation":{"origin":[17,17,9],"angle":0,"axis":"y"},"from":[12,9,7.5],"to":[12.5,10.5,8.5],"faces":{"east":{"uv":[12.66667,13,13.33333,14],"texture":"#0"},"south":{"uv":[12.66667,9,13,10],"texture":"#0"},"north":{"uv":[10.66667,13,11,14],"texture":"#0"},"west":{"uv":[12.66667,10.33333,13.33333,11.33333],"texture":"#0"},"up":{"uv":[13.66667,2,13.33333,1.33333],"texture":"#0"},"down":{"uv":[13.66667,2,13.33333,2.66667],"texture":"#0"}}},{"rotation":{"origin":[8,11,8],"angle":0,"axis":"y"},"from":[3.5,3.5,6],"to":[6.5,6.5,6.5],"faces":{"east":{"uv":[11.33333,11.33333,11.66667,13.33333],"texture":"#0"},"south":{"uv":[6,8.66667,8,10.66667],"texture":"#0"},"north":{"uv":[4,8,6,10],"texture":"#0"},"west":{"uv":[0,12,0.33333,14],"texture":"#0"},"up":{"uv":[2.66667,12.33333,0.66667,12],"texture":"#0"},"down":{"uv":[4.66667,12,2.66667,12.33333],"texture":"#0"}}},{"rotation":{"origin":[10.5,14.25,8.25],"angle":0,"axis":"y"},"from":[6,6.75,6.25],"to":[10,8.75,6.5],"faces":{"east":{"uv":[4,12.66667,4.33333,14],"texture":"#0"},"south":{"uv":[10,8.66667,12.66667,10],"texture":"#0"},"north":{"uv":[10,10,12.66667,11.33333],"texture":"#0"},"west":{"uv":[7.33333,12.66667,7.66667,14],"texture":"#0"},"up":{"uv":[9.33333,6.33333,6.66667,6],"texture":"#0"},"down":{"uv":[12,6,9.33333,6.33333],"texture":"#0"}}},{"rotation":{"origin":[4.25,7.75,6.5],"angle":45,"axis":"z"},"from":[3.5,7,6],"to":[5,8.5,6.5],"faces":{"east":{"uv":[12,12,12.33333,13],"texture":"#0"},"south":{"uv":[7.33333,10.66667,8.33333,11.66667],"texture":"#0"},"north":{"uv":[6,10.66667,7,11.66667],"texture":"#0"},"west":{"uv":[0.66667,12.66667,1,13.66667],"texture":"#0"},"up":{"uv":[13,6.33333,12,6],"texture":"#0"},"down":{"uv":[13,11.33333,12,11.66667],"texture":"#0"}}},{"rotation":{"origin":[11.75,7.75,6.5],"angle":-45,"axis":"z"},"from":[11,7,6],"to":[12.5,8.5,6.5],"faces":{"east":{"uv":[1.33333,12.66667,1.66667,13.66667],"texture":"#0"},"south":{"uv":[10,11.33333,11,12.33333],"texture":"#0"},"north":{"uv":[8.66667,10.66667,9.66667,11.66667],"texture":"#0"},"west":{"uv":[2,12.66667,2.33333,13.66667],"texture":"#0"},"up":{"uv":[3.66667,13,2.66667,12.66667],"texture":"#0"},"down":{"uv":[7,12.66667,6,13],"texture":"#0"}}},{"rotation":{"origin":[8,11,8],"angle":0,"axis":"y"},"from":[9.5,3.5,6],"to":[12.5,6.5,6.5],"faces":{"east":{"uv":[4.66667,12,5,14],"texture":"#0"},"south":{"uv":[4,10,6,12],"texture":"#0"},"north":{"uv":[8,8.66667,10,10.66667],"texture":"#0"},"west":{"uv":[5.33333,12,5.66667,14],"texture":"#0"},"up":{"uv":[8,12.33333,6,12],"texture":"#0"},"down":{"uv":[10,12,8,12.33333],"texture":"#0"}}},{"rotation":{"origin":[5.5,12,8],"angle":0,"axis":"y"},"from":[7,4.5,6],"to":[9,5.5,6.5],"faces":{"east":{"uv":[14,14,14.33333,14.66667],"texture":"#0"},"south":{"uv":[11.33333,13.33333,12.66667,14],"texture":"#0"},"north":{"uv":[6,13.33333,7.33333,14],"texture":"#0"},"west":{"uv":[14,0.66667,14.33333,1.33333],"texture":"#0"},"up":{"uv":[14.66667,13.66667,13.33333,13.33333],"texture":"#0"},"down":{"uv":[14.66667,0,13.33333,0.33333],"texture":"#0"}}}],"display":{"firstperson_righthand":{"rotation":[15,115,-15],"translation":[1,3.5,-3.5]},"thirdperson_lefthand":{"rotation":[70,-10,-5],"translation":[0,-2.5,-2]},"firstperson_lefthand":{"rotation":[15,115,-15],"translation":[1,3.5,-3.5]},"thirdperson_righthand":{"rotation":[102.25,-60.75,22.5],"translation":[0.25,-2.25,-2.75]},"ground":{"rotation":[30,40,0],"translation":[0,3,0]},"gui":{"rotation":[30,-135,0],"translation":[0,0.75,0]}}}