{"textures":{"0":"mineclub/handheld/bubbles","particle":"mineclub/handheld/bubbles"},"elements":[{"rotation":{"origin":[15,11,15.25],"angle":0,"axis":"y"},"from":[7,3,7.25],"to":[8,8,7.75],"faces":{"east":{"uv":[6,0,6.5,5],"texture":"#0"},"south":{"uv":[7,7,8,12],"texture":"#0"},"north":{"uv":[6,6,7,11],"texture":"#0"},"west":{"uv":[7,0,7.5,5],"texture":"#0"},"up":{"uv":[7,5.5,6,5],"texture":"#0"},"down":{"uv":[11,3,10,3.5],"texture":"#0"}}},{"rotation":{"origin":[7.5,9.5,15],"angle":45,"axis":"z"},"from":[6,8,7],"to":[9,8.5,8],"faces":{"east":{"uv":[5,11.5,6,12],"texture":"#0"},"south":{"uv":[8,7.5,11,8],"texture":"#0"},"north":{"uv":[8,4.5,11,5],"texture":"#0"},"west":{"uv":[6,11.5,7,12],"texture":"#0"},"up":{"uv":[12,6,9,5],"texture":"#0"},"down":{"uv":[12,6,9,7],"texture":"#0"}}},{"rotation":{"origin":[7.5,9.5,15],"angle":45,"axis":"z"},"from":[6,8.5,7],"to":[6.5,10.5,8],"faces":{"east":{"uv":[5,9,6,11],"texture":"#0"},"south":{"uv":[10,8,10.5,10],"texture":"#0"},"north":{"uv":[4,9,4.5,11],"texture":"#0"},"west":{"uv":[0,11,1,13],"texture":"#0"},"up":{"uv":[10.5,12,10,11],"texture":"#0"},"down":{"uv":[11.5,11,11,12],"texture":"#0"}}},{"rotation":{"origin":[7.5,9.5,15],"angle":45,"axis":"z"},"from":[8.5,8.5,7],"to":[9,10.5,8],"faces":{"east":{"uv":[2,11,3,13],"texture":"#0"},"south":{"uv":[3,11,3.5,13],"texture":"#0"},"north":{"uv":[1,11,1.5,13],"texture":"#0"},"west":{"uv":[4,11,5,13],"texture":"#0"},"up":{"uv":[11.5,4,11,3],"texture":"#0"},"down":{"uv":[11.5,4,11,5],"texture":"#0"}}},{"rotation":{"origin":[7.5,9.5,15],"angle":45,"axis":"z"},"from":[6,10.5,7],"to":[9,11,8],"faces":{"east":{"uv":[8,11.5,9,12],"texture":"#0"},"south":{"uv":[10,0.5,13,1],"texture":"#0"},"north":{"uv":[8,10.5,11,11],"texture":"#0"},"west":{"uv":[9,11.5,10,12],"texture":"#0"},"up":{"uv":[13,2,10,1],"texture":"#0"},"down":{"uv":[13,2,10,3],"texture":"#0"}}},{"rotation":{"origin":[14,15,12],"angle":0,"axis":"y"},"from":[6,7,4],"to":[7,8,5],"faces":{"east":{"uv":[11,8,12,9],"texture":"#0"},"south":{"uv":[11,9,12,10],"texture":"#0"},"north":{"uv":[11,7,12,8],"texture":"#0"},"west":{"uv":[11,10,12,11],"texture":"#0"},"up":{"uv":[6,13,5,12],"texture":"#0"},"down":{"uv":[7,12,6,13],"texture":"#0"}}},{"rotation":{"origin":[17,17,11],"angle":0,"axis":"y"},"from":[9,9,3],"to":[11,11,5],"faces":{"east":{"uv":[8,8,10,10],"texture":"#0"},"south":{"uv":[8,0,10,2],"texture":"#0"},"north":{"uv":[7,5,9,7],"texture":"#0"},"west":{"uv":[8,2,10,4],"texture":"#0"},"up":{"uv":[2,11,0,9],"texture":"#0"},"down":{"uv":[4,9,2,11],"texture":"#0"}}},{"rotation":{"origin":[12,18,6],"angle":0,"axis":"y"},"from":[4,10,-2],"to":[7,13,1],"faces":{"east":{"uv":[0,3,3,6],"texture":"#0"},"south":{"uv":[3,3,6,6],"texture":"#0"},"north":{"uv":[0,0,3,3],"texture":"#0"},"west":{"uv":[3,0,6,3],"texture":"#0"},"up":{"uv":[3,9,0,6],"texture":"#0"},"down":{"uv":[6,6,3,9],"texture":"#0"}}}],"display":{"firstperson_righthand":{"rotation":[10,10,20],"translation":[1,4,1]},"thirdperson_lefthand":{"rotation":[40,0,0],"translation":[-0.5,3,5]},"firstperson_lefthand":{"rotation":[10,10,20],"translation":[1,4,1]},"thirdperson_righthand":{"rotation":[40,0,0],"translation":[0.5,3,5]},"ground":{"rotation":[45,40,0]},"gui":{"rotation":[-19.75,-138.75,0],"translation":[-3.5,-1,0]}}}