{"textures":{"0":"mineclub/handheld/bunnyplush","particle":"mineclub/handheld/bunnyplush"},"texture_size":[24,24],"elements":[{"rotation":{"origin":[14,15,14],"angle":0,"axis":"y"},"from":[6,7,6],"to":[10,11,10],"faces":{"east":{"uv":[0,2.66667,2.66667,5.33333],"texture":"#0"},"south":{"uv":[2.66667,2.66667,5.33333,5.33333],"texture":"#0"},"north":{"uv":[0,0,2.66667,2.66667],"texture":"#0"},"west":{"uv":[2.66667,0,5.33333,2.66667],"texture":"#0"},"up":{"uv":[2.66667,8,0,5.33333],"texture":"#0"},"down":{"uv":[5.33333,5.33333,2.66667,8],"texture":"#0"}}},{"rotation":{"origin":[14,12,15],"angle":0,"axis":"y"},"from":[6,4,7],"to":[10,7,9],"faces":{"east":{"uv":[8,8,9.33333,10],"texture":"#0"},"south":{"uv":[5.33333,0,8,2],"texture":"#0"},"north":{"uv":[5.33333,5.33333,8,7.33333],"texture":"#0"},"west":{"uv":[8,0,9.33333,2],"texture":"#0"},"up":{"uv":[8,8.66667,5.33333,7.33333],"texture":"#0"},"down":{"uv":[2.66667,8,0,9.33333],"texture":"#0"}}},{"rotation":{"origin":[16.25,11.25,16.5],"angle":0,"axis":"y"},"from":[8.25,3.5,8.5],"to":[10.25,5.5,10.5],"faces":{"east":{"uv":[9.33333,1.33333,10.66667,2.66667],"texture":"#0"},"south":{"uv":[9.33333,2.66667,10.66667,4],"texture":"#0"},"north":{"uv":[9.33333,0,10.66667,1.33333],"texture":"#0"},"west":{"uv":[9.33333,7.33333,10.66667,8.66667],"texture":"#0"},"up":{"uv":[4,11.33333,2.66667,10],"texture":"#0"},"down":{"uv":[5.33333,10,4,11.33333],"texture":"#0"}}},{"rotation":{"origin":[17.5,8.00554,18.83832],"angle":22.5,"axis":"x"},"from":[7.25,-0.49446,8.08832],"to":[8.75,1.00554,9.58832],"faces":{"east":{"uv":[4,11.33333,5,12.33333],"texture":"#0"},"south":{"uv":[5.33333,11.33333,6.33333,12.33333],"texture":"#0"},"north":{"uv":[2.66667,11.33333,3.66667,12.33333],"texture":"#0"},"west":{"uv":[6.66667,11.33333,7.66667,12.33333],"texture":"#0"},"up":{"uv":[12.33333,12.33333,11.33333,11.33333],"texture":"#0"},"down":{"uv":[12.33333,4,11.33333,5],"texture":"#0"}}},{"rotation":{"origin":[13.75,11.25,16.5],"angle":0,"axis":"y"},"from":[5.75,3.5,8.5],"to":[7.75,5.5,10.5],"faces":{"east":{"uv":[7.33333,10,8.66667,11.33333],"texture":"#0"},"south":{"uv":[10,4,11.33333,5.33333],"texture":"#0"},"north":{"uv":[6,10,7.33333,11.33333],"texture":"#0"},"west":{"uv":[10,5.33333,11.33333,6.66667],"texture":"#0"},"up":{"uv":[1.33333,12,0,10.66667],"texture":"#0"},"down":{"uv":[2.66667,10.66667,1.33333,12],"texture":"#0"}}},{"rotation":{"origin":[6.28701,6.30709,8],"angle":22.5,"axis":"z"},"from":[4.28701,5.55709,7.25],"to":[6.28701,7.05709,8.75],"faces":{"east":{"uv":[8.66667,4.66667,9.66667,5.66667],"texture":"#0"},"south":{"uv":[8.66667,6,10,7],"texture":"#0"},"north":{"uv":[6,8.66667,7.33333,9.66667],"texture":"#0"},"west":{"uv":[0,9.33333,1,10.33333],"texture":"#0"},"up":{"uv":[2.66667,10.33333,1.33333,9.33333],"texture":"#0"},"down":{"uv":[10.66667,9.33333,9.33333,10.33333],"texture":"#0"}}},{"rotation":{"origin":[9.71299,6.30709,8],"angle":-22.5,"axis":"z"},"from":[11.21299,4.80709,8.5],"to":[12.21299,7.80709,9.5],"faces":{"east":{"uv":[1.33333,12,2,14],"texture":"#0"},"south":{"uv":[2,12,2.66667,14],"texture":"#0"},"north":{"uv":[0.66667,12,1.33333,14],"texture":"#0"},"west":{"uv":[8.66667,12,9.33333,14],"texture":"#0"},"up":{"uv":[10,4.66667,9.33333,4],"texture":"#0"},"down":{"uv":[9.33333,10,8.66667,10.66667],"texture":"#0"}}},{"rotation":{"origin":[9.71299,6.30709,8],"angle":-22.5,"axis":"z"},"from":[10.71299,7.80709,8.75],"to":[12.71299,9.80709,9.25],"faces":{"east":{"uv":[7.33333,8.66667,7.66667,10],"texture":"#0"},"south":{"uv":[10.66667,9.33333,12,10.66667],"texture":"#0"},"north":{"uv":[10.66667,8,12,9.33333],"texture":"#0"},"west":{"uv":[10.66667,12,11,13.33333],"texture":"#0"},"up":{"uv":[13.33333,0.33333,12,0],"texture":"#0"},"down":{"uv":[13.33333,0.66667,12,1],"texture":"#0"}}},{"rotation":{"origin":[9.71299,6.30709,8],"angle":-22.5,"axis":"z"},"from":[9.71299,5.55709,7.25],"to":[11.71299,7.05709,8.75],"faces":{"east":{"uv":[10,10.66667,11,11.66667],"texture":"#0"},"south":{"uv":[10.66667,0,12,1],"texture":"#0"},"north":{"uv":[8.66667,10.66667,10,11.66667],"texture":"#0"},"west":{"uv":[10.66667,1.33333,11.66667,2.33333],"texture":"#0"},"up":{"uv":[12,3.66667,10.66667,2.66667],"texture":"#0"},"down":{"uv":[12,6.66667,10.66667,7.66667],"texture":"#0"}}},{"rotation":{"origin":[15.09304,12.49509,12.5],"angle":-22.5,"axis":"z"},"from":[9.34304,8.49509,7.25],"to":[10.84304,12.49509,7.75],"faces":{"east":{"uv":[8,4.66667,8.33333,7.33333],"texture":"#0"},"south":{"uv":[6.66667,2,7.66667,4.66667],"texture":"#0"},"north":{"uv":[5.33333,2,6.33333,4.66667],"texture":"#0"},"west":{"uv":[5.33333,8.66667,5.66667,11.33333],"texture":"#0"},"up":{"uv":[12.33333,11,11.33333,10.66667],"texture":"#0"},"down":{"uv":[10.33333,12,9.33333,12.33333],"texture":"#0"}}},{"rotation":{"origin":[7.25,10.75,8.25],"angle":22.5,"axis":"x"},"from":[6.25,10.75,8],"to":[7.75,13.75,8.5],"faces":{"east":{"uv":[8.33333,11.33333,8,13.33333],"texture":"#0"},"south":{"uv":[3.66667,8,2.66667,10],"texture":"#0"},"north":{"uv":[5,8,4,10],"texture":"#0"},"west":{"uv":[0.33333,12,0,14],"texture":"#0"},"up":{"uv":[6.33333,4.66667,5.33333,5],"texture":"#0"},"down":{"uv":[7.66667,5,6.66667,4.66667],"texture":"#0"}}},{"rotation":{"origin":[7.25,10.75,8.25],"angle":22.5,"axis":"x"},"from":[6.25,13.25,8.5],"to":[7.75,13.75,10.5],"faces":{"east":{"uv":[10.66667,8.66667,9.33333,9],"texture":"#0"},"south":{"uv":[9,7.66667,8,8],"texture":"#0"},"north":{"uv":[12.33333,5.66667,11.33333,6],"texture":"#0"},"west":{"uv":[12.66667,6,11.33333,6.33333],"texture":"#0"},"up":{"uv":[9,2,8,3.33333],"texture":"#0"},"down":{"uv":[9,4.66667,8,3.33333],"texture":"#0"}}}],"display":{"firstperson_righthand":{"rotation":[-19.75,-36.5,-8.75],"translation":[0,3.25,-2.25]},"thirdperson_lefthand":{"rotation":[50,-170,20],"translation":[0,2,0.5]},"firstperson_lefthand":{"rotation":[-19.75,-36.5,-8.75],"translation":[0,3.25,-2.25]},"thirdperson_righthand":{"rotation":[50,-170,20],"translation":[0,2,0.5]},"ground":{"rotation":[40,-180,0],"translation":[0,0.5,0]},"gui":{"rotation":[30,53.5,0],"translation":[-0.5,0,0]}}}