{"textures":{"0":"mineclub/handheld/camera","particle":"mineclub/handheld/camera"},"texture_size":[32,32],"elements":[{"rotation":{"origin":[11,8,15],"angle":0,"axis":"y"},"from":[3,0,7],"to":[13,6,10],"faces":{"east":{"uv":[5,1.5,6.5,4.5],"texture":"#0"},"south":{"uv":[0,3,5,6],"texture":"#0"},"north":{"uv":[0,0,5,3],"texture":"#0"},"west":{"uv":[0,6,1.5,9],"texture":"#0"},"up":{"uv":[10,6.5,5,5],"texture":"#0"},"down":{"uv":[10,0,5,1.5],"texture":"#0"}}},{"rotation":{"origin":[11,8,15],"angle":0,"axis":"y"},"from":[5,4,10],"to":[8,6,10.5],"faces":{"east":{"uv":[10.5,9.5,11,10.5],"texture":"#0"},"south":{"uv":[10,4.5,11.5,5.5],"texture":"#0"},"north":{"uv":[10,2,11.5,3],"texture":"#0"},"west":{"uv":[0,11,0.5,12],"texture":"#0"},"up":{"uv":[6.5,5,5,4.5],"texture":"#0"},"down":{"uv":[5,6,3.5,6.5],"texture":"#0"}}},{"rotation":{"origin":[11,8,15],"angle":0,"axis":"y"},"from":[10,0.5,10],"to":[12,2.5,11],"faces":{"east":{"uv":[0.5,11,1,12],"texture":"#0"},"south":{"uv":[6.5,10.5,7.5,11.5],"texture":"#0"},"north":{"uv":[5.5,10.5,6.5,11.5],"texture":"#0"},"west":{"uv":[1,11,1.5,12],"texture":"#0"},"up":{"uv":[9.5,11.5,8.5,11],"texture":"#0"},"down":{"uv":[10.5,11,9.5,11.5],"texture":"#0"}}},{"rotation":{"origin":[11,3.5,10],"angle":-45,"axis":"z"},"from":[10.5,3,10],"to":[11.5,4,11],"faces":{"east":{"uv":[10.5,11,11,11.5],"texture":"#0"},"south":{"uv":[11,11,11.5,11.5],"texture":"#0"},"north":{"uv":[9.5,4.5,10,5],"texture":"#0"},"west":{"uv":[11,9.5,11.5,10],"texture":"#0"},"up":{"uv":[11.5,10.5,11,10],"texture":"#0"},"down":{"uv":[2,11.5,1.5,12],"texture":"#0"}}},{"rotation":{"origin":[11,8,15],"angle":0,"axis":"y"},"from":[11,1,6.5],"to":[14,5,10.5],"faces":{"east":{"uv":[7.5,7.5,9.5,9.5],"texture":"#0"},"south":{"uv":[5,8.5,6.5,10.5],"texture":"#0"},"north":{"uv":[3.5,8.5,5,10.5],"texture":"#0"},"west":{"uv":[1.5,8,3.5,10],"texture":"#0"},"up":{"uv":[10,3.5,8.5,1.5],"texture":"#0"},"down":{"uv":[1.5,9,0,11],"texture":"#0"}}},{"rotation":{"origin":[11,6,8.5],"angle":-45,"axis":"y"},"from":[10,6,7.5],"to":[12,6.5,9.5],"faces":{"east":{"uv":[10.5,7.5,11.5,8],"texture":"#0"},"south":{"uv":[10.5,8,11.5,8.5],"texture":"#0"},"north":{"uv":[10.5,10.5,11.5,11],"texture":"#0"},"west":{"uv":[10.5,8.5,11.5,9],"texture":"#0"},"up":{"uv":[4.5,11.5,3.5,10.5],"texture":"#0"},"down":{"uv":[5.5,10.5,4.5,11.5],"texture":"#0"}}},{"rotation":{"origin":[11,8,15],"angle":0,"axis":"y"},"from":[4,6,7.5],"to":[8,7,9.5],"faces":{"east":{"uv":[8.5,10.5,9.5,11],"texture":"#0"},"south":{"uv":[10,6,12,6.5],"texture":"#0"},"north":{"uv":[10,5.5,12,6],"texture":"#0"},"west":{"uv":[9.5,10.5,10.5,11],"texture":"#0"},"up":{"uv":[11.5,4.5,9.5,3.5],"texture":"#0"},"down":{"uv":[11.5,6.5,9.5,7.5],"texture":"#0"}}},{"rotation":{"origin":[6,2.75,7],"angle":45,"axis":"z"},"from":[4.25,1,3],"to":[7.75,4.5,5],"faces":{"east":{"uv":[6.5,8.5,7.5,10.5],"texture":"#0"},"south":{"uv":[3.5,6.5,5.5,8.5],"texture":"#0"},"north":{"uv":[1.5,6,3.5,8],"texture":"#0"},"west":{"uv":[7.5,9.5,8.5,11.5],"texture":"#0"},"up":{"uv":[9.5,7.5,7.5,6.5],"texture":"#0"},"down":{"uv":[10.5,9.5,8.5,10.5],"texture":"#0"}}},{"rotation":{"origin":[6,2.75,7],"angle":45,"axis":"z"},"from":[4.5,1.25,5],"to":[7.5,4.25,7],"faces":{"east":{"uv":[9.5,7.5,10.5,9],"texture":"#0"},"south":{"uv":[8,3.5,9.5,5],"texture":"#0"},"north":{"uv":[6.5,3.5,8,5],"texture":"#0"},"west":{"uv":[1.5,10,2.5,11.5],"texture":"#0"},"up":{"uv":[11.5,1,10,0],"texture":"#0"},"down":{"uv":[11.5,1,10,2],"texture":"#0"}}},{"rotation":{"origin":[6,2.75,4],"angle":45,"axis":"z"},"from":[4,0.75,2],"to":[8,4.75,3],"faces":{"east":{"uv":[2.5,10,3,12],"texture":"#0"},"south":{"uv":[6.5,1.5,8.5,3.5],"texture":"#0"},"north":{"uv":[5.5,6.5,7.5,8.5],"texture":"#0"},"west":{"uv":[3,10,3.5,12],"texture":"#0"},"up":{"uv":[11.5,9.5,9.5,9],"texture":"#0"},"down":{"uv":[12,3,10,3.5],"texture":"#0"}}}],"display":{"firstperson_righthand":{"rotation":[10,4,2],"translation":[-4,8.25,4],"scale":[0.65,0.65,0.65]},"thirdperson_lefthand":{"rotation":[15,0,0],"translation":[-2,3,0],"scale":[0.8,0.8,0.8]},"firstperson_lefthand":{"rotation":[10,4,2],"translation":[-4,8.75,3.5],"scale":[0.8,0.8,0.8]},"thirdperson_righthand":{"rotation":[3,0,0],"translation":[-3.25,4.25,-1]},"ground":{"translation":[0,6.5,0]},"gui":{"rotation":[30,225,0],"translation":[0,2.75,0],"scale":[0.8,0.8,0.8]},"fixed":{"rotation":[-90,0,0],"translation":[0,0,-14.5],"scale":[2,2,2]}}}