{"textures":{"1":"mineclub/handheld/candycane"},"texture_size":[32,32],"elements":[{"rotation":{"origin":[16,8,15],"angle":0,"axis":"y"},"from":[7,0,7],"to":[9,20,9],"faces":{"east":{"uv":[1,1,2,11],"texture":"#1"},"south":{"uv":[2,2,3,12],"texture":"#1"},"north":{"uv":[0,0,1,10],"texture":"#1"},"west":{"uv":[3,3,4,13],"texture":"#1"},"up":{"uv":[3,2,2,1],"texture":"#1"},"down":{"uv":[6.5,3,5.5,4],"texture":"#1"}}},{"rotation":{"origin":[15.5,13,14.5],"angle":0,"axis":"y"},"from":[6.5,5,6.5],"to":[9.5,7,9.5],"faces":{"east":{"uv":[4,3,5.5,4],"texture":"#1"},"south":{"uv":[5,4,6.5,5],"texture":"#1"},"north":{"uv":[1,0,2.5,1],"texture":"#1"},"west":{"uv":[6,5,7.5,6],"texture":"#1"},"up":{"uv":[6.5,1.5,5,0],"texture":"#1"},"down":{"uv":[6.5,1.5,5,3],"texture":"#1"}}},{"rotation":{"origin":[16,22,19],"angle":0,"axis":"y"},"from":[7,14,11],"to":[9,20,13],"faces":{"east":{"uv":[4,4,5,7],"texture":"#1"},"south":{"uv":[4,0,5,3],"texture":"#1"},"north":{"uv":[3,0,4,3],"texture":"#1"},"west":{"uv":[5,5,6,8],"texture":"#1"},"up":{"uv":[10,3,9,2],"texture":"#1"},"down":{"uv":[10,5,9,6],"texture":"#1"}}},{"rotation":{"origin":[16,22,19],"angle":0,"axis":"y"},"from":[7.5,9,6.5],"to":[9.5,9.5,7],"faces":{"east":{"uv":[11.5,3.5,12,4],"texture":"#1"},"south":{"uv":[10.5,7.5,11.5,8],"texture":"#1"},"north":{"uv":[10.5,7,11.5,7.5],"texture":"#1"},"west":{"uv":[11.5,4,12,4.5],"texture":"#1"},"up":{"uv":[11.5,8.5,10.5,8],"texture":"#1"},"down":{"uv":[11.5,8.5,10.5,9],"texture":"#1"}}},{"rotation":{"origin":[16,22,19],"angle":0,"axis":"y"},"from":[7.5,7,6.5],"to":[8,9,7],"faces":{"east":{"uv":[0,11,0.5,12],"texture":"#1"},"south":{"uv":[0.5,11,1,12],"texture":"#1"},"north":{"uv":[10.5,9,11,10],"texture":"#1"},"west":{"uv":[1,11,1.5,12],"texture":"#1"},"up":{"uv":[12,9,11.5,8.5],"texture":"#1"},"down":{"uv":[12,9,11.5,9.5],"texture":"#1"}}},{"rotation":{"origin":[16,28.46716,20.67878],"angle":0,"axis":"y"},"from":[6.5,15.46716,9.17878],"to":[9.5,15.96716,9.67878],"faces":{"east":{"uv":[11.5,5.5,12,6],"texture":"#1"},"south":{"uv":[8,4,9.5,4.5],"texture":"#1"},"north":{"uv":[7,6.5,8.5,7],"texture":"#1"},"west":{"uv":[11.5,6,12,6.5],"texture":"#1"},"up":{"uv":[11,10.5,9.5,10],"texture":"#1"},"down":{"uv":[11.5,0,10,0.5],"texture":"#1"}}},{"rotation":{"origin":[16,29.00887,18.63164],"angle":0,"axis":"y"},"from":[6.5,20.00887,7.13164],"to":[9.5,20.50887,7.63164],"faces":{"east":{"uv":[11.5,7.5,12,8],"texture":"#1"},"south":{"uv":[10,1,11.5,1.5],"texture":"#1"},"north":{"uv":[10,0.5,11.5,1],"texture":"#1"},"west":{"uv":[11.5,8,12,8.5],"texture":"#1"},"up":{"uv":[11.5,2,10,1.5],"texture":"#1"},"down":{"uv":[11.5,2,10,2.5],"texture":"#1"}}},{"rotation":{"origin":[16,24.90816,-0.64763],"angle":22.5,"axis":"x"},"from":[9,13.40816,11.85237],"to":[9.5,20.40816,12.35237],"faces":{"east":{"uv":[6.5,6.5,7,10],"texture":"#1"},"south":{"uv":[6.5,0,7,3.5],"texture":"#1"},"north":{"uv":[6,6,6.5,9.5],"texture":"#1"},"west":{"uv":[4,7,4.5,10.5],"texture":"#1"},"up":{"uv":[12,5,11.5,4.5],"texture":"#1"},"down":{"uv":[12,5,11.5,5.5],"texture":"#1"}}},{"rotation":{"origin":[16,27.6565,23.03979],"angle":22.5,"axis":"x"},"from":[9,14.6565,11.53979],"to":[9.5,15.1565,17.53979],"faces":{"east":{"uv":[6.5,4.5,9.5,5],"texture":"#1"},"south":{"uv":[11.5,10,12,10.5],"texture":"#1"},"north":{"uv":[11.5,9.5,12,10],"texture":"#1"},"west":{"uv":[6.5,6,9.5,6.5],"texture":"#1"},"up":{"uv":[5,10,4.5,7],"texture":"#1"},"down":{"uv":[7.5,0,7,3],"texture":"#1"}}},{"rotation":{"origin":[13.5,21.30823,-6.77057],"angle":-22.5,"axis":"x"},"from":[6.5,9.80823,5.72943],"to":[7,15.05823,6.22943],"faces":{"east":{"uv":[5.5,8,6,10.5],"texture":"#1"},"south":{"uv":[8.5,8.5,9,11],"texture":"#1"},"north":{"uv":[5,8,5.5,10.5],"texture":"#1"},"west":{"uv":[7,9,7.5,11.5],"texture":"#1"},"up":{"uv":[12,7,11.5,6.5],"texture":"#1"},"down":{"uv":[12,7,11.5,7.5],"texture":"#1"}}},{"rotation":{"origin":[16,26,17],"angle":0,"axis":"y"},"from":[7,18,9],"to":[9,20,11],"faces":{"east":{"uv":[8.5,7.5,9.5,8.5],"texture":"#1"},"south":{"uv":[7.5,9,8.5,10],"texture":"#1"},"north":{"uv":[8.5,6.5,9.5,7.5],"texture":"#1"},"west":{"uv":[9,9,10,10],"texture":"#1"},"up":{"uv":[10,1,9,0],"texture":"#1"},"down":{"uv":[10,1,9,2],"texture":"#1"}}},{"rotation":{"origin":[10,12.5,8],"angle":45,"axis":"x"},"from":[9.5,12,7.5],"to":[10.5,13,8.5],"faces":{"east":{"uv":[0,12,0.5,12.5],"texture":"#1"},"south":{"uv":[0.5,12,1,12.5],"texture":"#1"},"north":{"uv":[11.5,10.5,12,11],"texture":"#1"},"west":{"uv":[1,12,1.5,12.5],"texture":"#1"},"up":{"uv":[2,12.5,1.5,12],"texture":"#1"},"down":{"uv":[2.5,12,2,12.5],"texture":"#1"}}},{"rotation":{"origin":[16,26,17],"angle":0,"axis":"y"},"from":[5.5,17,8],"to":[6.5,18,9],"faces":{"east":{"uv":[7.5,12,8,12.5],"texture":"#1"},"south":{"uv":[8,12,8.5,12.5],"texture":"#1"},"north":{"uv":[7,12,7.5,12.5],"texture":"#1"},"west":{"uv":[8.5,12,9,12.5],"texture":"#1"},"up":{"uv":[9.5,12.5,9,12],"texture":"#1"},"down":{"uv":[10,12,9.5,12.5],"texture":"#1"}}},{"rotation":{"origin":[10,18.75,11],"angle":-22.5,"axis":"x"},"from":[9.5,18.25,10.5],"to":[10.5,19.25,11.5],"faces":{"east":{"uv":[10.5,12,11,12.5],"texture":"#1"},"south":{"uv":[11,12,11.5,12.5],"texture":"#1"},"north":{"uv":[10,12,10.5,12.5],"texture":"#1"},"west":{"uv":[11.5,12,12,12.5],"texture":"#1"},"up":{"uv":[12.5,12.5,12,12],"texture":"#1"},"down":{"uv":[12.5,0,12,0.5],"texture":"#1"}}},{"rotation":{"origin":[9.75,9.5,6.25],"angle":-45,"axis":"y"},"from":[9.25,8.75,6],"to":[10.25,9.75,7],"faces":{"east":{"uv":[4,12,4.5,12.5],"texture":"#1"},"south":{"uv":[5,12,5.5,12.5],"texture":"#1"},"north":{"uv":[2.5,12,3,12.5],"texture":"#1"},"west":{"uv":[5.5,12,6,12.5],"texture":"#1"},"up":{"uv":[6.5,12.5,6,12],"texture":"#1"},"down":{"uv":[7,12,6.5,12.5],"texture":"#1"}}},{"rotation":{"origin":[16,26,17],"angle":0,"axis":"y"},"from":[9,18,7.75],"to":[9.5,18.5,8.25],"faces":{"east":{"uv":[6,9.5,6.5,10],"texture":"#1"},"south":{"uv":[10,2.5,10.5,3],"texture":"#1"},"north":{"uv":[9,8.5,9.5,9],"texture":"#1"},"west":{"uv":[7,11.5,7.5,12],"texture":"#1"},"up":{"uv":[9.5,12,9,11.5],"texture":"#1"},"down":{"uv":[12,0,11.5,0.5],"texture":"#1"}}},{"rotation":{"origin":[10.84776,18.76537,7.75],"angle":22.5,"axis":"z"},"from":[8.84776,17.26537,7.25],"to":[9.84776,18.76537,8.75],"faces":{"east":{"uv":[9.5,3,10.5,4],"texture":"#1"},"south":{"uv":[10.5,2.5,11,3.5],"texture":"#1"},"north":{"uv":[10,9,10.5,10],"texture":"#1"},"west":{"uv":[9.5,4,10.5,5],"texture":"#1"},"up":{"uv":[11,4.5,10.5,3.5],"texture":"#1"},"down":{"uv":[11,4.5,10.5,5.5],"texture":"#1"}}},{"rotation":{"origin":[10.84776,18.76537,7.75],"angle":22.5,"axis":"z"},"from":[9.09776,16.26537,7.75],"to":[9.59776,16.76537,8.25],"faces":{"east":{"uv":[11.5,1,12,1.5],"texture":"#1"},"south":{"uv":[11.5,1.5,12,2],"texture":"#1"},"north":{"uv":[11.5,0.5,12,1],"texture":"#1"},"west":{"uv":[11.5,2,12,2.5],"texture":"#1"},"up":{"uv":[12,3,11.5,2.5],"texture":"#1"},"down":{"uv":[12,3,11.5,3.5],"texture":"#1"}}},{"rotation":{"origin":[10.84776,18.76537,7.75],"angle":22.5,"axis":"z"},"from":[8.59776,16.76537,7],"to":[10.09776,17.26537,9],"faces":{"east":{"uv":[10.5,5.5,11.5,6],"texture":"#1"},"south":{"uv":[10.5,6,11.5,6.5],"texture":"#1"},"north":{"uv":[7,3,8,3.5],"texture":"#1"},"west":{"uv":[10.5,6.5,11.5,7],"texture":"#1"},"up":{"uv":[10.5,7,9.5,6],"texture":"#1"},"down":{"uv":[10.5,7,9.5,8],"texture":"#1"}}}],"display":{"firstperson_righthand":{"rotation":[-30,-145,-10],"translation":[0.5,4,-1.5]},"thirdperson_lefthand":{"rotation":[0,-150,0],"translation":[0,3.75,2]},"firstperson_lefthand":{"rotation":[-30,-145,-10],"translation":[0.5,4,-1.5]},"thirdperson_righthand":{"rotation":[0,-150,0],"translation":[0,3.75,2]},"ground":{"rotation":[61,121,4],"translation":[0,1,0]},"gui":{"rotation":[-53.5,128.75,55.25],"translation":[0,-1.25,0],"scale":[0.7,0.7,0.7]}}}