{"textures":{"particle":"mineclub/handheld/gfx_clipboard"},"elements":[{"rotation":{"origin":[19,8,15.5],"angle":0,"axis":"y"},"from":[1,0,7.5],"to":[15,18,8.5],"faces":{"east":{"uv":[0.5,1,1,10],"texture":"#particle"},"south":{"uv":[8.5,1,15.5,10],"texture":"#particle"},"north":{"uv":[1,1,8,10],"texture":"#particle"},"west":{"uv":[8,1,8.5,10],"texture":"#particle"},"up":{"uv":[8,1,1,0.5],"texture":"#particle"},"down":{"uv":[8,10.5,1,10],"texture":"#particle"}}},{"rotation":{"origin":[19,8,14.5],"angle":0,"axis":"y"},"from":[4,16,6.5],"to":[12,19,8.5],"faces":{"east":{"uv":[0.5,12.5,1.5,14],"texture":"#particle"},"south":{"uv":[6.5,12.5,10.5,14],"texture":"#particle"},"north":{"uv":[1.5,12.5,5.5,14],"texture":"#particle"},"west":{"uv":[5.5,12.5,6.5,14],"texture":"#particle"},"up":{"uv":[5.5,12.5,1.5,11.5],"texture":"#particle"},"down":{"uv":[5.5,15,1.5,14],"texture":"#particle"}}},{"rotation":{"origin":[8,18,6.5],"angle":-22.5,"axis":"x"},"from":[5,18,6.5],"to":[11,20,7.5],"faces":{"east":{"uv":[11.5,12.5,12,13.5],"texture":"#particle"},"south":{"uv":[15,12,12,11],"texture":"#particle"},"north":{"uv":[12,12.5,15,13.5],"texture":"#particle"},"west":{"uv":[15,12.5,15.5,13.5],"texture":"#particle"},"up":{"uv":[15,12.5,12,12],"texture":"#particle"}}},{"rotation":{"origin":[8,18,6.5],"angle":-22.5,"axis":"x"},"from":[6,20,6.5],"to":[10,21,7.5],"faces":{"east":{"uv":[11,15,11.5,15.5],"texture":"#particle"},"south":{"uv":[9,15,11,15.5],"texture":"#particle"},"north":{"uv":[11.5,15,13.5,15.5],"texture":"#particle"},"west":{"uv":[13.5,15,14,15.5],"texture":"#particle"},"up":{"uv":[13.5,15,11.5,14.5],"texture":"#particle"}}}],"display":{"firstperson_righthand":{"rotation":[-45,155,22.5],"translation":[1.5,2,0],"scale":[0.4,0.4,0.4]},"thirdperson_lefthand":{"rotation":[0,-180,0],"translation":[0,3.5,1],"scale":[0.55,0.55,0.55]},"firstperson_lefthand":{"rotation":[-45,155,22.5],"translation":[1.5,2,0],"scale":[0.4,0.4,0.4]},"thirdperson_righthand":{"rotation":[0,-180,0],"translation":[0,3.5,1],"scale":[0.55,0.55,0.55]},"ground":{"rotation":[45,0,0],"translation":[0,1,0],"scale":[0.5,0.5,0.5]},"gui":{"rotation":[-45,-180,45],"translation":[-0.5,-1,0],"scale":[0.6,0.6,0.6]},"fixed":{"translation":[0,-1,0]}}}