{"textures":{"0":"mineclub/handheld/controller","particle":"mineclub/handheld/controller"},"texture_size":[24,24],"elements":[{"rotation":{"origin":[5.37868,13.62253,4.83868],"angle":-22.5,"axis":"x"},"from":[3.37868,6.12253,1.08868],"to":[6.37868,7.62253,6.08868],"faces":{"east":{"uv":[5.33333,0.33333,8.66667,1.33333],"texture":"#0"},"south":{"uv":[10,8.33333,12,9.33333],"texture":"#0"},"north":{"uv":[2,5.66667,4,6.66667],"texture":"#0"},"west":{"uv":[6,6.33333,9.33333,7.33333],"texture":"#0"},"up":{"uv":[2,3.33333,0,0],"texture":"#0"},"down":{"uv":[4,2,2,5.33333],"texture":"#0"}}},{"rotation":{"origin":[10.62132,13.62253,4.83868],"angle":-22.5,"axis":"x"},"from":[9.62132,6.12253,1.08868],"to":[12.62132,7.62253,6.08868],"faces":{"east":{"uv":[6,4.33333,9.33333,5.33333],"texture":"#0"},"south":{"uv":[4,11,6,12],"texture":"#0"},"north":{"uv":[2,11,4,12],"texture":"#0"},"west":{"uv":[0,7,3.33333,8],"texture":"#0"},"up":{"uv":[2,6.66667,0,3.33333],"texture":"#0"},"down":{"uv":[6,4,4,7.33333],"texture":"#0"}}},{"rotation":{"origin":[7.5,15,10],"angle":0,"axis":"y"},"from":[8.5,7.75,6.75],"to":[10,9.25,8.25],"faces":{"east":{"uv":[11.33333,1.66667,12.33333,2.66667],"texture":"#0"},"south":{"uv":[11.33333,3,12.33333,4],"texture":"#0"},"north":{"uv":[11.33333,0.33333,12.33333,1.33333],"texture":"#0"},"west":{"uv":[11.33333,4.33333,12.33333,5.33333],"texture":"#0"},"up":{"uv":[1,13.33333,0,12.33333],"texture":"#0"},"down":{"uv":[2.33333,12.33333,1.33333,13.33333],"texture":"#0"}}},{"rotation":{"origin":[7.5,15,10],"angle":0,"axis":"y"},"from":[9,9.25,7.25],"to":[9.5,10.25,7.75],"faces":{"east":{"uv":[11.33333,9.33333,11.66667,10],"texture":"#0"},"south":{"uv":[5.33333,13.33333,5.66667,14],"texture":"#0"},"north":{"uv":[11.33333,5.33333,11.66667,6],"texture":"#0"},"west":{"uv":[6,13.33333,6.33333,14],"texture":"#0"},"up":{"uv":[7.33333,14,6.66667,13.33333],"texture":"#0"},"down":{"uv":[8,13.33333,7.33333,14],"texture":"#0"}}},{"rotation":{"origin":[7.5,15,10],"angle":0,"axis":"y"},"from":[6.5,9.25,7.25],"to":[7,10.25,7.75],"faces":{"east":{"uv":[8.66667,13.33333,9,14],"texture":"#0"},"south":{"uv":[9.33333,13.33333,9.66667,14],"texture":"#0"},"north":{"uv":[8,13.33333,8.33333,14],"texture":"#0"},"west":{"uv":[10,13.33333,10.33333,14],"texture":"#0"},"up":{"uv":[11.33333,14,10.66667,13.33333],"texture":"#0"},"down":{"uv":[12,13.33333,11.33333,14],"texture":"#0"}}},{"rotation":{"origin":[8.5,15,10],"angle":0,"axis":"y"},"from":[6,7.75,6.75],"to":[7.5,9.25,8.25],"faces":{"east":{"uv":[4,12,5,13],"texture":"#0"},"south":{"uv":[5.33333,12,6.33333,13],"texture":"#0"},"north":{"uv":[2.66667,12,3.66667,13],"texture":"#0"},"west":{"uv":[6.66667,12,7.66667,13],"texture":"#0"},"up":{"uv":[9,13,8,12],"texture":"#0"},"down":{"uv":[10.33333,12,9.33333,13],"texture":"#0"}}},{"rotation":{"origin":[8.5,15,10],"angle":0,"axis":"y"},"from":[6,10.25,6.75],"to":[7.5,10.75,8.25],"faces":{"east":{"uv":[2,8,3,8.33333],"texture":"#0"},"south":{"uv":[8,5.33333,9,5.66667],"texture":"#0"},"north":{"uv":[7.33333,3.33333,8.33333,3.66667],"texture":"#0"},"west":{"uv":[10,9.33333,11,9.66667],"texture":"#0"},"up":{"uv":[11.66667,13,10.66667,12],"texture":"#0"},"down":{"uv":[13,12,12,13],"texture":"#0"}}},{"rotation":{"origin":[8.5,15,10],"angle":0,"axis":"y"},"from":[8.5,10.25,6.75],"to":[10,10.75,8.25],"faces":{"east":{"uv":[12,11.33333,13,11.66667],"texture":"#0"},"south":{"uv":[12.66667,4,13.66667,4.33333],"texture":"#0"},"north":{"uv":[12,10.66667,13,11],"texture":"#0"},"west":{"uv":[12.66667,4.66667,13.66667,5],"texture":"#0"},"up":{"uv":[13,6.33333,12,5.33333],"texture":"#0"},"down":{"uv":[13,6.66667,12,7.66667],"texture":"#0"}}},{"rotation":{"origin":[7.5,15,10],"angle":0,"axis":"y"},"from":[5.5,7,7],"to":[10.5,9,10],"faces":{"east":{"uv":[6,10.66667,8,12],"texture":"#0"},"south":{"uv":[6.66667,7.33333,10,8.66667],"texture":"#0"},"north":{"uv":[3.33333,7.33333,6.66667,8.66667],"texture":"#0"},"west":{"uv":[8,10.66667,10,12],"texture":"#0"},"up":{"uv":[5.33333,2,2,0],"texture":"#0"},"down":{"uv":[7.33333,2,4,4],"texture":"#0"}}},{"rotation":{"origin":[7.5,15,10],"angle":0,"axis":"y"},"from":[7,8.25,8.75],"to":[9,9.25,10.25],"faces":{"east":{"uv":[1.33333,13.33333,2.33333,14],"texture":"#0"},"south":{"uv":[2.66667,13.33333,4,14],"texture":"#0"},"north":{"uv":[0,13.33333,1.33333,14],"texture":"#0"},"west":{"uv":[4,13.33333,5,14],"texture":"#0"},"up":{"uv":[13.33333,9,12,8],"texture":"#0"},"down":{"uv":[13.33333,9.33333,12,10.33333],"texture":"#0"}}},{"rotation":{"origin":[7.5,15,10],"angle":0,"axis":"y"},"from":[10.5,9.5,7],"to":[11.5,9.75,10],"faces":{"east":{"uv":[5.33333,1.66667,7.33333,2],"texture":"#0"},"south":{"uv":[13.33333,12.33333,14,12.66667],"texture":"#0"},"north":{"uv":[13.33333,11.66667,14,12],"texture":"#0"},"west":{"uv":[6,5.66667,8,6],"texture":"#0"},"up":{"uv":[13.33333,2,12.66667,0],"texture":"#0"},"down":{"uv":[13.33333,2,12.66667,4],"texture":"#0"}}},{"rotation":{"origin":[7.5,15,10],"angle":0,"axis":"y"},"from":[9.5,9.5,8],"to":[10.5,9.75,9],"faces":{"east":{"uv":[0,14.33333,0.66667,14.66667],"texture":"#0"},"south":{"uv":[0.66667,14.33333,1.33333,14.66667],"texture":"#0"},"north":{"uv":[13.33333,13,14,13.33333],"texture":"#0"},"west":{"uv":[1.33333,14.33333,2,14.66667],"texture":"#0"},"up":{"uv":[2.66667,14.66667,2,14],"texture":"#0"},"down":{"uv":[3.33333,14,2.66667,14.66667],"texture":"#0"}}},{"rotation":{"origin":[7.5,15,10],"angle":0,"axis":"y"},"from":[11.5,9.5,8],"to":[12.5,9.75,9],"faces":{"east":{"uv":[4,14.33333,4.66667,14.66667],"texture":"#0"},"south":{"uv":[4.66667,14.33333,5.33333,14.66667],"texture":"#0"},"north":{"uv":[3.33333,14.33333,4,14.66667],"texture":"#0"},"west":{"uv":[5.33333,14.33333,6,14.66667],"texture":"#0"},"up":{"uv":[6.66667,14.66667,6,14],"texture":"#0"},"down":{"uv":[7.33333,14,6.66667,14.66667],"texture":"#0"}}},{"rotation":{"origin":[5,8,8.5],"angle":-45,"axis":"y"},"from":[3.75,9.5,7.25],"to":[4.75,9.75,8.25],"faces":{"east":{"uv":[8.66667,0.33333,9.33333,0.66667],"texture":"#0"},"south":{"uv":[8.66667,1,9.33333,1.33333],"texture":"#0"},"north":{"uv":[3.33333,7,4,7.33333],"texture":"#0"},"west":{"uv":[8.66667,3.66667,9.33333,4],"texture":"#0"},"up":{"uv":[10,6.66667,9.33333,6],"texture":"#0"},"down":{"uv":[10,6.66667,9.33333,7.33333],"texture":"#0"}}},{"rotation":{"origin":[5,8,8.5],"angle":-45,"axis":"y"},"from":[5.25,9.5,7.25],"to":[6.25,9.75,8.25],"faces":{"east":{"uv":[13.33333,3,14,3.33333],"texture":"#0"},"south":{"uv":[13.33333,3.66667,14,4],"texture":"#0"},"north":{"uv":[13.33333,2.33333,14,2.66667],"texture":"#0"},"west":{"uv":[13.33333,5.66667,14,6],"texture":"#0"},"up":{"uv":[14,6.66667,13.33333,6],"texture":"#0"},"down":{"uv":[14,6.66667,13.33333,7.33333],"texture":"#0"}}},{"rotation":{"origin":[5,8,8.5],"angle":-45,"axis":"y"},"from":[3.75,9.5,8.75],"to":[4.75,9.75,9.75],"faces":{"east":{"uv":[12.66667,13.66667,13.33333,14],"texture":"#0"},"south":{"uv":[13.33333,13.66667,14,14],"texture":"#0"},"north":{"uv":[12,13.66667,12.66667,14],"texture":"#0"},"west":{"uv":[13.33333,0.33333,14,0.66667],"texture":"#0"},"up":{"uv":[14,1.33333,13.33333,0.66667],"texture":"#0"},"down":{"uv":[14,1.33333,13.33333,2],"texture":"#0"}}},{"rotation":{"origin":[5,8,8.5],"angle":-45,"axis":"y"},"from":[5.25,9.5,8.75],"to":[6.25,9.75,9.75],"faces":{"east":{"uv":[13.33333,8.33333,14,8.66667],"texture":"#0"},"south":{"uv":[13.33333,9,14,9.33333],"texture":"#0"},"north":{"uv":[13.33333,7.66667,14,8],"texture":"#0"},"west":{"uv":[13.33333,9.66667,14,10],"texture":"#0"},"up":{"uv":[14,10.66667,13.33333,10],"texture":"#0"},"down":{"uv":[14,10.66667,13.33333,11.33333],"texture":"#0"}}},{"rotation":{"origin":[5,8,8.5],"angle":-45,"axis":"y"},"from":[3.5,6.5,7],"to":[6.5,9.5,10],"faces":{"east":{"uv":[9.33333,2,11.33333,4],"texture":"#0"},"south":{"uv":[9.33333,4,11.33333,6],"texture":"#0"},"north":{"uv":[9.33333,0,11.33333,2],"texture":"#0"},"west":{"uv":[0,10,2,12],"texture":"#0"},"up":{"uv":[12,12,10,10],"texture":"#0"},"down":{"uv":[12,6,10,8],"texture":"#0"}}},{"rotation":{"origin":[11,8,8.5],"angle":45,"axis":"y"},"from":[9.5,6.5,7],"to":[12.5,9.5,10],"faces":{"east":{"uv":[0,8,2,10],"texture":"#0"},"south":{"uv":[2,8.66667,4,10.66667],"texture":"#0"},"north":{"uv":[7.33333,1.33333,9.33333,3.33333],"texture":"#0"},"west":{"uv":[4,8.66667,6,10.66667],"texture":"#0"},"up":{"uv":[8,10.66667,6,8.66667],"texture":"#0"},"down":{"uv":[10,8.66667,8,10.66667],"texture":"#0"}}}],"display":{"firstperson_righthand":{"rotation":[55,154.75,-34],"translation":[4.75,0,-5.25]},"thirdperson_lefthand":{"rotation":[77.5,148.5,0],"translation":[-0.75,3.25,0.75],"scale":[0.7,0.7,0.7]},"firstperson_lefthand":{"rotation":[55,154.75,-34],"translation":[4.75,0,-5.25]},"thirdperson_righthand":{"rotation":[77.5,148.5,0],"translation":[-0.75,3.25,0.75],"scale":[0.8,0.8,0.8]},"ground":{"scale":[0.7,0.7,0.7]},"gui":{"rotation":[30,225,0],"translation":[-0.75,-0.5,0]}}}