{"textures":{"0":"mineclub/handheld/enderman","particle":"mineclub/handheld/enderman"},"texture_size":[24,24],"elements":[{"rotation":{"origin":[8,9,8],"angle":0,"axis":"y"},"from":[6,9,6],"to":[10,13,10],"faces":{"east":{"uv":[0,3.33333,2.66667,6],"texture":"#0"},"south":{"uv":[5.33333,5.33333,8,8],"texture":"#0"},"north":{"uv":[2.66667,0,5.33333,2.66667],"texture":"#0"},"west":{"uv":[5.33333,0,8,2.66667],"texture":"#0"},"up":{"uv":[8,5.33333,5.33333,2.66667],"texture":"#0"},"down":{"uv":[2.66667,6,0,8.66667],"texture":"#0"}}},{"rotation":{"origin":[6,9,8],"angle":-22.5,"axis":"z"},"from":[5,2,7.5],"to":[6,9,8.5],"faces":{"east":{"uv":[0,8.66667,0.66667,13.33333],"texture":"#0"},"south":{"uv":[0.66667,8.66667,1.33333,13.33333],"texture":"#0"},"north":{"uv":[8,0,8.66667,4.66667],"texture":"#0"},"west":{"uv":[1.33333,8.66667,2,13.33333],"texture":"#0"},"up":{"uv":[8.66667,6.66667,8,6],"texture":"#0"},"down":{"uv":[8.66667,6.66667,8,7.33333],"texture":"#0"}}},{"rotation":{"origin":[10,9,8],"angle":22.5,"axis":"z"},"from":[10,2,7.5],"to":[11,9,8.5],"faces":{"east":{"uv":[8.66667,0,9.33333,4.66667],"texture":"#0"},"south":{"uv":[2.66667,9.33333,3.33333,14],"texture":"#0"},"north":{"uv":[2,8.66667,2.66667,13.33333],"texture":"#0"},"west":{"uv":[3.33333,9.33333,4,14],"texture":"#0"},"up":{"uv":[8.66667,8,8,7.33333],"texture":"#0"},"down":{"uv":[9.33333,6,8.66667,6.66667],"texture":"#0"}}},{"rotation":{"origin":[9,4,8],"angle":22.5,"axis":"x"},"from":[8.5,-3,7.5],"to":[9.5,4,8.5],"faces":{"east":{"uv":[4.66667,9.33333,5.33333,14],"texture":"#0"},"south":{"uv":[5.33333,9.33333,6,14],"texture":"#0"},"north":{"uv":[4,9.33333,4.66667,14],"texture":"#0"},"west":{"uv":[6,9.33333,6.66667,14],"texture":"#0"},"up":{"uv":[9.33333,7.33333,8.66667,6.66667],"texture":"#0"},"down":{"uv":[9.33333,7.33333,8.66667,8],"texture":"#0"}}},{"rotation":{"origin":[7,4,8],"angle":-45,"axis":"x"},"from":[6.5,3.5,1],"to":[7.5,4.5,8],"faces":{"east":{"uv":[8,4.66667,12.66667,5.33333],"texture":"#0"},"south":{"uv":[8.66667,9.33333,9.33333,10],"texture":"#0"},"north":{"uv":[8,9.33333,8.66667,10],"texture":"#0"},"west":{"uv":[8,5.33333,12.66667,6],"texture":"#0"},"up":{"uv":[7.33333,14,6.66667,9.33333],"texture":"#0"},"down":{"uv":[8,9.33333,7.33333,14],"texture":"#0"}}},{"rotation":{"origin":[8,4,8],"angle":0,"axis":"y"},"from":[6,4,7],"to":[10,9,9],"faces":{"east":{"uv":[2.66667,6,4,9.33333],"texture":"#0"},"south":{"uv":[2.66667,2.66667,5.33333,6],"texture":"#0"},"north":{"uv":[0,0,2.66667,3.33333],"texture":"#0"},"west":{"uv":[4,6,5.33333,9.33333],"texture":"#0"},"up":{"uv":[8,9.33333,5.33333,8],"texture":"#0"},"down":{"uv":[10.66667,8,8,9.33333],"texture":"#0"}}}],"display":{"firstperson_righthand":{"rotation":[-7.75,126.25,10],"translation":[-0.5,4,0.75]},"thirdperson_lefthand":{"rotation":[60,5,10],"translation":[-0.25,2,1.5],"scale":[0.84,0.84,0.84]},"firstperson_lefthand":{"rotation":[-7.75,126.25,10],"translation":[-0.5,4,0.75]},"thirdperson_righthand":{"rotation":[60,5,10],"translation":[-0.25,2,1.5],"scale":[0.84,0.84,0.84]},"ground":{"rotation":[70,0,0],"translation":[0,-1.75,0],"scale":[0.7,0.7,0.7]},"gui":{"rotation":[30,225,0],"translation":[0,2.25,0],"scale":[0.8,0.8,0.8]}}}