{"textures":{"1":"mineclub/handheld/fairywand","particle":"mineclub/handheld/fairywand"},"texture_size":[32,32],"elements":[{"rotation":{"origin":[8,16,8],"angle":0,"axis":"y"},"from":[7,-2,7],"to":[9,18,9],"faces":{"east":{"uv":[1,1,2,11],"texture":"#1"},"south":{"uv":[2,2,3,12],"texture":"#1"},"north":{"uv":[0,0,1,10],"texture":"#1"},"west":{"uv":[3,3,4,13],"texture":"#1"},"up":{"uv":[3,2,2,1],"texture":"#1"},"down":{"uv":[1,10,0,11],"texture":"#1"}}},{"rotation":{"origin":[4.58339,9.16578,9],"angle":-22.5,"axis":"z"},"from":[-3.41661,15.48069,8],"to":[4.58339,20.48069,9],"faces":{"east":{"uv":[0,12.5,0.5,15],"texture":"#1"},"south":{"uv":[4,4,8,6.5],"texture":"#1"},"north":{"uv":[3,0,7,2.5],"texture":"#1"},"west":{"uv":[0.5,12.5,1,15],"texture":"#1"},"up":{"uv":[12,8,8,7.5],"texture":"#1"},"down":{"uv":[14,9.5,10,10],"texture":"#1"}}},{"rotation":{"origin":[11.41661,9.16578,9],"angle":22.5,"axis":"z"},"from":[11.41661,15.48069,8],"to":[19.41661,20.48069,9],"faces":{"east":{"uv":[1,12.5,1.5,15],"texture":"#1"},"south":{"uv":[7,0,11,2.5],"texture":"#1"},"north":{"uv":[4,6.5,8,9],"texture":"#1"},"west":{"uv":[4,12.5,4.5,15],"texture":"#1"},"up":{"uv":[15,4,11,3.5],"texture":"#1"},"down":{"uv":[15.5,4,11.5,4.5],"texture":"#1"}}},{"rotation":{"origin":[4.00975,21.2442,9],"angle":45,"axis":"z"},"from":[-1.77073,14.40644,9.01],"to":[5.20927,17.38644,9.99],"faces":{"east":{"uv":[8.5,12.5,9,14],"texture":"#1"},"south":{"uv":[7.5,2.5,11,4],"texture":"#1"},"north":{"uv":[4,2.5,7.5,4],"texture":"#1"},"west":{"uv":[3.5,13,4,14.5],"texture":"#1"},"up":{"uv":[15,5,11.5,4.5],"texture":"#1"},"down":{"uv":[15,5,11.5,5.5],"texture":"#1"}}},{"rotation":{"origin":[11.99025,21.2442,9],"angle":-45,"axis":"z"},"from":[10.80073,14.41644,9.02],"to":[17.76073,17.37644,9.98],"faces":{"east":{"uv":[7.5,13,8,14.5],"texture":"#1"},"south":{"uv":[8,4,11.5,5.5],"texture":"#1"},"north":{"uv":[8,8,11.5,9.5],"texture":"#1"},"west":{"uv":[8,13,8.5,14.5],"texture":"#1"},"up":{"uv":[15,8.5,11.5,8],"texture":"#1"},"down":{"uv":[15,8.5,11.5,9],"texture":"#1"}}},{"rotation":{"origin":[8,2,8],"angle":0,"axis":"y"},"from":[6,20,7.5],"to":[7,22,8.5],"faces":{"east":{"uv":[10.5,13.5,11,14.5],"texture":"#1"},"south":{"uv":[11,13.5,11.5,14.5],"texture":"#1"},"north":{"uv":[13,2,13.5,3],"texture":"#1"},"west":{"uv":[11.5,13.5,12,14.5],"texture":"#1"},"up":{"uv":[14,13.5,13.5,13],"texture":"#1"},"down":{"uv":[5.5,14,5,14.5],"texture":"#1"}}},{"rotation":{"origin":[8,2,8],"angle":0,"axis":"y"},"from":[9,20,7.5],"to":[10,22,8.5],"faces":{"east":{"uv":[13.5,2,14,3],"texture":"#1"},"south":{"uv":[13.5,5.5,14,6.5],"texture":"#1"},"north":{"uv":[13.5,0,14,1],"texture":"#1"},"west":{"uv":[13.5,6.5,14,7.5],"texture":"#1"},"up":{"uv":[7,14.5,6.5,14],"texture":"#1"},"down":{"uv":[7.5,14,7,14.5],"texture":"#1"}}},{"rotation":{"origin":[5.81371,20.35786,8],"angle":45,"axis":"z"},"from":[6.81371,20.68019,7.5],"to":[7.81371,22.68019,8.5],"faces":{"east":{"uv":[12.5,13.5,13,14.5],"texture":"#1"},"south":{"uv":[13,13.5,13.5,14.5],"texture":"#1"},"north":{"uv":[12,13.5,12.5,14.5],"texture":"#1"},"west":{"uv":[13.5,13.5,14,14.5],"texture":"#1"},"up":{"uv":[6,14.5,5.5,14],"texture":"#1"},"down":{"uv":[6.5,14,6,14.5],"texture":"#1"}}},{"rotation":{"origin":[10.18629,20.35786,8],"angle":-45,"axis":"z"},"from":[8.18629,20.68019,7.5],"to":[9.18629,22.68019,8.5],"faces":{"east":{"uv":[13.5,11,14,12],"texture":"#1"},"south":{"uv":[13.5,12,14,13],"texture":"#1"},"north":{"uv":[13.5,10,14,11],"texture":"#1"},"west":{"uv":[1.5,14,2,15],"texture":"#1"},"up":{"uv":[9,14.5,8.5,14],"texture":"#1"},"down":{"uv":[9.5,14,9,14.5],"texture":"#1"}}},{"rotation":{"origin":[8,4,8],"angle":0,"axis":"y"},"from":[7,3,9],"to":[9,5,11],"faces":{"east":{"uv":[1.5,13,2.5,14],"texture":"#1"},"south":{"uv":[2.5,13,3.5,14],"texture":"#1"},"north":{"uv":[12.5,0,13.5,1],"texture":"#1"},"west":{"uv":[4.5,13,5.5,14],"texture":"#1"},"up":{"uv":[6.5,14,5.5,13],"texture":"#1"},"down":{"uv":[7.5,13,6.5,14],"texture":"#1"}}},{"rotation":{"origin":[2.80094,20.16476,8.5],"angle":22.5,"axis":"z"},"from":[1.80094,2.16476,9],"to":[5.80094,4.16476,10],"faces":{"east":{"uv":[1.5,11,2,12],"texture":"#1"},"south":{"uv":[11,1.5,13,2.5],"texture":"#1"},"north":{"uv":[1,0,3,1],"texture":"#1"},"west":{"uv":[9,13,9.5,14],"texture":"#1"},"up":{"uv":[13.5,9.5,11.5,9],"texture":"#1"},"down":{"uv":[14,7.5,12,8],"texture":"#1"}}},{"rotation":{"origin":[2.80094,20.16476,8.5],"angle":22.5,"axis":"z"},"from":[1.80094,1.16476,9],"to":[3.80094,2.16476,10],"faces":{"east":{"uv":[13,3,13.5,3.5],"texture":"#1"},"south":{"uv":[7,11,8,11.5],"texture":"#1"},"north":{"uv":[3,2.5,4,3],"texture":"#1"},"west":{"uv":[13.5,1,14,1.5],"texture":"#1"},"up":{"uv":[10,12,9,11.5],"texture":"#1"},"down":{"uv":[13.5,1,12.5,1.5],"texture":"#1"}}},{"rotation":{"origin":[13.19906,20.16476,8.5],"angle":-22.5,"axis":"z"},"from":[10.19906,2.16476,9],"to":[14.19906,4.16476,10],"faces":{"east":{"uv":[9.5,13,10,14],"texture":"#1"},"south":{"uv":[7,11.5,9,12.5],"texture":"#1"},"north":{"uv":[11,2.5,13,3.5],"texture":"#1"},"west":{"uv":[10,13,10.5,14],"texture":"#1"},"up":{"uv":[6.5,13,4.5,12.5],"texture":"#1"},"down":{"uv":[8.5,12.5,6.5,13],"texture":"#1"}}},{"rotation":{"origin":[13.19906,20.16476,8.5],"angle":-22.5,"axis":"z"},"from":[12.19906,1.16476,9],"to":[14.19906,2.16476,10],"faces":{"east":{"uv":[13.5,3,14,3.5],"texture":"#1"},"south":{"uv":[11.5,13,12.5,13.5],"texture":"#1"},"north":{"uv":[10.5,13,11.5,13.5],"texture":"#1"},"west":{"uv":[13.5,9,14,9.5],"texture":"#1"},"up":{"uv":[13.5,13.5,12.5,13],"texture":"#1"},"down":{"uv":[14,1.5,13,2],"texture":"#1"}}},{"rotation":{"origin":[8,20.5,8],"angle":45,"axis":"z"},"from":[5.5,18,6],"to":[9.5,22,10],"faces":{"east":{"uv":[4,9,6,11],"texture":"#1"},"south":{"uv":[6,9,8,11],"texture":"#1"},"north":{"uv":[8,5.5,10,7.5],"texture":"#1"},"west":{"uv":[8,9.5,10,11.5],"texture":"#1"},"up":{"uv":[12,12,10,10],"texture":"#1"},"down":{"uv":[12,5.5,10,7.5],"texture":"#1"}}},{"rotation":{"origin":[8,16,8],"angle":0,"axis":"y"},"from":[6.5,2,6.5],"to":[9.5,4,9.5],"faces":{"east":{"uv":[9,12,10.5,13],"texture":"#1"},"south":{"uv":[10.5,12,12,13],"texture":"#1"},"north":{"uv":[1.5,12,3,13],"texture":"#1"},"west":{"uv":[12,12,13.5,13],"texture":"#1"},"up":{"uv":[1.5,12.5,0,11],"texture":"#1"},"down":{"uv":[5.5,11,4,12.5],"texture":"#1"}}},{"rotation":{"origin":[8,4,8],"angle":0,"axis":"y"},"from":[6.5,11,6.5],"to":[9.5,13,9.5],"faces":{"east":{"uv":[12,6.5,13.5,7.5],"texture":"#1"},"south":{"uv":[12,10,13.5,11],"texture":"#1"},"north":{"uv":[12,5.5,13.5,6.5],"texture":"#1"},"west":{"uv":[12,11,13.5,12],"texture":"#1"},"up":{"uv":[7,12.5,5.5,11],"texture":"#1"},"down":{"uv":[12.5,0,11,1.5],"texture":"#1"}}},{"rotation":{"origin":[8,16,8],"angle":0,"axis":"y"},"from":[7.5,-4,7.5],"to":[8.5,-2,8.5],"faces":{"east":{"uv":[2.5,14,3,15],"texture":"#1"},"south":{"uv":[3,14,3.5,15],"texture":"#1"},"north":{"uv":[2,14,2.5,15],"texture":"#1"},"west":{"uv":[4.5,14,5,15],"texture":"#1"},"up":{"uv":[10,14.5,9.5,14],"texture":"#1"},"down":{"uv":[10.5,14,10,14.5],"texture":"#1"}}}],"display":{"firstperson_righthand":{"rotation":[4,-65,25],"translation":[14,-1.5,-13]},"thirdperson_lefthand":{"rotation":[0,74,0],"translation":[0,-2.25,0.75],"scale":[0.7,0.7,0.7]},"firstperson_lefthand":{"rotation":[4,-65,25],"translation":[14,-1.5,-13]},"thirdperson_righthand":{"rotation":[0,74,0],"translation":[0,-1,1.5]},"ground":{"rotation":[66,45,-10],"translation":[0,1.5,0],"scale":[0.7,0.7,0.7]},"gui":{"rotation":[0,0,-45],"translation":[-1.25,-1.5,0],"scale":[0.55,0.55,0.55]}}}