{"textures":{"0":"mineclub/handheld/firstaid","particle":"mineclub/handheld/firstaid"},"texture_size":[24,24],"elements":[{"rotation":{"origin":[13.5,12,7],"angle":0,"axis":"y"},"from":[7.5,4,6],"to":[8.5,6,6.5],"faces":{"east":{"uv":[0,10,0.33333,11.33333],"texture":"#0"},"south":{"uv":[8.66667,2,9.33333,3.33333],"texture":"#0"},"north":{"uv":[8.66667,8.66667,9.33333,10],"texture":"#0"},"west":{"uv":[0.66667,10,1,11.33333],"texture":"#0"},"up":{"uv":[2.66667,9.66667,2,9.33333],"texture":"#0"},"down":{"uv":[4,9.33333,3.33333,9.66667],"texture":"#0"}}},{"rotation":{"origin":[9,8,7.5],"angle":0,"axis":"y"},"from":[3,0,6.5],"to":[13,7,9.5],"faces":{"east":{"uv":[6.66667,2,8.66667,6.66667],"texture":"#0"},"south":{"uv":[0,4.66667,6.66667,9.33333],"texture":"#0"},"north":{"uv":[0,0,6.66667,4.66667],"texture":"#0"},"west":{"uv":[6.66667,8.66667,8.66667,13.33333],"texture":"#0"},"up":{"uv":[13.33333,8.66667,6.66667,6.66667],"texture":"#0"},"down":{"uv":[13.33333,0,6.66667,2],"texture":"#0"}}},{"rotation":{"origin":[11,15,8.5],"angle":0,"axis":"y"},"from":[5,7,7.5],"to":[6,7.5,8.5],"faces":{"east":{"uv":[10,2.33333,10.66667,2.66667],"texture":"#0"},"south":{"uv":[10,3,10.66667,3.33333],"texture":"#0"},"north":{"uv":[10,10.33333,10.66667,10.66667],"texture":"#0"},"west":{"uv":[10,3.66667,10.66667,4],"texture":"#0"},"up":{"uv":[10.66667,9.33333,10,8.66667],"texture":"#0"},"down":{"uv":[10.66667,9.33333,10,10],"texture":"#0"}}},{"rotation":{"origin":[12,15,8.5],"angle":0,"axis":"y"},"from":[6,7,7.5],"to":[6.5,8.5,8.5],"faces":{"east":{"uv":[4.66667,9.66667,5.33333,10.66667],"texture":"#0"},"south":{"uv":[5.33333,9.66667,5.66667,10.66667],"texture":"#0"},"north":{"uv":[4,9.66667,4.33333,10.66667],"texture":"#0"},"west":{"uv":[6,9.66667,6.66667,10.66667],"texture":"#0"},"up":{"uv":[11,2.66667,10.66667,2],"texture":"#0"},"down":{"uv":[11,2.66667,10.66667,3.33333],"texture":"#0"}}},{"rotation":{"origin":[15.5,15,8.5],"angle":0,"axis":"y"},"from":[9.5,7,7.5],"to":[10,8.5,8.5],"faces":{"east":{"uv":[2,10.33333,2.66667,11.33333],"texture":"#0"},"south":{"uv":[2.66667,10.33333,3,11.33333],"texture":"#0"},"north":{"uv":[1.33333,10.33333,1.66667,11.33333],"texture":"#0"},"west":{"uv":[3.33333,10.33333,4,11.33333],"texture":"#0"},"up":{"uv":[11,4,10.66667,3.33333],"texture":"#0"},"down":{"uv":[11,8.66667,10.66667,9.33333],"texture":"#0"}}},{"rotation":{"origin":[12,16.5,8.5],"angle":0,"axis":"y"},"from":[6,8.5,7.5],"to":[10,9,8.5],"faces":{"east":{"uv":[10,11,10.66667,11.33333],"texture":"#0"},"south":{"uv":[8.66667,5,11.33333,5.33333],"texture":"#0"},"north":{"uv":[8.66667,4.33333,11.33333,4.66667],"texture":"#0"},"west":{"uv":[10.66667,11,11.33333,11.33333],"texture":"#0"},"up":{"uv":[11.33333,6,8.66667,5.33333],"texture":"#0"},"down":{"uv":[11.33333,6,8.66667,6.66667],"texture":"#0"}}},{"rotation":{"origin":[16,15,8.5],"angle":0,"axis":"y"},"from":[10,7,7.5],"to":[11,7.5,8.5],"faces":{"east":{"uv":[4.66667,11,5.33333,11.33333],"texture":"#0"},"south":{"uv":[5.33333,11,6,11.33333],"texture":"#0"},"north":{"uv":[4,11,4.66667,11.33333],"texture":"#0"},"west":{"uv":[6,11,6.66667,11.33333],"texture":"#0"},"up":{"uv":[9.33333,11.33333,8.66667,10.66667],"texture":"#0"},"down":{"uv":[10,10.66667,9.33333,11.33333],"texture":"#0"}}}],"display":{"firstperson_righthand":{"rotation":[25,100,10],"translation":[0.5,7,0]},"thirdperson_lefthand":{"rotation":[95,-60,20],"translation":[0.25,-1.5,-0.25]},"firstperson_lefthand":{"rotation":[25,100,10],"translation":[0.5,7,0]},"thirdperson_righthand":{"rotation":[95,-60,20],"translation":[0.25,-1.5,-0.25]},"ground":{"rotation":[50,40,0],"translation":[0,5,0]},"gui":{"rotation":[30,-135,0],"translation":[0,3.5,0]}}}