{"textures":{"particle":"mineclub/handheld/gfx_foamfinger"},"elements":[{"rotation":{"origin":[14.5,8,13.5],"angle":0,"axis":"y"},"from":[3.5,0,3.5],"to":[12.5,9,12.5],"faces":{"east":{"uv":[0.33333,12.66667,3.33333,15.66667],"texture":"#particle"},"south":{"uv":[9.33333,12.66667,12.33333,15.66667],"texture":"#particle"},"north":{"uv":[3.33333,12.66667,6.33333,15.66667],"texture":"#particle"},"west":{"uv":[6.33333,12.66667,9.33333,15.66667],"texture":"#particle"},"up":{"uv":[15.33333,3.66667,12.33333,0.66667],"texture":"#particle"},"down":{"uv":[15.33333,7.33333,12.33333,4.33333],"texture":"#particle"}}},{"rotation":{"origin":[14.5,20,13.5],"angle":0,"axis":"y"},"from":[1.5,3,6.5],"to":[15.5,15,9.5],"faces":{"east":{"uv":[0.33333,1.33333,1.33333,5.33333],"texture":"#particle"},"south":{"uv":[7,1.33333,11.66667,5.33333],"texture":"#particle"},"north":{"uv":[1.33333,1.33333,6,5.33333],"texture":"#particle"},"west":{"uv":[6,1.33333,7,5.33333],"texture":"#particle"},"up":{"uv":[6,1.33333,1.33333,0.33333],"texture":"#particle"},"down":{"uv":[6,6.33333,1.33333,5.33333],"texture":"#particle"}}},{"rotation":{"origin":[13.9,20,13.5],"angle":0,"axis":"y"},"from":[0.9,3,6.5],"to":[1.9,4,9.5],"faces":{"south":{"uv":[13,10.33333,13.33333,10.66667],"texture":"#particle"},"north":{"uv":[11.66667,10.33333,12,10.66667],"texture":"#particle"},"west":{"uv":[12,10.33333,13,10.66667],"texture":"#particle"},"up":{"uv":[12,10.33333,11.66667,9.33333],"texture":"#particle"},"down":{"uv":[12,11.66667,11.66667,10.66667],"texture":"#particle"}}},{"rotation":{"origin":[1.5,12,8],"angle":22.5,"axis":"z"},"from":[-2.5,3.925,6.5125],"to":[1.5,12,9.4875],"faces":{"south":{"uv":[9.66667,9.33333,11,12],"texture":"#particle"},"north":{"uv":[7.33333,9.33333,8.66667,12],"texture":"#particle"},"west":{"uv":[8.66667,9.33333,9.66667,12],"texture":"#particle"},"up":{"uv":[8.66667,9.33333,7.33333,8.33333],"texture":"#particle"}}},{"rotation":{"origin":[15.5,32,13.5],"angle":0,"axis":"y"},"from":[1.5,15,6.5],"to":[6.5,27,9.5],"faces":{"east":{"uv":[0.33333,8,1.33333,12],"texture":"#particle"},"south":{"uv":[4,8,5.66667,12],"texture":"#particle"},"north":{"uv":[1.33333,8,3,12],"texture":"#particle"},"west":{"uv":[3,8,4,12],"texture":"#particle"},"up":{"uv":[3,8,1.33333,7],"texture":"#particle"}}}],"display":{"firstperson_righthand":{"rotation":[-22.5,90,0],"translation":[1,3,-1],"scale":[0.4,0.4,0.4]},"thirdperson_lefthand":{"rotation":[-90,-90,0],"translation":[0,-2,0],"scale":[0.55,0.55,0.55]},"firstperson_lefthand":{"rotation":[-22.5,-90,0],"translation":[1,3,-1],"scale":[0.4,0.4,0.4]},"thirdperson_righthand":{"rotation":[-90,90,0],"translation":[0,-2,0],"scale":[0.55,0.55,0.55]},"ground":{"translation":[0,1,0],"scale":[0.5,0.5,0.5]},"gui":{"rotation":[30,45,0],"translation":[0,-2,0],"scale":[0.55,0.55,0.55]},"fixed":{"rotation":[0,-180,0],"translation":[0,-2,0]}}}