{"textures":{"0":"mineclub/handheld/frogpillow","particle":"mineclub/handheld/frogpillow"},"texture_size":[24,24],"elements":[{"from":[5.5,7,7],"to":[10.5,10,12],"faces":{"east":{"uv":[3.33333,0,6.66667,2],"texture":"#0"},"south":{"uv":[3.33333,5.33333,6.66667,7.33333],"texture":"#0"},"north":{"uv":[3.33333,3.33333,6.66667,5.33333],"texture":"#0"},"west":{"uv":[0,6.66667,3.33333,8.66667],"texture":"#0"},"up":{"uv":[3.33333,3.33333,0,0],"texture":"#0"},"down":{"uv":[3.33333,3.33333,0,6.66667],"texture":"#0"}}},{"from":[4,9.5,8],"to":[6,11.5,9.5],"faces":{"east":{"uv":[10.66667,8,12,9.33333],"texture":"#0"},"south":{"uv":[10.66667,9.33333,12,10.66667],"texture":"#0"},"north":{"uv":[10.66667,10.66667,12,12],"texture":"#0"},"west":{"uv":[1.33333,11.33333,2.66667,12.66667],"texture":"#0"},"up":{"uv":[6,12.66667,4.66667,11.33333],"texture":"#0"},"down":{"uv":[7.33333,11.33333,6,12.66667],"texture":"#0"}}},{"from":[10,9.5,8],"to":[12,11.5,9.5],"faces":{"east":{"uv":[11.33333,1.33333,12.66667,2.66667],"texture":"#0"},"south":{"uv":[11.33333,2.66667,12.66667,4],"texture":"#0"},"north":{"uv":[11.33333,0,12.66667,1.33333],"texture":"#0"},"west":{"uv":[11.33333,4,12.66667,5.33333],"texture":"#0"},"up":{"uv":[12.66667,6.66667,11.33333,5.33333],"texture":"#0"},"down":{"uv":[12.66667,6.66667,11.33333,8],"texture":"#0"}}},{"from":[6.5,2,8],"to":[9.5,7,11],"faces":{"east":{"uv":[6.66667,0,8.66667,3.33333],"texture":"#0"},"south":{"uv":[6.66667,3.33333,8.66667,6.66667],"texture":"#0"},"north":{"uv":[6.66667,6.66667,8.66667,10],"texture":"#0"},"west":{"uv":[3.33333,7.33333,5.33333,10.66667],"texture":"#0"},"up":{"uv":[2,10.66667,0,8.66667],"texture":"#0"},"down":{"uv":[10.66667,8.66667,8.66667,10.66667],"texture":"#0"}}},{"from":[5.5,2,6],"to":[7.5,4,8],"faces":{"east":{"uv":[4.66667,2,6,3.33333],"texture":"#0"},"south":{"uv":[5.33333,7.33333,6.66667,8.66667],"texture":"#0"},"north":{"uv":[3.33333,2,4.66667,3.33333],"texture":"#0"},"west":{"uv":[2,8.66667,3.33333,10],"texture":"#0"},"up":{"uv":[6.66667,10,5.33333,8.66667],"texture":"#0"},"down":{"uv":[10,0,8.66667,1.33333],"texture":"#0"}}},{"rotation":{"origin":[9.35089,9.26327,7.5],"angle":22.5,"axis":"z"},"from":[3.85089,6.26327,8.5],"to":[5.85089,8.26327,10.5],"faces":{"east":{"uv":[6.66667,10,8,11.33333],"texture":"#0"},"south":{"uv":[10,0,11.33333,1.33333],"texture":"#0"},"north":{"uv":[5.33333,10,6.66667,11.33333],"texture":"#0"},"west":{"uv":[10,1.33333,11.33333,2.66667],"texture":"#0"},"up":{"uv":[11.33333,4,10,2.66667],"texture":"#0"},"down":{"uv":[11.33333,4,10,5.33333],"texture":"#0"}}},{"rotation":{"origin":[6.64911,9.26327,7.5],"angle":-22.5,"axis":"z"},"from":[10.14911,6.26327,8.5],"to":[12.14911,8.26327,10.5],"faces":{"east":{"uv":[10,6.66667,11.33333,8],"texture":"#0"},"south":{"uv":[0,10.66667,1.33333,12],"texture":"#0"},"north":{"uv":[10,5.33333,11.33333,6.66667],"texture":"#0"},"west":{"uv":[3.33333,10.66667,4.66667,12],"texture":"#0"},"up":{"uv":[9.33333,12,8,10.66667],"texture":"#0"},"down":{"uv":[10.66667,10.66667,9.33333,12],"texture":"#0"}}},{"from":[8.5,2,6],"to":[10.5,4,8],"faces":{"east":{"uv":[8.66667,2.66667,10,4],"texture":"#0"},"south":{"uv":[8.66667,4,10,5.33333],"texture":"#0"},"north":{"uv":[8.66667,1.33333,10,2.66667],"texture":"#0"},"west":{"uv":[8.66667,5.33333,10,6.66667],"texture":"#0"},"up":{"uv":[10,8,8.66667,6.66667],"texture":"#0"},"down":{"uv":[3.33333,10,2,11.33333],"texture":"#0"}}}],"display":{"firstperson_righthand":{"rotation":[-2,120,-15],"translation":[0,6.5,-0.5]},"thirdperson_lefthand":{"rotation":[45,10,-10],"translation":[0,3.5,0.5]},"firstperson_lefthand":{"rotation":[-2,120,-15],"translation":[0,6.5,-0.5]},"thirdperson_righthand":{"rotation":[45,10,-10],"translation":[0,3.5,0.5]},"ground":{"rotation":[30,45,0],"translation":[0,3,0]},"gui":{"rotation":[30,225,0],"translation":[0.5,1,0],"scale":[0.8,0.8,0.8]}}}