{"textures":{"particle":"mineclub/handheld/gfx_gavel"},"elements":[{"rotation":{"origin":[15,13,15],"angle":0,"axis":"y"},"from":[5,22,5],"to":[11,28,11],"faces":{"east":{"uv":[6,3.5,9,6.5],"texture":"#particle"},"south":{"uv":[3,3.5,6,6.5],"texture":"#particle"},"north":{"uv":[3,3.5,6,6.5],"texture":"#particle"},"west":{"uv":[6,3.5,9,6.5],"texture":"#particle"},"up":{"uv":[6,3.5,3,0.5],"texture":"#particle"},"down":{"uv":[6,9.5,3,6.5],"texture":"#particle"}}},{"rotation":{"origin":[2.25,25,8],"angle":0,"axis":"y"},"from":[2,22,5],"to":[4,28,11],"faces":{"east":{"uv":[3,11,6,14],"texture":"#particle"},"south":{"uv":[7,11,6,14],"texture":"#particle"},"north":{"uv":[6,11,7,14],"texture":"#particle"},"west":{"uv":[7,11,10,14],"texture":"#particle"},"up":{"uv":[12,14,11,11],"texture":"#particle"},"down":{"uv":[14,14,13,11],"texture":"#particle"}}},{"rotation":{"origin":[1.75,25,8],"angle":0,"axis":"y"},"from":[12,22,5],"to":[14,28,11],"faces":{"east":{"uv":[7,11,10,14],"texture":"#particle"},"south":{"uv":[6,11,7,14],"texture":"#particle"},"north":{"uv":[7,11,6,14],"texture":"#particle"},"west":{"uv":[3,11,6,14],"texture":"#particle"},"up":{"uv":[12,14,11,11],"texture":"#particle","rotation":180},"down":{"uv":[14,14,13,11],"texture":"#particle","rotation":180}}},{"rotation":{"origin":[2.25,25,8],"angle":0,"axis":"y"},"from":[1,22.5,5.5],"to":[2,27.5,10.5],"faces":{"south":{"uv":[7.5,7.5,7,10],"texture":"#particle"},"north":{"uv":[7,7.5,7.5,10],"texture":"#particle"},"west":{"uv":[7.5,7.5,10,10],"texture":"#particle"},"up":{"uv":[11.5,10,11,7.5],"texture":"#particle"},"down":{"uv":[13,10,12.5,7.5],"texture":"#particle"}}},{"rotation":{"origin":[1.75,25,8],"angle":0,"axis":"y"},"from":[14,22.5,5.5],"to":[15,27.5,10.5],"faces":{"east":{"uv":[7.5,7.5,10,10],"texture":"#particle"},"south":{"uv":[7,7.5,7.5,10],"texture":"#particle"},"north":{"uv":[7.5,7.5,7,10],"texture":"#particle"},"up":{"uv":[11.5,10,11,7.5],"texture":"#particle","rotation":180},"down":{"uv":[13,10,12.5,7.5],"texture":"#particle","rotation":180}}},{"rotation":{"origin":[18,13,15],"angle":0,"axis":"y"},"from":[4,23,6],"to":[12,27,10],"faces":{"south":{"uv":[10,2.5,14,4.5],"texture":"#particle"},"north":{"uv":[10,2.5,14,4.5],"texture":"#particle"},"up":{"uv":[14,2.5,10,0.5],"texture":"#particle"},"down":{"uv":[14,6.5,10,4.5],"texture":"#particle"}}},{"rotation":{"origin":[14.5,7,14.5],"angle":0,"axis":"y"},"from":[6.5,0,6.5],"to":[9.5,22,9.5],"faces":{"east":{"uv":[0.5,0.5,2,11.5],"texture":"#particle"},"south":{"uv":[0.5,0.5,2,11.5],"texture":"#particle"},"north":{"uv":[0.5,0.5,2,11.5],"texture":"#particle"},"west":{"uv":[0.5,0.5,2,11.5],"texture":"#particle"},"down":{"uv":[2,13,0.5,11.5],"texture":"#particle"}}}],"display":{"firstperson_righthand":{"rotation":[8,90,0],"translation":[1.5,0,0],"scale":[0.4,0.4,0.4]},"thirdperson_lefthand":{"rotation":[0,90,0],"translation":[0,-2,0],"scale":[0.55,0.55,0.55]},"firstperson_lefthand":{"rotation":[8,90,0],"translation":[1.5,0,0],"scale":[0.4,0.4,0.4]},"thirdperson_righthand":{"rotation":[0,90,0],"translation":[0,-2,0],"scale":[0.55,0.55,0.55]},"ground":{"translation":[0,1,0],"scale":[0.5,0.5,0.5]},"gui":{"rotation":[-45,-180,45],"translation":[-3,-2.5,0],"scale":[0.5,0.5,0.5]},"fixed":{"translation":[0,-3,0],"scale":[0.5,0.5,0.5]}}}