{"textures":{"particle":"mineclub/handheld/gfx_toy_hammer"},"elements":[{"rotation":{"origin":[14,9,14],"angle":0,"axis":"y"},"from":[6,4,6],"to":[10,14,10],"faces":{"east":{"uv":[7.66667,1.66667,9,5],"texture":"#particle"},"south":{"uv":[7.66667,1.66667,9,5],"texture":"#particle"},"north":{"uv":[7.66667,1.66667,9,5],"texture":"#particle"},"west":{"uv":[7.66667,1.66667,9,5],"texture":"#particle"},"up":{"uv":[9,1.66667,7.66667,0.33333],"texture":"#particle"}}},{"rotation":{"origin":[13.5,11,13.5],"angle":0,"axis":"y"},"from":[5.5,1,5.5],"to":[10.5,4,10.5],"faces":{"east":{"uv":[9.66667,2,11.33333,3],"texture":"#particle"},"south":{"uv":[9.66667,2,11.33333,3],"texture":"#particle"},"north":{"uv":[9.66667,2,11.33333,3],"texture":"#particle"},"west":{"uv":[9.66667,2,11.33333,3],"texture":"#particle"},"up":{"uv":[11.33333,2,9.66667,0.33333],"texture":"#particle"},"down":{"uv":[11.33333,4.66667,9.66667,3],"texture":"#particle"}}},{"rotation":{"origin":[13.5,28,13.5],"angle":0,"axis":"y"},"from":[3.5,18,4.5],"to":[12.5,25,11.5],"faces":{"east":{"uv":[8.33333,12,10.33333,14.33333],"texture":"#particle"},"south":{"uv":[5.33333,12,8.33333,14.33333],"texture":"#particle"},"north":{"uv":[2,2.66667,5,5],"texture":"#particle"},"west":{"uv":[5,2.66667,7,5],"texture":"#particle"},"up":{"uv":[5,2.66667,2,0.33333],"texture":"#particle"},"down":{"uv":[5,7.33333,2,5],"texture":"#particle"}}},{"rotation":{"origin":[24.5,28,13.5],"angle":0,"axis":"y"},"from":[14.5,18,4.5],"to":[17.5,25,11.5],"faces":{"east":{"uv":[9.66667,5.33333,12,7.66667],"texture":"#particle"},"south":{"uv":[11,12,12,14.33333],"texture":"#particle"},"north":{"uv":[12,5.33333,13,7.66667],"texture":"#particle"},"west":{"uv":[13,5.33333,15.33333,7.66667],"texture":"#particle"},"up":{"uv":[13,5.33333,12,3],"texture":"#particle"},"down":{"uv":[13,10,12,7.66667],"texture":"#particle"}}},{"rotation":{"origin":[12.5,28,13.5],"angle":0,"axis":"y"},"from":[1.5,19,5.5],"to":[14.5,24,10.5],"faces":{"south":{"uv":[6.33333,9.66667,10.66667,11.33333],"texture":"#particle"},"north":{"uv":[0.33333,9.66667,4.66667,11.33333],"texture":"#particle"},"west":{"uv":[4.66667,9.66667,6.33333,11.33333],"texture":"#particle"},"up":{"uv":[4.66667,9.66667,0.33333,8],"texture":"#particle"},"down":{"uv":[4.66667,13,0.33333,11.33333],"texture":"#particle"}}},{"rotation":{"origin":[0.49686,22.5021,9.5],"angle":22.5,"axis":"z"},"from":[-2.00314,21.5021,8.5],"to":[1.99686,23.5021,10.5],"faces":{"south":{"uv":[14,1,15.33333,1.66667],"texture":"#particle"},"north":{"uv":[12,1,13.33333,1.66667],"texture":"#particle"},"west":{"uv":[13.33333,1,14,1.66667],"texture":"#particle"},"up":{"uv":[13.33333,1,12,0.33333],"texture":"#particle"},"down":{"uv":[13.33333,2.33333,12,1.66667],"texture":"#particle"}}},{"rotation":{"origin":[0.49686,22.5021,6.5],"angle":22.5,"axis":"z"},"from":[-2.00314,21.5021,5.5],"to":[1.99686,23.5021,7.5],"faces":{"south":{"uv":[7.66667,6.33333,9,7],"texture":"#particle"},"north":{"uv":[5.66667,6.33333,7,7],"texture":"#particle"},"west":{"uv":[7,6.33333,7.66667,7],"texture":"#particle"},"up":{"uv":[7,6.33333,5.66667,5.66667],"texture":"#particle"},"down":{"uv":[7,7.66667,5.66667,7],"texture":"#particle"}}},{"rotation":{"origin":[13.5,10,13.5],"angle":0,"axis":"y"},"from":[6.5,0,6.5],"to":[9.5,18,9.5],"faces":{"east":{"uv":[0.33333,0.33333,1.33333,6.33333],"texture":"#particle"},"south":{"uv":[0.33333,0.33333,1.33333,6.33333],"texture":"#particle"},"north":{"uv":[0.33333,0.33333,1.33333,6.33333],"texture":"#particle"},"west":{"uv":[0.33333,0.33333,1.33333,6.33333],"texture":"#particle"},"down":{"uv":[1.33333,7.33333,0.33333,6.33333],"texture":"#particle"}}}],"display":{"firstperson_righthand":{"rotation":[0,90,0],"translation":[0,0.5,0.5],"scale":[0.4,0.4,0.4]},"thirdperson_lefthand":{"rotation":[0,-90,0],"translation":[0,-2.25,0],"scale":[0.55,0.55,0.55]},"firstperson_lefthand":{"rotation":[0,-90,0],"translation":[0,0.5,0.5],"scale":[0.4,0.4,0.4]},"thirdperson_righthand":{"rotation":[0,90,0],"translation":[0,-2.25,0],"scale":[0.55,0.55,0.55]},"ground":{"translation":[0,1,0],"scale":[0.5,0.5,0.5]},"gui":{"rotation":[30,225,0],"translation":[0,-2.75,0],"scale":[0.55,0.55,0.55]},"fixed":{"rotation":[0,0,45],"translation":[5,-5,0]}}}