{"textures":{"0":"mineclub/handheld/handbag","particle":"mineclub/handheld/handbag"},"texture_size":[32,32],"elements":[{"from":[4,0,6],"to":[12,6,10],"faces":{"east":{"uv":[0,6,2,9],"texture":"#0"},"south":{"uv":[0,3,4,6],"texture":"#0"},"north":{"uv":[0,0,4,3],"texture":"#0"},"west":{"uv":[2,6,4,9],"texture":"#0"},"up":{"uv":[8,6,4,4],"texture":"#0"},"down":{"uv":[8,0,4,2],"texture":"#0"}}},{"rotation":{"origin":[8,6.83344,8.61469],"angle":22.5,"axis":"x"},"from":[5,8.33344,5.86469],"to":[11,9.33344,6.86469],"faces":{"east":{"uv":[10.5,0.5,11,1],"texture":"#0"},"south":{"uv":[0,9,3,9.5],"texture":"#0"},"north":{"uv":[8,7.5,11,8],"texture":"#0"},"west":{"uv":[10.5,1,11,1.5],"texture":"#0"},"up":{"uv":[12,3,9,2.5],"texture":"#0"},"down":{"uv":[12,3,9,3.5],"texture":"#0"}}},{"rotation":{"origin":[8,6.83344,7.38531],"angle":-22.5,"axis":"x"},"from":[5,8.33344,9.13531],"to":[11,9.33344,10.13531],"faces":{"east":{"uv":[10.5,10,11,10.5],"texture":"#0"},"south":{"uv":[9,4,12,4.5],"texture":"#0"},"north":{"uv":[9,3.5,12,4],"texture":"#0"},"west":{"uv":[0,11,0.5,11.5],"texture":"#0"},"up":{"uv":[12,5,9,4.5],"texture":"#0"},"down":{"uv":[12,5,9,5.5],"texture":"#0"}}},{"rotation":{"origin":[8,6.83344,8.61469],"angle":22.5,"axis":"x"},"from":[5,5.33344,5.86469],"to":[6,8.33344,6.86469],"faces":{"east":{"uv":[6.5,8.5,7,10],"texture":"#0"},"south":{"uv":[7,8.5,7.5,10],"texture":"#0"},"north":{"uv":[6,8.5,6.5,10],"texture":"#0"},"west":{"uv":[7.5,8.5,8,10],"texture":"#0"},"up":{"uv":[11,2,10.5,1.5],"texture":"#0"},"down":{"uv":[11,2,10.5,2.5],"texture":"#0"}}},{"rotation":{"origin":[8,6.83344,7.38531],"angle":-22.5,"axis":"x"},"from":[5,5.33344,9.13531],"to":[6,8.33344,10.13531],"faces":{"east":{"uv":[1,9.5,1.5,11],"texture":"#0"},"south":{"uv":[1.5,9.5,2,11],"texture":"#0"},"north":{"uv":[0.5,9.5,1,11],"texture":"#0"},"west":{"uv":[2,9.5,2.5,11],"texture":"#0"},"up":{"uv":[11,9.5,10.5,9],"texture":"#0"},"down":{"uv":[11,9.5,10.5,10],"texture":"#0"}}},{"rotation":{"origin":[8,6.83344,8.61469],"angle":22.5,"axis":"x"},"from":[10,5.33344,5.86469],"to":[11,8.33344,6.86469],"faces":{"east":{"uv":[3.5,9,4,10.5],"texture":"#0"},"south":{"uv":[9,5.5,9.5,7],"texture":"#0"},"north":{"uv":[3,9,3.5,10.5],"texture":"#0"},"west":{"uv":[0,9.5,0.5,11],"texture":"#0"},"up":{"uv":[11,6,10.5,5.5],"texture":"#0"},"down":{"uv":[11,6,10.5,6.5],"texture":"#0"}}},{"rotation":{"origin":[8,6.83344,7.38531],"angle":-22.5,"axis":"x"},"from":[10,5.33344,9.13531],"to":[11,8.33344,10.13531],"faces":{"east":{"uv":[9.5,5.5,10,7],"texture":"#0"},"south":{"uv":[6,10,6.5,11.5],"texture":"#0"},"north":{"uv":[2.5,9.5,3,11],"texture":"#0"},"west":{"uv":[6.5,10,7,11.5],"texture":"#0"},"up":{"uv":[1,11.5,0.5,11],"texture":"#0"},"down":{"uv":[1.5,11,1,11.5],"texture":"#0"}}},{"from":[5.01,4.51,5.51],"to":[5.99,6.49,5.99],"faces":{"east":{"uv":[7.5,10,8,11],"texture":"#0"},"south":{"uv":[10,10,10.5,11],"texture":"#0"},"north":{"uv":[7,10,7.5,11],"texture":"#0"},"west":{"uv":[10,0,10.5,1],"texture":"#0"},"up":{"uv":[9.5,7.5,9,7],"texture":"#0"},"down":{"uv":[10,7,9.5,7.5],"texture":"#0"}}},{"from":[5.01,4.51,10.01],"to":[5.99,6.49,10.49],"faces":{"east":{"uv":[3,10.5,3.5,11.5],"texture":"#0"},"south":{"uv":[3.5,10.5,4,11.5],"texture":"#0"},"north":{"uv":[10,9,10.5,10],"texture":"#0"},"west":{"uv":[8,10.5,8.5,11.5],"texture":"#0"},"up":{"uv":[11,7,10.5,6.5],"texture":"#0"},"down":{"uv":[11,7,10.5,7.5],"texture":"#0"}}},{"from":[10.01,4.51,5.51],"to":[10.99,6.49,5.99],"faces":{"east":{"uv":[10,5.5,10.5,6.5],"texture":"#0"},"south":{"uv":[10,6.5,10.5,7.5],"texture":"#0"},"north":{"uv":[10,1,10.5,2],"texture":"#0"},"west":{"uv":[10,8,10.5,9],"texture":"#0"},"up":{"uv":[10.5,2.5,10,2],"texture":"#0"},"down":{"uv":[11,0,10.5,0.5],"texture":"#0"}}},{"from":[10.01,4.51,10.01],"to":[10.99,6.49,10.49],"faces":{"east":{"uv":[9,10.5,9.5,11.5],"texture":"#0"},"south":{"uv":[9.5,10.5,10,11.5],"texture":"#0"},"north":{"uv":[8.5,10.5,9,11.5],"texture":"#0"},"west":{"uv":[10.5,10.5,11,11.5],"texture":"#0"},"up":{"uv":[11,8.5,10.5,8],"texture":"#0"},"down":{"uv":[11,8.5,10.5,9],"texture":"#0"}}},{"rotation":{"origin":[16.30026,3.5642,8],"angle":-22.5,"axis":"z"},"from":[4.31026,-4.4258,6.01],"to":[6.29026,0.5542,9.99],"faces":{"east":{"uv":[4,6,6,8.5],"texture":"#0"},"south":{"uv":[8,5,9,7.5],"texture":"#0"},"north":{"uv":[8,2.5,9,5],"texture":"#0"},"west":{"uv":[6,6,8,8.5],"texture":"#0"},"up":{"uv":[5,4,4,2],"texture":"#0"},"down":{"uv":[6,2,5,4],"texture":"#0"}}},{"rotation":{"origin":[-0.30026,3.5642,8],"angle":22.5,"axis":"z"},"from":[9.70974,-4.4258,6.01],"to":[11.68974,0.5542,9.99],"faces":{"east":{"uv":[8,8,10,10.5],"texture":"#0"},"south":{"uv":[5,8.5,6,11],"texture":"#0"},"north":{"uv":[4,8.5,5,11],"texture":"#0"},"west":{"uv":[8,0,10,2.5],"texture":"#0"},"up":{"uv":[7,4,6,2],"texture":"#0"},"down":{"uv":[8,2,7,4],"texture":"#0"}}}],"display":{"firstperson_righthand":{"rotation":[36.75,-80.5,10],"translation":[1.25,4,-0.5]},"thirdperson_lefthand":{"rotation":[78,-90,-17],"translation":[0,-2,-1]},"firstperson_lefthand":{"rotation":[36.75,-80.5,10],"translation":[-1.25,4,-0.5]},"thirdperson_righthand":{"rotation":[78,-90,-17],"translation":[0,-2,-0.25]},"ground":{"rotation":[17,-90,19],"translation":[0,7,0]},"gui":{"rotation":[27.5,36,0],"translation":[0,3,0]},"fixed":{"rotation":[-90,0,0],"translation":[0,0,-14.5],"scale":[2,2,2]}}}