{"textures":{"particle":"mineclub/handheld/gfx_summer_butterfly_net_blue"},"elements":[{"rotation":{"origin":[8,-8,0],"angle":0,"axis":"y"},"from":[3,0,-5],"to":[11,2,-3],"faces":{"south":{"uv":[4.5,4.5,0.5,3.5],"texture":"#particle"},"north":{"uv":[0.5,1.5,4.5,2.5],"texture":"#particle"},"west":{"uv":[4.5,1.5,5.5,2.5],"texture":"#particle"},"up":{"uv":[4.5,1.5,0.5,0.5],"texture":"#particle"},"down":{"uv":[4.5,3.5,0.5,2.5],"texture":"#particle"}}},{"rotation":{"origin":[8,-8,0],"angle":0,"axis":"y"},"from":[11,0,-5],"to":[13,2,3],"faces":{"east":{"uv":[0.5,1.5,4.5,2.5],"texture":"#particle"},"north":{"uv":[4.5,1.5,5.5,2.5],"texture":"#particle"},"west":{"uv":[4.5,4.5,0.5,3.5],"texture":"#particle"},"up":{"uv":[4.5,1.5,0.5,0.5],"texture":"#particle","rotation":90},"down":{"uv":[4.5,3.5,0.5,2.5],"texture":"#particle","rotation":270}}},{"rotation":{"origin":[8,-8,0],"angle":0,"axis":"y"},"from":[5,0,3],"to":[13,2,5],"faces":{"east":{"uv":[4.5,1.5,5.5,2.5],"texture":"#particle"},"south":{"uv":[0.5,1.5,4.5,2.5],"texture":"#particle"},"north":{"uv":[4.5,4.5,0.5,3.5],"texture":"#particle"},"up":{"uv":[4.5,1.5,0.5,0.5],"texture":"#particle","rotation":180},"down":{"uv":[4.5,3.5,0.5,2.5],"texture":"#particle","rotation":180}}},{"rotation":{"origin":[8,-8,0],"angle":0,"axis":"y"},"from":[3,0,-3],"to":[5,2,5],"faces":{"east":{"uv":[4.5,4.5,0.5,3.5],"texture":"#particle"},"south":{"uv":[4.5,1.5,5.5,2.5],"texture":"#particle"},"west":{"uv":[0.5,1.5,4.5,2.5],"texture":"#particle"},"up":{"uv":[4.5,1.5,0.5,0.5],"texture":"#particle","rotation":270},"down":{"uv":[4.5,3.5,0.5,2.5],"texture":"#particle","rotation":90}}},{"rotation":{"origin":[8,-8,0],"angle":0,"axis":"y"},"from":[4,-8,-4],"to":[12,-7.99,4],"faces":{"up":{"uv":[4.5,14.5,0.5,10.5],"texture":"#particle"},"down":{"uv":[4.5,10.5,0.5,14.5],"texture":"#particle"}}},{"rotation":{"origin":[8,-8,0],"angle":0,"axis":"y"},"from":[4,-8,-4],"to":[12,0,-3.99],"faces":{"south":{"uv":[4.5,5.5,0.5,9.5],"texture":"#particle"},"north":{"uv":[0.5,5.5,4.5,9.5],"texture":"#particle"}}},{"rotation":{"origin":[8,-8,0],"angle":0,"axis":"y"},"from":[11.99,-8,-4],"to":[12,0,4],"faces":{"east":{"uv":[0.5,5.5,4.5,9.5],"texture":"#particle"},"west":{"uv":[4.5,5.5,0.5,9.5],"texture":"#particle"}}},{"rotation":{"origin":[8,-8,0],"angle":0,"axis":"y"},"from":[4,-8,3.99],"to":[12,0,4],"faces":{"south":{"uv":[0.5,5.5,4.5,9.5],"texture":"#particle"},"north":{"uv":[4.5,5.5,0.5,9.5],"texture":"#particle"}}},{"rotation":{"origin":[8,-8,0],"angle":0,"axis":"y"},"from":[4,-8,-4],"to":[4.01,0,4],"faces":{"east":{"uv":[4.5,5.5,0.5,9.5],"texture":"#particle"},"west":{"uv":[0.5,5.5,4.5,9.5],"texture":"#particle"}}},{"rotation":{"origin":[8,1,7],"angle":0,"axis":"y"},"from":[7,0,5],"to":[9,2,9],"faces":{"east":{"uv":[15,11.5,13,10.5],"texture":"#particle"},"west":{"uv":[13,8.5,15,9.5],"texture":"#particle"},"up":{"uv":[15,8.5,13,7.5],"texture":"#particle","rotation":270},"down":{"uv":[15,10.5,13,9.5],"texture":"#particle","rotation":90}}},{"rotation":{"origin":[8,1,15],"angle":0,"axis":"y"},"from":[6.5,-0.5,9],"to":[9.5,2.5,21],"faces":{"east":{"uv":[14,6.5,8,5],"texture":"#particle"},"south":{"uv":[14,2,15.5,3.5],"texture":"#particle"},"north":{"uv":[6.5,2,8,3.5],"texture":"#particle"},"west":{"uv":[8,2,14,3.5],"texture":"#particle"},"up":{"uv":[14,2,8,0.5],"texture":"#particle","rotation":270},"down":{"uv":[14,5,8,3.5],"texture":"#particle","rotation":90}}},{"rotation":{"origin":[2.5,6.34358,1],"angle":0,"axis":"y"},"from":[2,5,-1],"to":[3,6,3],"faces":{"east":{"uv":[15,12.5,13,13],"texture":"#particle"},"south":{"uv":[11.5,12,12,12.5],"texture":"#particle"},"north":{"uv":[11.5,9.5,12,10],"texture":"#particle"},"west":{"uv":[13,12.5,15,13],"texture":"#particle"},"up":{"uv":[12,9.5,11.5,7.5],"texture":"#particle"},"down":{"uv":[12,12,11.5,10],"texture":"#particle"}}},{"rotation":{"origin":[7.5,14.34358,4],"angle":0,"axis":"y"},"from":[7,13,2],"to":[8,14,6],"faces":{"east":{"uv":[15,12.5,13,13],"texture":"#particle"},"south":{"uv":[11.5,12,12,12.5],"texture":"#particle"},"north":{"uv":[11.5,9.5,12,10],"texture":"#particle"},"west":{"uv":[13,12.5,15,13],"texture":"#particle"},"up":{"uv":[12,9.5,11.5,7.5],"texture":"#particle"},"down":{"uv":[12,12,11.5,10],"texture":"#particle"}}},{"rotation":{"origin":[13.5,8.34358,-3],"angle":0,"axis":"y"},"from":[11.5,7,-3.5],"to":[15.5,8,-2.5],"faces":{"east":{"uv":[11.5,12,12,12.5],"texture":"#particle"},"south":{"uv":[13,12.5,15,13],"texture":"#particle"},"north":{"uv":[15,12.5,13,13],"texture":"#particle"},"west":{"uv":[11.5,9.5,12,10],"texture":"#particle"},"up":{"uv":[12,9.5,11.5,7.5],"texture":"#particle","rotation":270},"down":{"uv":[12,12,11.5,10],"texture":"#particle","rotation":90}}},{"rotation":{"origin":[2.5,6.34358,1],"angle":-22.5,"axis":"z"},"from":[-1.83046,5.83481,-2],"to":[2.16954,5.84481,4],"faces":{"up":{"uv":[7.5,10.5,5.5,7.5],"texture":"#particle"},"down":{"uv":[7.5,7.5,5.5,10.5],"texture":"#particle"}}},{"rotation":{"origin":[7.5,14.34358,4],"angle":-22.5,"axis":"z"},"from":[3.16954,13.83481,1],"to":[7.16954,13.84481,7],"faces":{"up":{"uv":[10.5,10.5,8.5,7.5],"texture":"#particle"},"down":{"uv":[10.5,7.5,8.5,10.5],"texture":"#particle"}}},{"rotation":{"origin":[2.5,6.34358,1],"angle":22.5,"axis":"z"},"from":[2.83046,5.83481,-2],"to":[6.83046,5.84481,4],"faces":{"up":{"uv":[5.5,10.5,7.5,7.5],"texture":"#particle"},"down":{"uv":[5.5,7.5,7.5,10.5],"texture":"#particle"}}},{"rotation":{"origin":[7.5,14.34358,4],"angle":22.5,"axis":"z"},"from":[7.83046,13.83481,1],"to":[11.83046,13.84481,7],"faces":{"up":{"uv":[8.5,10.5,10.5,7.5],"texture":"#particle"},"down":{"uv":[8.5,7.5,10.5,10.5],"texture":"#particle"}}},{"rotation":{"origin":[13.5,8.34358,-3],"angle":-22.5,"axis":"x"},"from":[10.5,7.83481,-2.66954],"to":[16.5,7.84481,1.33046],"faces":{"up":{"uv":[7.5,14.5,5.5,11.5],"texture":"#particle","rotation":270},"down":{"uv":[7.5,11.5,5.5,14.5],"texture":"#particle","rotation":90}}},{"rotation":{"origin":[13.5,8.34358,-3],"angle":22.5,"axis":"x"},"from":[10.5,7.83481,-7.33046],"to":[16.5,7.84481,-3.33046],"faces":{"up":{"uv":[5.5,14.5,7.5,11.5],"texture":"#particle","rotation":270},"down":{"uv":[5.5,11.5,7.5,14.5],"texture":"#particle","rotation":90}}}],"display":{"firstperson_righthand":{"rotation":[22.5,11.25,11.25],"translation":[0.5,4.5,0.5],"scale":[0.4,0.4,0.4]},"thirdperson_lefthand":{"rotation":[67,8,0],"translation":[-0.5,3,3],"scale":[0.55,0.55,0.55]},"firstperson_lefthand":{"rotation":[22.5,11.25,11.25],"translation":[0.5,4.5,0.5],"scale":[0.4,0.4,0.4]},"thirdperson_righthand":{"rotation":[67,8,0],"translation":[-0.5,3,3],"scale":[0.55,0.55,0.55]},"ground":{"translation":[0,5,0],"scale":[0.5,0.5,0.5]},"gui":{"rotation":[30,225,0],"translation":[-1,3.25,0],"scale":[0.55,0.55,0.55]},"fixed":{"rotation":[0,90,-22.5],"translation":[0,3,-5],"scale":[0.5,0.5,0.5]}}}