{"textures":{"particle":"mineclub/handheld/gfx_handmirror"},"elements":[{"rotation":{"origin":[16.5,8,15],"angle":0,"axis":"y"},"from":[6.5,5,7],"to":[9.5,13,9],"faces":{"east":{"uv":[10.33333,0.33333,11,3],"texture":"#particle"},"south":{"uv":[12.66667,0.33333,13.66667,3],"texture":"#particle"},"north":{"uv":[11,0.33333,12,3],"texture":"#particle"},"west":{"uv":[12,0.33333,12.66667,3],"texture":"#particle"}}},{"rotation":{"origin":[16.5,6,15],"angle":0,"axis":"y"},"from":[5.5,0,7],"to":[10.5,5,9],"faces":{"east":{"uv":[10.33333,4.33333,11,6],"texture":"#particle"},"south":{"uv":[13.33333,4.33333,15,6],"texture":"#particle"},"north":{"uv":[11,4.33333,12.66667,6],"texture":"#particle"},"west":{"uv":[12.66667,4.33333,13.33333,6],"texture":"#particle"},"up":{"uv":[12.66667,4.33333,11,3.66667],"texture":"#particle"},"down":{"uv":[12.66667,6.66667,11,6],"texture":"#particle"}}},{"rotation":{"origin":[16.5,5,14],"angle":0,"axis":"y"},"from":[2.5,13,7.5],"to":[13.5,26,9.5],"faces":{"east":{"uv":[0.33333,1.33333,1,5.66667],"texture":"#particle"},"south":{"uv":[6,1.33333,9.66667,5.66667],"texture":"#particle"},"north":{"uv":[1.33333,1.33333,5,5.66667],"texture":"#particle"},"west":{"uv":[5.33333,1.33333,6,5.66667],"texture":"#particle"},"up":{"uv":[5,1,1.33333,0.33333],"texture":"#particle"},"down":{"uv":[5,6.33333,1.33333,5.66667],"texture":"#particle"}}},{"rotation":{"origin":[16.5,5,13],"angle":0,"axis":"y"},"from":[2.5,13,6.5],"to":[13.5,14,7.5],"faces":{"east":{"uv":[3.66667,9.33333,4,9.66667],"texture":"#particle"},"north":{"uv":[4,9.33333,7.66667,9.66667],"texture":"#particle"},"west":{"uv":[7.66667,9.33333,8,9.66667],"texture":"#particle"},"up":{"uv":[7.66667,9.33333,4,9],"texture":"#particle"},"down":{"uv":[7.66667,10,4,9.66667],"texture":"#particle"}}},{"rotation":{"origin":[16.5,17,13],"angle":0,"axis":"y"},"from":[2.5,25,6.5],"to":[13.5,26,7.5],"faces":{"east":{"uv":[3.66667,7.66667,4,8],"texture":"#particle"},"north":{"uv":[4,7.66667,7.66667,8],"texture":"#particle"},"west":{"uv":[7.66667,7.66667,8,8],"texture":"#particle"},"up":{"uv":[7.66667,7.66667,4,7.33333],"texture":"#particle"},"down":{"uv":[7.66667,8.33333,4,8],"texture":"#particle"}}},{"rotation":{"origin":[16.5,16,13],"angle":0,"axis":"y"},"from":[2.5,14,6.5],"to":[3.5,25,7.5],"faces":{"east":{"uv":[2,7.33333,2.33333,11],"texture":"#particle"},"north":{"uv":[2.33333,7.33333,2.66667,11],"texture":"#particle"},"west":{"uv":[2.66667,7.33333,3,11],"texture":"#particle"}}},{"rotation":{"origin":[26.5,16,13],"angle":0,"axis":"y"},"from":[12.5,14,6.5],"to":[13.5,25,7.5],"faces":{"east":{"uv":[0.33333,7.33333,0.66667,11],"texture":"#particle"},"north":{"uv":[0.66667,7.33333,1,11],"texture":"#particle"},"west":{"uv":[1,7.33333,1.33333,11],"texture":"#particle"}}}],"display":{"firstperson_righthand":{"rotation":[0,135,0],"translation":[1,0.5,0.5],"scale":[0.4,0.4,0.4]},"thirdperson_lefthand":{"rotation":[0,157.5,0],"translation":[0,-2,0.5],"scale":[0.55,0.55,0.55]},"firstperson_lefthand":{"rotation":[0,135,0],"translation":[1,0.5,0.5],"scale":[0.4,0.4,0.4]},"thirdperson_righthand":{"rotation":[0,157.5,0],"translation":[0,-2,0.5],"scale":[0.55,0.55,0.55]},"ground":{"scale":[0.5,0.5,0.5]},"gui":{"rotation":[-45,-180,45],"translation":[-2.5,-1.5,0],"scale":[0.5,0.5,0.5]},"fixed":{"translation":[0,-3.5,0],"scale":[0.7,0.7,0.7]}}}