{"textures":{"0":"mineclub/handheld/hockeystick","particle":"mineclub/handheld/hockeystick"},"texture_size":[48,48],"elements":[{"rotation":{"origin":[8,8,15],"angle":0,"axis":"y"},"from":[0,0,7],"to":[9,4,8],"faces":{"east":{"uv":[2.66667,4,3,5.33333],"texture":"#0"},"south":{"uv":[2.66667,2.66667,5.66667,4],"texture":"#0"},"north":{"uv":[1.33333,0,4.33333,1.33333],"texture":"#0"},"west":{"uv":[3,4,3.33333,5.33333],"texture":"#0"},"up":{"uv":[5,1.66667,2,1.33333],"texture":"#0"},"down":{"uv":[5,1.66667,2,2],"texture":"#0"}}},{"rotation":{"origin":[17.60474,7.09494,14.5],"angle":-22.5,"axis":"z"},"from":[9.60474,-0.90506,6.5],"to":[11.60474,28.09494,8.5],"faces":{"east":{"uv":[0.66667,0.66667,1.33333,10.33333],"texture":"#0"},"south":{"uv":[1.33333,1.33333,2,11],"texture":"#0"},"north":{"uv":[0,0,0.66667,9.66667],"texture":"#0"},"west":{"uv":[2,2,2.66667,11.66667],"texture":"#0"},"up":{"uv":[1.33333,0.66667,0.66667,0],"texture":"#0"},"down":{"uv":[3.33333,2,2.66667,2.66667],"texture":"#0"}}}],"display":{"firstperson_righthand":{"rotation":[101.5,-129,45.5],"translation":[0,0,-19]},"thirdperson_lefthand":{"rotation":[79.5,104,17],"translation":[-2.5,5.5,-8],"scale":[0.8,0.8,0.8]},"firstperson_lefthand":{"rotation":[101.5,51,-45],"translation":[0,0,-19]},"thirdperson_righthand":{"rotation":[122,-37.5,17],"translation":[-2.5,4.5,-7]},"ground":{"rotation":[58,-5,0],"translation":[0,1,0]},"gui":{"rotation":[-27,23.5,-5],"translation":[-1.25,-2.5,0],"scale":[0.55,0.55,0.55]}}}