{"textures":{"particle":"mineclub/handheld/gfx_lightsaber_blue"},"elements":[{"rotation":{"origin":[8,6,8],"angle":0,"axis":"y"},"from":[7.25,-10,7.25],"to":[8.75,-9,8.75],"faces":{"east":{"uv":[0.5,10.5,2,11.5],"texture":"#particle"},"south":{"uv":[0.5,10.5,2,11.5],"texture":"#particle"},"north":{"uv":[0.5,10.5,2,11.5],"texture":"#particle"},"west":{"uv":[0.5,10.5,2,11.5],"texture":"#particle"},"up":{"uv":[2,10.5,0.5,9],"texture":"#particle"},"down":{"uv":[2,13,0.5,11.5],"texture":"#particle"}}},{"rotation":{"origin":[8,-9.5,8],"angle":0,"axis":"y"},"from":[7.75,-9.75,7],"to":[8.25,-9.25,9],"faces":{"east":{"uv":[1,14,3,14.5],"texture":"#particle"},"south":{"uv":[0.5,14,1,14.5],"texture":"#particle"},"north":{"uv":[0.5,14,1,14.5],"texture":"#particle"},"west":{"uv":[1,14,3,14.5],"texture":"#particle"},"up":{"uv":[8,2.5,7.5,0.5],"texture":"#particle"},"down":{"uv":[8,5.5,7.5,3.5],"texture":"#particle"}}},{"rotation":{"origin":[8,-9.5,8],"angle":0,"axis":"y"},"from":[7,-9.75,7.75],"to":[9,-9.25,8.25],"faces":{"east":{"uv":[0.5,14,1,14.5],"texture":"#particle"},"south":{"uv":[1,14,3,14.5],"texture":"#particle"},"north":{"uv":[1,14,3,14.5],"texture":"#particle"},"west":{"uv":[0.5,14,1,14.5],"texture":"#particle"},"up":{"uv":[8,2.5,7.5,0.5],"texture":"#particle","rotation":270},"down":{"uv":[8,5.5,7.5,3.5],"texture":"#particle","rotation":90}}},{"rotation":{"origin":[8,6,8],"angle":0,"axis":"y"},"from":[7.25,-8.5,7.25],"to":[8.75,-4.5,8.75],"faces":{"east":{"uv":[3,2,4.5,6],"texture":"#particle"},"south":{"uv":[3,2,4.5,6],"texture":"#particle"},"north":{"uv":[3,2,4.5,6],"texture":"#particle"},"west":{"uv":[3,2,4.5,6],"texture":"#particle"},"up":{"uv":[4.5,2,3,0.5],"texture":"#particle"},"down":{"uv":[4.5,7.5,3,6],"texture":"#particle"}}},{"rotation":{"origin":[8,6,8],"angle":0,"axis":"y"},"from":[8.75,-6.5,7.5],"to":[9.25,-4.5,8.5],"faces":{"east":{"uv":[6,8.5,7,10.5],"texture":"#particle"},"south":{"uv":[6,13.5,6.5,15.5],"texture":"#particle"},"north":{"uv":[7,8.5,7.5,10.5],"texture":"#particle"},"up":{"uv":[6.5,12.5,6,11.5],"texture":"#particle"},"down":{"uv":[8,12.5,7.5,11.5],"texture":"#particle"}}},{"rotation":{"origin":[8,6,8],"angle":0,"axis":"y"},"from":[7.25,-3,7.25],"to":[8.75,-2.5,8.75],"faces":{"east":{"uv":[0.5,6,2,6.5],"texture":"#particle"},"south":{"uv":[0.5,6,2,6.5],"texture":"#particle"},"north":{"uv":[0.5,6,2,6.5],"texture":"#particle"},"west":{"uv":[0.5,6,2,6.5],"texture":"#particle"},"up":{"uv":[2,6,0.5,4.5],"texture":"#particle"},"down":{"uv":[2,8,0.5,6.5],"texture":"#particle"}}},{"rotation":{"origin":[8,6,8],"angle":0,"axis":"y"},"from":[7.25,-4,7.25],"to":[8.75,-3.5,8.75],"faces":{"east":{"uv":[0.5,6,2,6.5],"texture":"#particle"},"south":{"uv":[0.5,6,2,6.5],"texture":"#particle"},"north":{"uv":[0.5,6,2,6.5],"texture":"#particle"},"west":{"uv":[0.5,6,2,6.5],"texture":"#particle"},"up":{"uv":[2,6,0.5,4.5],"texture":"#particle"},"down":{"uv":[2,8,0.5,6.5],"texture":"#particle"}}},{"rotation":{"origin":[8,6,8],"angle":0,"axis":"y"},"from":[7.25,-2,7.25],"to":[8.75,-0.5,8.75],"faces":{"east":{"uv":[0.5,0.5,2,2],"texture":"#particle"},"south":{"uv":[0.5,0.5,2,2],"texture":"#particle"},"north":{"uv":[0.5,0.5,2,2],"texture":"#particle"},"west":{"uv":[0.5,0.5,2,2],"texture":"#particle"},"down":{"uv":[2,3.5,0.5,2],"texture":"#particle"}}},{"rotation":{"origin":[8,12,8],"angle":45,"axis":"y"},"from":[6.75,18,8],"to":[9.25,19,8.01],"faces":{"south":{"uv":[12,1,9.5,2],"texture":"#particle"},"north":{"uv":[9.5,1,12,2],"texture":"#particle"}}},{"rotation":{"origin":[8,12,8],"angle":-45,"axis":"y"},"from":[6.75,18,8],"to":[9.25,19,8.01],"faces":{"south":{"uv":[12,1,9.5,2],"texture":"#particle"},"north":{"uv":[9.5,1,12,2],"texture":"#particle"}}},{"rotation":{"origin":[8,12,8],"angle":45,"axis":"y"},"from":[6.75,0,8],"to":[9.25,18,8.01],"faces":{"south":{"uv":[15.5,1,13,13],"texture":"#particle"},"north":{"uv":[13,1,15.5,13],"texture":"#particle"}}},{"rotation":{"origin":[8,12,8],"angle":-45,"axis":"y"},"from":[6.75,0,8],"to":[9.25,18,8.01],"faces":{"south":{"uv":[15.5,1,13,13],"texture":"#particle"},"north":{"uv":[13,1,15.5,13],"texture":"#particle"}}},{"rotation":{"origin":[8,6,8],"angle":0,"axis":"y"},"from":[7,-0.5,7],"to":[9,0,9],"faces":{"east":{"uv":[3,10.5,5,11],"texture":"#particle"},"south":{"uv":[3,10.5,5,11],"texture":"#particle"},"north":{"uv":[3,10.5,5,11],"texture":"#particle"},"west":{"uv":[3,10.5,5,11],"texture":"#particle"},"up":{"uv":[5,10.5,3,8.5],"texture":"#particle"},"down":{"uv":[5,13,3,11],"texture":"#particle"}}},{"rotation":{"origin":[8,6,8],"angle":0,"axis":"y"},"from":[7.5,-9,7.5],"to":[8.5,-2,8.5],"faces":{"east":{"uv":[5.5,0.5,6.5,7.5],"texture":"#particle"},"south":{"uv":[5.5,0.5,6.5,7.5],"texture":"#particle"},"north":{"uv":[5.5,0.5,6.5,7.5],"texture":"#particle"},"west":{"uv":[5.5,0.5,6.5,7.5],"texture":"#particle"}}}],"display":{"firstperson_righthand":{"rotation":[8,-168,0],"translation":[2,8,0],"scale":[0.8,0.8,0.8]},"thirdperson_lefthand":{"rotation":[0,-168,0],"translation":[0,13.25,-0.5],"scale":[1.1,1.1,1.1]},"firstperson_lefthand":{"rotation":[8,-168,0],"translation":[2,8,0],"scale":[0.8,0.8,0.8]},"thirdperson_righthand":{"rotation":[0,-168,0],"translation":[0,13.25,-0.5],"scale":[1.1,1.1,1.1]},"ground":{"translation":[0,6,0],"scale":[0.5,0.5,0.5]},"gui":{"rotation":[-45,-16,-45],"translation":[0.5,0.5,0],"scale":[0.6,0.6,0.6]},"fixed":{"rotation":[0,0,45],"translation":[-0.5,0.5,-1],"scale":[0.75,0.75,0.75]}}}