{"textures":{"particle":"mineclub/handheld/gfx_magicwand"},"elements":[{"rotation":{"origin":[15.5,6,14.5],"angle":0,"axis":"y"},"from":[6.5,-7,6.5],"to":[9.5,23,9.5],"faces":{"east":{"uv":[2,0.5,3.5,15.5],"texture":"#particle"},"south":{"uv":[0.5,0.5,2,15.5],"texture":"#particle"},"north":{"uv":[0.5,0.5,2,15.5],"texture":"#particle"},"west":{"uv":[2,0.5,3.5,15.5],"texture":"#particle"},"up":{"uv":[6,2,4.5,0.5],"texture":"#particle"},"down":{"uv":[6,4.5,4.5,3],"texture":"#particle"}}}],"display":{"firstperson_righthand":{"rotation":[8,0,0],"translation":[1.5,3,1],"scale":[0.4,0.4,0.4]},"thirdperson_lefthand":{"rotation":[8,0,8],"scale":[0.55,0.55,0.55]},"firstperson_lefthand":{"rotation":[8,0,0],"translation":[1.5,3,1],"scale":[0.4,0.4,0.4]},"thirdperson_righthand":{"rotation":[8,0,8],"scale":[0.55,0.55,0.55]},"ground":{"translation":[0,4,0],"scale":[0.5,0.5,0.5]},"gui":{"rotation":[-45,-180,45],"scale":[0.6,0.6,0.6]},"fixed":{"rotation":[0,0,45],"scale":[0.75,0.75,0.75]}}}