{"textures":{"particle":"mineclub/handheld/gfx_magnifying_glass"},"elements":[{"rotation":{"origin":[14.5,8,14.5],"angle":0,"axis":"y"},"from":[6.5,0,6.5],"to":[9.5,12,9.5],"faces":{"east":{"uv":[7,2,8.5,8],"texture":"#particle"},"south":{"uv":[7,2,8.5,8],"texture":"#particle"},"north":{"uv":[7,2,8.5,8],"texture":"#particle"},"west":{"uv":[7,2,8.5,8],"texture":"#particle"},"up":{"uv":[8.5,2,7,0.5],"texture":"#particle"},"down":{"uv":[8.5,9.5,7,8],"texture":"#particle"}}},{"rotation":{"origin":[14.5,14,14.5],"angle":0,"axis":"y"},"from":[2.5,16,6.5],"to":[13.5,18,9.5],"faces":{"east":{"uv":[3,12.5,4.5,13.5],"texture":"#particle"},"south":{"uv":[6,11.5,0.5,10.5],"texture":"#particle"},"north":{"uv":[0.5,8,6,9],"texture":"#particle"},"west":{"uv":[3,14.5,4.5,15.5],"texture":"#particle"},"up":{"uv":[6,8,0.5,6.5],"texture":"#particle"},"down":{"uv":[6,10.5,0.5,9],"texture":"#particle"}}},{"rotation":{"origin":[14.5,23,14.5],"angle":0,"axis":"y"},"from":[2.5,25,6.5],"to":[13.5,27,9.5],"faces":{"east":{"uv":[0.5,12.5,2,13.5],"texture":"#particle"},"south":{"uv":[6,5.5,0.5,4.5],"texture":"#particle"},"north":{"uv":[0.5,2,6,3],"texture":"#particle"},"west":{"uv":[0.5,14.5,2,15.5],"texture":"#particle"},"up":{"uv":[6,2,0.5,0.5],"texture":"#particle"},"down":{"uv":[6,4.5,0.5,3],"texture":"#particle"}}},{"rotation":{"origin":[14.5,16,14.5],"angle":0,"axis":"y"},"from":[2.5,18,6.5],"to":[4.5,25,9.5],"faces":{"east":{"uv":[9.5,9.5,11,13],"texture":"#particle"},"south":{"uv":[13.5,9.5,14.5,13],"texture":"#particle"},"north":{"uv":[11,9.5,12,13],"texture":"#particle"},"west":{"uv":[12,9.5,13.5,13],"texture":"#particle"}}},{"rotation":{"origin":[23.5,16,14.5],"angle":0,"axis":"y"},"from":[11.5,18,6.5],"to":[13.5,25,9.5],"faces":{"east":{"uv":[9.5,5,11,8.5],"texture":"#particle"},"south":{"uv":[13.5,5,14.5,8.5],"texture":"#particle"},"north":{"uv":[11,5,12,8.5],"texture":"#particle"},"west":{"uv":[12,5,13.5,8.5],"texture":"#particle"}}},{"rotation":{"origin":[8,21.5,8],"angle":0,"axis":"y"},"from":[4.5,18,7.5],"to":[11.5,25,8.5],"faces":{"south":{"uv":[12,0.5,15.5,4],"texture":"#particle"},"north":{"uv":[12,0.5,15.5,4],"texture":"#particle"}}},{"rotation":{"origin":[15,10,15],"angle":0,"axis":"y"},"from":[7,12,7],"to":[9,16,9],"faces":{"east":{"uv":[9.5,0.5,10.5,2.5],"texture":"#particle"},"south":{"uv":[9.5,0.5,10.5,2.5],"texture":"#particle"},"north":{"uv":[9.5,0.5,10.5,2.5],"texture":"#particle"},"west":{"uv":[9.5,0.5,10.5,2.5],"texture":"#particle"}}}],"display":{"firstperson_righthand":{"translation":[1,1,0.5],"scale":[0.4,0.4,0.4]},"thirdperson_lefthand":{"rotation":[0,172,-4],"translation":[0,-1,0],"scale":[0.55,0.55,0.55]},"firstperson_lefthand":{"translation":[1,1,0.5],"scale":[0.4,0.4,0.4]},"thirdperson_righthand":{"rotation":[0,172,-4],"translation":[0,-1,0],"scale":[0.55,0.55,0.55]},"ground":{"translation":[0,1,0],"scale":[0.5,0.5,0.5]},"gui":{"rotation":[-45,-180,45],"translation":[-3,-2,0],"scale":[0.55,0.55,0.55]},"fixed":{"translation":[0,-2.5,0],"scale":[0.5,0.5,0.5]}}}