{"textures":{"particle":"mineclub/handheld/gfx_megaphone"},"elements":[{"rotation":{"origin":[16,8,7],"angle":0,"axis":"y"},"from":[3,0,0],"to":[13,10,2],"faces":{"east":{"uv":[3.5,1,3,3.5],"texture":"#particle"},"south":{"uv":[3.5,1,6,3.5],"texture":"#particle"},"north":{"uv":[0.5,1,3,3.5],"texture":"#particle"},"west":{"uv":[3,1,3.5,3.5],"texture":"#particle"},"up":{"uv":[3,1,0.5,0.5],"texture":"#particle"},"down":{"uv":[3,4,0.5,3.5],"texture":"#particle"}}},{"rotation":{"origin":[16,8,9],"angle":0,"axis":"y"},"from":[4,1,2],"to":[12,9,5],"faces":{"east":{"uv":[7.5,1.25,6.75,3.25],"texture":"#particle"},"south":{"uv":[7.5,1.25,9.5,3.25],"texture":"#particle"},"west":{"uv":[6.75,1.25,7.5,3.25],"texture":"#particle"},"up":{"uv":[7.5,0.5,9.5,1.25],"texture":"#particle"},"down":{"uv":[7.5,3.25,9.5,4],"texture":"#particle"}}},{"rotation":{"origin":[16,8,11],"angle":0,"axis":"y"},"from":[5,2,5],"to":[11,8,9],"faces":{"east":{"uv":[13.5,0.5,12.5,2],"texture":"#particle"},"west":{"uv":[12.5,0.5,13.5,2],"texture":"#particle"},"up":{"uv":[10.25,0.5,11.75,1.5],"texture":"#particle"},"down":{"uv":[10.25,2.25,11.75,3.25],"texture":"#particle"}}},{"rotation":{"origin":[15.5,8.5,15],"angle":0,"axis":"y"},"from":[4.5,1.5,9],"to":[11.5,8.5,16],"faces":{"east":{"uv":[4,6.5,2.25,8.25],"texture":"#particle"},"south":{"uv":[4,6.5,5.75,8.25],"texture":"#particle"},"north":{"uv":[0.5,6.5,2.25,8.25],"texture":"#particle"},"west":{"uv":[2.25,6.5,4,8.25],"texture":"#particle"},"up":{"uv":[2.25,6.5,0.5,4.75],"texture":"#particle"},"down":{"uv":[2.25,10,0.5,8.25],"texture":"#particle"}}},{"rotation":{"origin":[15.5,8.5,22],"angle":0,"axis":"y"},"from":[5.5,2.5,16],"to":[10.5,7.5,17],"faces":{"east":{"uv":[6.75,6.75,6.5,8],"texture":"#particle"},"south":{"uv":[6.75,6.75,8,8],"texture":"#particle"},"west":{"uv":[6.5,6.75,6.75,8],"texture":"#particle"},"up":{"uv":[6.75,6.5,8,6.75],"texture":"#particle"},"down":{"uv":[6.75,8,8,8.25],"texture":"#particle"}}},{"rotation":{"origin":[8,1.5,14],"angle":22.5,"axis":"x"},"from":[6.5,-6.5,11],"to":[9.5,1.5,14],"faces":{"east":{"uv":[10.25,5.5,9.5,7.5],"texture":"#particle"},"south":{"uv":[10.25,5.5,11,7.5],"texture":"#particle"},"north":{"uv":[8.75,5.5,9.5,7.5],"texture":"#particle"},"west":{"uv":[9.5,5.5,10.25,7.5],"texture":"#particle"},"down":{"uv":[9.5,8.25,8.75,7.5],"texture":"#particle"}}}],"display":{"firstperson_righthand":{"rotation":[-45,0,0],"translation":[-1.5,5,0.5],"scale":[0.4,0.4,0.4]},"thirdperson_lefthand":{"translation":[0,4,-1.75],"scale":[0.55,0.55,0.55]},"firstperson_lefthand":{"rotation":[-45,0,0],"translation":[-1.5,5,0.5],"scale":[0.4,0.4,0.4]},"thirdperson_righthand":{"translation":[0,4,-1.75],"scale":[0.55,0.55,0.55]},"ground":{"translation":[0,3,0],"scale":[0.5,0.5,0.5]},"gui":{"rotation":[30,225,0],"translation":[0,3,0],"scale":[0.75,0.75,0.75]},"fixed":{"rotation":[90,45,-90],"translation":[2.5,2.5,0]}}}