{"textures":{"0":"mineclub/handheld/nutcracker","particle":"mineclub/handheld/nutcracker"},"texture_size":[24,24],"elements":[{"rotation":{"origin":[14.5,16,14.5],"angle":0,"axis":"y"},"from":[6.5,8,6.5],"to":[9.5,14,9.5],"faces":{"east":{"uv":[0,5.33333,2,9.33333],"texture":"#0"},"south":{"uv":[5.33333,5.33333,7.33333,9.33333],"texture":"#0"},"north":{"uv":[3.33333,3.33333,5.33333,7.33333],"texture":"#0"},"west":{"uv":[5.33333,0,7.33333,4],"texture":"#0"},"up":{"uv":[5.33333,2,3.33333,0],"texture":"#0"},"down":{"uv":[9.33333,1.33333,7.33333,3.33333],"texture":"#0"}}},{"rotation":{"origin":[14.5,16.75,14],"angle":0,"axis":"y"},"from":[6.5,8.75,6],"to":[7.5,9.75,6.5],"faces":{"east":{"uv":[13.33333,4.66667,13.66667,5.33333],"texture":"#0"},"south":{"uv":[13.33333,5.33333,14,6],"texture":"#0"},"north":{"uv":[13.33333,3.33333,14,4],"texture":"#0"},"west":{"uv":[13.33333,6,13.66667,6.66667],"texture":"#0"},"up":{"uv":[14,7,13.33333,6.66667],"texture":"#0"},"down":{"uv":[14,7.33333,13.33333,7.66667],"texture":"#0"}}},{"rotation":{"origin":[16.5,16.75,14],"angle":0,"axis":"y"},"from":[8.5,8.75,6],"to":[9.5,9.75,6.5],"faces":{"east":{"uv":[13.33333,8.66667,13.66667,9.33333],"texture":"#0"},"south":{"uv":[13.33333,9.33333,14,10],"texture":"#0"},"north":{"uv":[13.33333,8,14,8.66667],"texture":"#0"},"west":{"uv":[13.33333,10,13.66667,10.66667],"texture":"#0"},"up":{"uv":[14,11,13.33333,10.66667],"texture":"#0"},"down":{"uv":[14,11.33333,13.33333,11.66667],"texture":"#0"}}},{"rotation":{"origin":[15.75,16.25,14],"angle":0,"axis":"y"},"from":[7.75,8.25,6],"to":[8.25,9.25,6.5],"faces":{"east":{"uv":[13.33333,0,13.66667,0.66667],"texture":"#0"},"south":{"uv":[13.33333,0.66667,13.66667,1.33333],"texture":"#0"},"north":{"uv":[13.33333,13.33333,13.66667,14],"texture":"#0"},"west":{"uv":[13.33333,1.33333,13.66667,2],"texture":"#0"},"up":{"uv":[13.66667,2.33333,13.33333,2],"texture":"#0"},"down":{"uv":[13.66667,2.66667,13.33333,3],"texture":"#0"}}},{"rotation":{"origin":[15.55,14.15,14.4],"angle":0,"axis":"y"},"from":[7.55,6.15,6.4],"to":[8.55,8.15,6.9],"faces":{"east":{"uv":[12.66667,8.66667,13,10],"texture":"#0"},"south":{"uv":[12.66667,10,13.33333,11.33333],"texture":"#0"},"north":{"uv":[12.66667,7.33333,13.33333,8.66667],"texture":"#0"},"west":{"uv":[12.66667,11.33333,13,12.66667],"texture":"#0"},"up":{"uv":[2,14.66667,1.33333,14.33333],"texture":"#0"},"down":{"uv":[2.66667,14.33333,2,14.66667],"texture":"#0"}}},{"rotation":{"origin":[13.5,16.5,15],"angle":0,"axis":"y"},"from":[5.5,8.5,7],"to":[10.5,10,10.5],"faces":{"east":{"uv":[4.66667,9.66667,7,10.66667],"texture":"#0"},"south":{"uv":[7.33333,0.33333,10.66667,1.33333],"texture":"#0"},"north":{"uv":[5.33333,4.33333,8.66667,5.33333],"texture":"#0"},"west":{"uv":[9.33333,1.66667,11.66667,2.66667],"texture":"#0"},"up":{"uv":[3.33333,2.33333,0,0],"texture":"#0"},"down":{"uv":[3.33333,2.66667,0,5],"texture":"#0"}}},{"rotation":{"origin":[14.5,13,15],"angle":0,"axis":"y"},"from":[6.5,5,7],"to":[9.5,8,9],"faces":{"east":{"uv":[2,5.33333,3.33333,7.33333],"texture":"#0"},"south":{"uv":[8.66667,3.33333,10.66667,5.33333],"texture":"#0"},"north":{"uv":[7.33333,5.33333,9.33333,7.33333],"texture":"#0"},"west":{"uv":[0,9.33333,1.33333,11.33333],"texture":"#0"},"up":{"uv":[5.33333,3.33333,3.33333,2],"texture":"#0"},"down":{"uv":[11.33333,5.33333,9.33333,6.66667],"texture":"#0"}}},{"rotation":{"origin":[14.75,11,15.25],"angle":0,"axis":"y"},"from":[6.74,2.99,7.24],"to":[9.26,5.01,8.76],"faces":{"east":{"uv":[3.33333,10,4.33333,11.33333],"texture":"#0"},"south":{"uv":[7.33333,10,9,11.33333],"texture":"#0"},"north":{"uv":[1.66667,10,3.33333,11.33333],"texture":"#0"},"west":{"uv":[4.66667,10.66667,5.66667,12],"texture":"#0"},"up":{"uv":[11,11.33333,9.33333,10.33333],"texture":"#0"},"down":{"uv":[11.66667,7,10,8],"texture":"#0"}}},{"rotation":{"origin":[9.5,8,8],"angle":22.5,"axis":"x"},"from":[9.5,5.5,7.5],"to":[10.5,8,8.5],"faces":{"east":{"uv":[6,11,6.66667,12.66667],"texture":"#0"},"south":{"uv":[6.66667,11,7.33333,12.66667],"texture":"#0"},"north":{"uv":[4.66667,7.66667,5.33333,9.33333],"texture":"#0"},"west":{"uv":[10.66667,3.66667,11.33333,5.33333],"texture":"#0"},"up":{"uv":[2,10,1.33333,9.33333],"texture":"#0"},"down":{"uv":[10,6.66667,9.33333,7.33333],"texture":"#0"}}},{"rotation":{"origin":[8.75,3,8],"angle":22.5,"axis":"z"},"from":[8.25,0.75,7.5],"to":[9.25,3.25,8.5],"faces":{"east":{"uv":[12,6.33333,12.66667,8],"texture":"#0"},"south":{"uv":[12,10.33333,12.66667,12],"texture":"#0"},"north":{"uv":[12,4.33333,12.66667,6],"texture":"#0"},"west":{"uv":[6,13,6.66667,14.66667],"texture":"#0"},"up":{"uv":[10,14,9.33333,13.33333],"texture":"#0"},"down":{"uv":[10.66667,13.33333,10,14],"texture":"#0"}}},{"rotation":{"origin":[6.5,8,7.5],"angle":-22.5,"axis":"z"},"from":[5.5,5.5,7.5],"to":[6.5,8,8.5],"faces":{"east":{"uv":[8.66667,11.66667,9.33333,13.33333],"texture":"#0"},"south":{"uv":[9.33333,11.66667,10,13.33333],"texture":"#0"},"north":{"uv":[8,11.66667,8.66667,13.33333],"texture":"#0"},"west":{"uv":[10,11.66667,10.66667,13.33333],"texture":"#0"},"up":{"uv":[3.33333,14,2.66667,13.33333],"texture":"#0"},"down":{"uv":[4,13.33333,3.33333,14],"texture":"#0"}}},{"rotation":{"origin":[7.25,3,8],"angle":22.5,"axis":"x"},"from":[6.75,0.5,7.5],"to":[7.75,3,8.5],"faces":{"east":{"uv":[11.33333,11.66667,12,13.33333],"texture":"#0"},"south":{"uv":[11.33333,3.66667,12,5.33333],"texture":"#0"},"north":{"uv":[10.66667,11.66667,11.33333,13.33333],"texture":"#0"},"west":{"uv":[4.66667,12.33333,5.33333,14],"texture":"#0"},"up":{"uv":[4.66667,14,4,13.33333],"texture":"#0"},"down":{"uv":[8,13.33333,7.33333,14],"texture":"#0"}}},{"rotation":{"origin":[17.5,4.4383,16.34407],"angle":45,"axis":"x"},"from":[9.5,-3.5617,8.34407],"to":[10.5,-1.0617,9.34407],"faces":{"east":{"uv":[0.66667,11.66667,1.33333,13.33333],"texture":"#0"},"south":{"uv":[1.33333,11.66667,2,13.33333],"texture":"#0"},"north":{"uv":[0,11.66667,0.66667,13.33333],"texture":"#0"},"west":{"uv":[2,11.66667,2.66667,13.33333],"texture":"#0"},"up":{"uv":[0.66667,14,0,13.33333],"texture":"#0"},"down":{"uv":[1.33333,13.33333,0.66667,14],"texture":"#0"}}},{"rotation":{"origin":[14.43538,8.87273,15.5],"angle":22.5,"axis":"z"},"from":[6.44538,0.88273,7.51],"to":[7.42538,3.36273,8.49],"faces":{"east":{"uv":[12.66667,13,13.33333,14.66667],"texture":"#0"},"south":{"uv":[12.66667,0.33333,13.33333,2],"texture":"#0"},"north":{"uv":[6.66667,13,7.33333,14.66667],"texture":"#0"},"west":{"uv":[12.66667,2.33333,13.33333,4],"texture":"#0"},"up":{"uv":[11.33333,14,10.66667,13.33333],"texture":"#0"},"down":{"uv":[12,13.33333,11.33333,14],"texture":"#0"}}},{"rotation":{"origin":[14.11521,8.09285,15.5],"angle":-22.5,"axis":"z"},"from":[6.11521,0.09285,7.5],"to":[7.11521,2.59285,8.5],"faces":{"east":{"uv":[3.33333,11.66667,4,13.33333],"texture":"#0"},"south":{"uv":[4,11.66667,4.66667,13.33333],"texture":"#0"},"north":{"uv":[2.66667,11.66667,3.33333,13.33333],"texture":"#0"},"west":{"uv":[7.33333,11.66667,8,13.33333],"texture":"#0"},"up":{"uv":[2,14,1.33333,13.33333],"texture":"#0"},"down":{"uv":[2.66667,13.33333,2,14],"texture":"#0"}}},{"rotation":{"origin":[14.75,6.38164,14.58135],"angle":0,"axis":"y"},"from":[6.76,-1.60836,6.59135],"to":[7.74,0.87164,7.57135],"faces":{"east":{"uv":[12,12.33333,12.66667,14],"texture":"#0"},"south":{"uv":[12,0.33333,12.66667,2],"texture":"#0"},"north":{"uv":[5.33333,12.33333,6,14],"texture":"#0"},"west":{"uv":[12,2.33333,12.66667,4],"texture":"#0"},"up":{"uv":[8.66667,14,8,13.33333],"texture":"#0"},"down":{"uv":[9.33333,13.33333,8.66667,14],"texture":"#0"}}},{"rotation":{"origin":[14.75,5.90164,13.58135],"angle":0,"axis":"y"},"from":[6.75,-2.09836,5.58135],"to":[7.75,-1.59836,7.58135],"faces":{"east":{"uv":[7.33333,3.66667,8.66667,4],"texture":"#0"},"south":{"uv":[13.33333,13,14,13.33333],"texture":"#0"},"north":{"uv":[13.33333,12.33333,14,12.66667],"texture":"#0"},"west":{"uv":[10.66667,0.33333,12,0.66667],"texture":"#0"},"up":{"uv":[12,6.66667,11.33333,5.33333],"texture":"#0"},"down":{"uv":[12,10,11.33333,11.33333],"texture":"#0"}}},{"rotation":{"origin":[14.61906,8.42927,14.5],"angle":22.5,"axis":"z"},"from":[6.61906,0.42927,6.5],"to":[7.61906,0.92927,8.5],"faces":{"east":{"uv":[10.66667,1,12,1.33333],"texture":"#0"},"south":{"uv":[0.66667,14.33333,1.33333,14.66667],"texture":"#0"},"north":{"uv":[0,14.33333,0.66667,14.66667],"texture":"#0"},"west":{"uv":[12.66667,4.33333,14,4.66667],"texture":"#0"},"up":{"uv":[13.33333,6,12.66667,4.66667],"texture":"#0"},"down":{"uv":[13.33333,6,12.66667,7.33333],"texture":"#0"}}},{"rotation":{"origin":[14,18,14],"angle":0,"axis":"y"},"from":[6,10,6],"to":[10,11,10],"faces":{"east":{"uv":[10,8,12.66667,8.66667],"texture":"#0"},"south":{"uv":[10,8.66667,12.66667,9.33333],"texture":"#0"},"north":{"uv":[9.33333,2.66667,12,3.33333],"texture":"#0"},"west":{"uv":[10,9.33333,12.66667,10],"texture":"#0"},"up":{"uv":[4.66667,10,2,7.33333],"texture":"#0"},"down":{"uv":[10,7.33333,7.33333,10],"texture":"#0"}}}],"display":{"firstperson_righthand":{"rotation":[15,120,0],"translation":[0.5,5.25,1]},"thirdperson_lefthand":{"rotation":[50,25,0],"translation":[0,2,2]},"firstperson_lefthand":{"rotation":[15,120,0],"translation":[0.5,5.25,1]},"thirdperson_righthand":{"rotation":[50,25,0],"translation":[0,2,2]},"ground":{"rotation":[70,0,0],"translation":[0,-1.25,0],"scale":[0.7,0.7,0.7]},"gui":{"rotation":[30,225,0],"translation":[0,1.5,0],"scale":[0.8,0.8,0.8]}}}