{"textures":{"0":"mineclub/handheld/paintbrush","particle":"mineclub/handheld/paintbrush"},"texture_size":[32,32],"elements":[{"rotation":{"origin":[14.5,8,15],"angle":0,"axis":"y"},"from":[6.5,0,7],"to":[9.5,1,9],"faces":{"east":{"uv":[7.5,5,8.5,5.5],"texture":"#0"},"south":{"uv":[8,3.5,9.5,4],"texture":"#0"},"north":{"uv":[7,6.5,8.5,7],"texture":"#0"},"west":{"uv":[7.5,5.5,8.5,6],"texture":"#0"},"up":{"uv":[9.5,3.5,8,2.5],"texture":"#0"},"down":{"uv":[5,9.5,3.5,10.5],"texture":"#0"}}},{"rotation":{"origin":[14.5,9,15],"angle":0,"axis":"y"},"from":[6.5,1,7],"to":[7.5,2,9],"faces":{"east":{"uv":[7.5,6,8.5,6.5],"texture":"#0"},"south":{"uv":[9.5,7.5,10,8],"texture":"#0"},"north":{"uv":[3.5,9,4,9.5],"texture":"#0"},"west":{"uv":[8.5,8,9.5,8.5],"texture":"#0"},"up":{"uv":[7,10.5,6.5,9.5],"texture":"#0"},"down":{"uv":[10,2.5,9.5,3.5],"texture":"#0"}}},{"rotation":{"origin":[16.5,9,15],"angle":0,"axis":"y"},"from":[8.5,1,7],"to":[9.5,2,9],"faces":{"east":{"uv":[9.5,3.5,10.5,4],"texture":"#0"},"south":{"uv":[9.5,8.5,10,9],"texture":"#0"},"north":{"uv":[9.5,8,10,8.5],"texture":"#0"},"west":{"uv":[9.5,5,10.5,5.5],"texture":"#0"},"up":{"uv":[10,6.5,9.5,5.5],"texture":"#0"},"down":{"uv":[10,6.5,9.5,7.5],"texture":"#0"}}},{"rotation":{"origin":[14.5,10,15],"angle":0,"axis":"y"},"from":[6.5,2,7],"to":[9.5,8,9],"faces":{"east":{"uv":[8.5,8.5,9.5,11.5],"texture":"#0"},"south":{"uv":[5.5,6.5,7,9.5],"texture":"#0"},"north":{"uv":[4,6.5,5.5,9.5],"texture":"#0"},"west":{"uv":[8.5,5,9.5,8],"texture":"#0"},"up":{"uv":[6.5,10.5,5,9.5],"texture":"#0"},"down":{"uv":[11,9.5,9.5,10.5],"texture":"#0"}}},{"rotation":{"origin":[12.5,16,15],"angle":0,"axis":"y"},"from":[4.5,8,7],"to":[11.5,13,9],"faces":{"east":{"uv":[1.5,9,2.5,11.5],"texture":"#0"},"south":{"uv":[4,0,7.5,2.5],"texture":"#0"},"north":{"uv":[4,4,7.5,6.5],"texture":"#0"},"west":{"uv":[2.5,9,3.5,11.5],"texture":"#0"},"up":{"uv":[11,2.5,7.5,1.5],"texture":"#0"},"down":{"uv":[11,4,7.5,5],"texture":"#0"}}},{"rotation":{"origin":[12,21,14.5],"angle":0,"axis":"y"},"from":[4,13,6.5],"to":[12,19,9.5],"faces":{"east":{"uv":[7,7,8.5,10],"texture":"#0"},"south":{"uv":[0,3,4,6],"texture":"#0"},"north":{"uv":[0,0,4,3],"texture":"#0"},"west":{"uv":[0,7.5,1.5,10.5],"texture":"#0"},"up":{"uv":[8,4,4,2.5],"texture":"#0"},"down":{"uv":[4,6,0,7.5],"texture":"#0"}}},{"rotation":{"origin":[15,18,14.5],"angle":0,"axis":"y"},"from":[7,10,6.5],"to":[12,13,6.5],"faces":{"east":{"uv":[0,0,0,1.5],"texture":"#0"},"south":{"uv":[7.5,0,10,1.5],"texture":"#0"},"north":{"uv":[1.5,7.5,4,9],"texture":"#0"},"west":{"uv":[0,0,0,1.5],"texture":"#0"},"up":{"uv":[2.5,0,0,0],"texture":"#0"},"down":{"uv":[2.5,0,0,0],"texture":"#0"}}},{"rotation":{"origin":[20,19,14.5],"angle":0,"axis":"y"},"from":[12,11,6.5],"to":[12,13,7.5],"faces":{"east":{"uv":[10,0,10.5,1],"texture":"#0"},"south":{"uv":[0,0,0,1],"texture":"#missing"},"north":{"uv":[0,0,0,1],"texture":"#missing"},"west":{"uv":[10.5,0,11,1],"texture":"#0"},"up":{"uv":[0,0,0,0.5],"texture":"#missing"},"down":{"uv":[0,0,0,0.5],"texture":"#missing"}}}],"display":{"firstperson_righthand":{"rotation":[4,-65,25],"translation":[14,-1.5,-13]},"thirdperson_lefthand":{"rotation":[0,74,0],"translation":[0,1,0.75],"scale":[0.7,0.7,0.7]},"firstperson_lefthand":{"rotation":[4,-65,25],"translation":[14,-1.5,-13]},"thirdperson_righthand":{"rotation":[0,74,0],"translation":[0,1.25,0.75],"scale":[0.7,0.7,0.7]},"ground":{"rotation":[70,30,5],"translation":[0,1,0]},"gui":{"rotation":[-10,175,35],"translation":[-1.25,-1.25,0],"scale":[0.7,0.7,0.7]}}}