{"textures":{"0":"mineclub/handheld/pandaplush","particle":"mineclub/handheld/pandaplush"},"texture_size":[24,24],"elements":[{"rotation":{"origin":[14,17,14.5],"angle":0,"axis":"y"},"from":[6,9,6.5],"to":[10,12,9.5],"faces":{"east":{"uv":[5.33333,5.33333,7.33333,7.33333],"texture":"#0"},"south":{"uv":[0,2,2.66667,4],"texture":"#0"},"north":{"uv":[0,0,2.66667,2],"texture":"#0"},"west":{"uv":[5.33333,0,7.33333,2],"texture":"#0"},"up":{"uv":[5.33333,4.66667,2.66667,2.66667],"texture":"#0"},"down":{"uv":[5.33333,0,2.66667,2],"texture":"#0"}}},{"rotation":{"origin":[15.5,17.5,14.25],"angle":0,"axis":"y"},"from":[7.5,9.5,6.25],"to":[8.5,10,6.5],"faces":{"east":{"uv":[6.66667,5,7,5.33333],"texture":"#0"},"south":{"uv":[7.33333,1.66667,8,2],"texture":"#0"},"north":{"uv":[4.66667,7,5.33333,7.33333],"texture":"#0"},"west":{"uv":[4,8.33333,4.33333,8.66667],"texture":"#0"},"up":{"uv":[10,7,9.33333,6.66667],"texture":"#0"},"down":{"uv":[10,8.66667,9.33333,9],"texture":"#0"}}},{"rotation":{"origin":[13,19,15.5],"angle":0,"axis":"y"},"from":[5,11,7.5],"to":[7,13,8],"faces":{"east":{"uv":[4,10.66667,4.33333,12],"texture":"#0"},"south":{"uv":[6.66667,10,8,11.33333],"texture":"#0"},"north":{"uv":[5.33333,10,6.66667,11.33333],"texture":"#0"},"west":{"uv":[4.66667,10.66667,5,12],"texture":"#0"},"up":{"uv":[4,2.33333,2.66667,2],"texture":"#0"},"down":{"uv":[5.33333,2,4,2.33333],"texture":"#0"}}},{"rotation":{"origin":[17,19,15.5],"angle":0,"axis":"y"},"from":[9,11,7.5],"to":[11,13,8],"faces":{"east":{"uv":[9.33333,10.66667,9.66667,12],"texture":"#0"},"south":{"uv":[10,6.66667,11.33333,8],"texture":"#0"},"north":{"uv":[8,10,9.33333,11.33333],"texture":"#0"},"west":{"uv":[10,10.66667,10.33333,12],"texture":"#0"},"up":{"uv":[6.66667,5,5.33333,4.66667],"texture":"#0"},"down":{"uv":[12,10.66667,10.66667,11],"texture":"#0"}}},{"rotation":{"origin":[14,14,15],"angle":0,"axis":"y"},"from":[6,6,7],"to":[10,9,9],"faces":{"east":{"uv":[0,6,1.33333,8],"texture":"#0"},"south":{"uv":[2.66667,4.66667,5.33333,6.66667],"texture":"#0"},"north":{"uv":[0,4,2.66667,6],"texture":"#0"},"west":{"uv":[1.33333,6,2.66667,8],"texture":"#0"},"up":{"uv":[8,3.33333,5.33333,2],"texture":"#0"},"down":{"uv":[8,3.33333,5.33333,4.66667],"texture":"#0"}}},{"rotation":{"origin":[13.5,12.5,14],"angle":0,"axis":"y"},"from":[5.5,4.5,6],"to":[7.5,6.5,8],"faces":{"east":{"uv":[8,8.66667,9.33333,10],"texture":"#0"},"south":{"uv":[8.66667,7.33333,10,8.66667],"texture":"#0"},"north":{"uv":[6.66667,8.66667,8,10],"texture":"#0"},"west":{"uv":[0,9.33333,1.33333,10.66667],"texture":"#0"},"up":{"uv":[2.66667,10.66667,1.33333,9.33333],"texture":"#0"},"down":{"uv":[4,9.33333,2.66667,10.66667],"texture":"#0"}}},{"rotation":{"origin":[16.5,12.5,14],"angle":0,"axis":"y"},"from":[8.5,4.5,6],"to":[10.5,6.5,8],"faces":{"east":{"uv":[9.33333,0,10.66667,1.33333],"texture":"#0"},"south":{"uv":[9.33333,1.33333,10.66667,2.66667],"texture":"#0"},"north":{"uv":[9.33333,9.33333,10.66667,10.66667],"texture":"#0"},"west":{"uv":[9.33333,2.66667,10.66667,4],"texture":"#0"},"up":{"uv":[10.66667,5.33333,9.33333,4],"texture":"#0"},"down":{"uv":[10.66667,5.33333,9.33333,6.66667],"texture":"#0"}}},{"rotation":{"origin":[8.5939,17.10998,15.25],"angle":22.5,"axis":"z"},"from":[0.5939,9.10998,7.25],"to":[3.0939,10.60998,8.75],"faces":{"east":{"uv":[8,3.66667,9,4.66667],"texture":"#0"},"south":{"uv":[4.66667,7.66667,6.33333,8.66667],"texture":"#0"},"north":{"uv":[2.66667,7,4.33333,8],"texture":"#0"},"west":{"uv":[5.33333,9,6.33333,10],"texture":"#0"},"up":{"uv":[8.33333,8.33333,6.66667,7.33333],"texture":"#0"},"down":{"uv":[9,0,7.33333,1],"texture":"#0"}}},{"rotation":{"origin":[19.87848,11.94375,15.25],"angle":-22.5,"axis":"z"},"from":[11.87848,3.94375,7.25],"to":[14.37848,5.44375,8.75],"faces":{"east":{"uv":[10,8,11,9],"texture":"#0"},"south":{"uv":[7.33333,6,9,7],"texture":"#0"},"north":{"uv":[7.33333,4.66667,9,5.66667],"texture":"#0"},"west":{"uv":[0,10.66667,1,11.66667],"texture":"#0"},"up":{"uv":[1.66667,9,0,8],"texture":"#0"},"down":{"uv":[3.66667,8,2,9],"texture":"#0"}}},{"rotation":{"origin":[19.87848,11.94375,15.25],"angle":-22.5,"axis":"z"},"from":[13.87848,3.44375,6.75],"to":[14.87848,6.44375,7.75],"faces":{"east":{"uv":[2,10.66667,2.66667,12.66667],"texture":"#0"},"south":{"uv":[2.66667,10.66667,3.33333,12.66667],"texture":"#0"},"north":{"uv":[1.33333,10.66667,2,12.66667],"texture":"#0"},"west":{"uv":[3.33333,10.66667,4,12.66667],"texture":"#0"},"up":{"uv":[11.33333,0.66667,10.66667,0],"texture":"#0"},"down":{"uv":[11.33333,0.66667,10.66667,1.33333],"texture":"#0"}}},{"rotation":{"origin":[19.87848,11.94375,15.25],"angle":-22.5,"axis":"z"},"from":[14.87848,4.44375,7.25],"to":[16.87848,7.44375,7.25],"faces":{"east":{"uv":[0,0,0,2],"texture":"#0"},"south":{"uv":[4,8.66667,5.33333,10.66667],"texture":"#0"},"north":{"uv":[8,1.33333,9.33333,3.33333],"texture":"#0"},"west":{"uv":[0,0,0,2],"texture":"#0"},"up":{"uv":[1.33333,0,0,0],"texture":"#0"},"down":{"uv":[1.33333,0,0,0],"texture":"#0"}}}],"display":{"firstperson_righthand":{"rotation":[5,120,5],"translation":[0,4,0]},"thirdperson_lefthand":{"rotation":[70,20,-10],"translation":[0,1.5,0]},"firstperson_lefthand":{"rotation":[5,120,5],"translation":[0,4,0]},"thirdperson_righthand":{"rotation":[70,20,-10],"translation":[0,1.5,0],"scale":[1.1,1.1,1.1]},"ground":{"rotation":[30,45,0]},"gui":{"rotation":[30,-135,0],"translation":[0.25,0,0]}}}