{"textures":{"particle":"mineclub/handheld/gfx_pillow"},"elements":[{"rotation":{"origin":[8,11,15],"angle":0,"axis":"y"},"from":[1,5,5],"to":[15,17,11],"faces":{"east":{"uv":[12.75,2,14.25,5],"texture":"#particle"},"south":{"uv":[9.25,2,12.75,5],"texture":"#particle"},"north":{"uv":[9.25,2,12.75,5],"texture":"#particle"},"west":{"uv":[12.75,2,14.25,5],"texture":"#particle"},"up":{"uv":[12.75,2,9.25,0.5],"texture":"#particle"},"down":{"uv":[12.75,2,9.25,0.5],"texture":"#particle"}}},{"rotation":{"origin":[8,11,15],"angle":0,"axis":"y"},"from":[-3,3,6],"to":[19,19,10],"faces":{"east":{"uv":[13.75,7.75,14.75,11.75],"texture":"#particle"},"south":{"uv":[8.25,7.75,13.75,11.75],"texture":"#particle"},"north":{"uv":[8.25,7.75,13.75,11.75],"texture":"#particle"},"west":{"uv":[13.75,7.75,14.75,11.75],"texture":"#particle"},"up":{"uv":[13.75,7.75,8.25,6.75],"texture":"#particle"},"down":{"uv":[13.75,7.75,8.25,6.75],"texture":"#particle"}}},{"rotation":{"origin":[8,11,15],"angle":0,"axis":"y"},"from":[-5,2,7],"to":[21,20,9],"faces":{"east":{"uv":[7,7.25,7.5,11.75],"texture":"#particle"},"south":{"uv":[0.5,7.25,7,11.75],"texture":"#particle"},"north":{"uv":[0.5,7.25,7,11.75],"texture":"#particle"},"west":{"uv":[7,7.25,7.5,11.75],"texture":"#particle"},"up":{"uv":[7,7.25,0.5,6.75],"texture":"#particle"},"down":{"uv":[7,7.25,0.5,6.75],"texture":"#particle"}}},{"rotation":{"origin":[7,11,15],"angle":0,"axis":"y"},"from":[-8,0,8],"to":[24,22,8],"faces":{"south":{"uv":[0.5,0.5,8.5,6],"texture":"#particle"},"north":{"uv":[0.5,0.5,8.5,6],"texture":"#particle"}}}],"display":{"firstperson_righthand":{"rotation":[8,-45,45],"translation":[2,-1,-1],"scale":[0.4,0.4,0.4]},"thirdperson_lefthand":{"rotation":[100,-55,45],"translation":[3,-4,-5.5],"scale":[0.55,0.55,0.55]},"firstperson_lefthand":{"rotation":[8,-45,45],"translation":[2,-1,-1],"scale":[0.4,0.4,0.4]},"thirdperson_righthand":{"rotation":[100,-55,45],"translation":[3,-4,-5.5],"scale":[0.55,0.55,0.55]},"ground":{"translation":[0,2,0],"scale":[0.5,0.5,0.5]},"gui":{"rotation":[-30,-180,-45],"translation":[0.75,-0.5,0],"scale":[0.4,0.4,0.4]},"fixed":{"rotation":[0,180,0],"translation":[0,-1.5,-1],"scale":[0.5,0.5,0.5]}}}