{"textures":{"particle":"mineclub/handheld/gfx_pirate_hook2"},"elements":[{"rotation":{"origin":[8.00167,5.66667,8],"angle":0,"axis":"y"},"from":[5.50167,0,5.49833],"to":[10.50167,5,10.49833],"faces":{"east":{"uv":[0.66667,4,4,7.33333],"texture":"#particle"},"south":{"uv":[4,4,7.33333,7.33333],"texture":"#particle"},"north":{"uv":[4,4,7.33333,7.33333],"texture":"#particle"},"west":{"uv":[0.66667,4,4,7.33333],"texture":"#particle"},"up":{"uv":[4,4,0.66667,0.66667],"texture":"#particle","rotation":90},"down":{"uv":[4,10.66667,0.66667,7.33333],"texture":"#particle","rotation":270}}},{"rotation":{"origin":[8.00167,5.66667,8],"angle":0,"axis":"y"},"from":[6.50167,5,6.49833],"to":[9.50167,6,9.49833],"faces":{"east":{"uv":[0.66667,14,2.66667,14.66667],"texture":"#particle"},"south":{"uv":[2.66667,14,4.66667,14.66667],"texture":"#particle"},"north":{"uv":[2.66667,14,4.66667,14.66667],"texture":"#particle"},"west":{"uv":[0.66667,14,2.66667,14.66667],"texture":"#particle"},"up":{"uv":[2.66667,14,0.66667,12],"texture":"#particle","rotation":90}}},{"rotation":{"origin":[15.5,14,15.5],"angle":0,"axis":"y"},"from":[7.5,6,7.5],"to":[8.5,7,8.5],"faces":{"east":{"uv":[6,12,6.66667,12.66667],"texture":"#particle"},"south":{"uv":[8,12,8.66667,12.66667],"texture":"#particle"},"north":{"uv":[6.66667,12,7.33333,12.66667],"texture":"#particle"},"west":{"uv":[7.33333,12,8,12.66667],"texture":"#particle"}}},{"rotation":{"origin":[17.5,18,15.5],"angle":0,"axis":"y"},"from":[9.5,10,7.5],"to":[10.5,11,8.5],"faces":{"east":{"uv":[6,14,6.66667,14.66667],"texture":"#particle"},"south":{"uv":[8,14,8.66667,14.66667],"texture":"#particle"},"north":{"uv":[6.66667,14,7.33333,14.66667],"texture":"#particle"},"west":{"uv":[7.33333,14,8,14.66667],"texture":"#particle"},"down":{"uv":[7.33333,15.33333,6.66667,14.66667],"texture":"#particle"}}},{"rotation":{"origin":[15.5,15,15.5],"angle":0,"axis":"y"},"from":[5.5,7,7.5],"to":[8.5,8,8.5],"faces":{"east":{"uv":[8.66667,4.66667,9.33333,5.33333],"texture":"#particle"},"south":{"uv":[12,4.66667,14,5.33333],"texture":"#particle"},"north":{"uv":[9.33333,4.66667,11.33333,5.33333],"texture":"#particle"},"west":{"uv":[11.33333,4.66667,12,5.33333],"texture":"#particle"},"up":{"uv":[11.33333,4.66667,9.33333,4],"texture":"#particle"},"down":{"uv":[11.33333,6,9.33333,5.33333],"texture":"#particle"}}},{"rotation":{"origin":[15.5,19,15.5],"angle":0,"axis":"y"},"from":[5.5,11,7.5],"to":[10.5,12,8.5],"faces":{"east":{"uv":[5.33333,1.33333,6,2],"texture":"#particle"},"south":{"uv":[10,1.33333,13.33333,2],"texture":"#particle"},"north":{"uv":[6,1.33333,9.33333,2],"texture":"#particle"},"west":{"uv":[9.33333,1.33333,10,2],"texture":"#particle"},"up":{"uv":[9.33333,1.33333,6,0.66667],"texture":"#particle"},"down":{"uv":[9.33333,2.66667,6,2],"texture":"#particle"}}},{"rotation":{"origin":[15.5,16,15.5],"angle":0,"axis":"y"},"from":[5.5,8,7.5],"to":[6.5,11,8.5],"faces":{"east":{"uv":[6,8.66667,6.66667,10.66667],"texture":"#particle"},"south":{"uv":[8,8.66667,8.66667,10.66667],"texture":"#particle"},"north":{"uv":[6.66667,8.66667,7.33333,10.66667],"texture":"#particle"},"west":{"uv":[7.33333,8.66667,8,10.66667],"texture":"#particle"}}}],"display":{"firstperson_righthand":{"rotation":[-45,98,0],"translation":[1,4,-1.5],"scale":[0.68,0.68,0.68]},"thirdperson_lefthand":{"rotation":[-90,-90,0],"translation":[0,-2,-4]},"firstperson_lefthand":{"rotation":[-45,-82,0],"translation":[1,4,-1.5],"scale":[0.68,0.68,0.68]},"thirdperson_righthand":{"rotation":[-90,90,0],"translation":[0,-2,-4]},"ground":{"translation":[0,5,0]},"gui":{"rotation":[30,-45,0],"translation":[0,2,0]},"fixed":{"translation":[0,2,-1]}}}