{"textures":{"particle":"mineclub/handheld/gfx_pitchfork"},"elements":[{"rotation":{"origin":[15,9,15],"angle":0,"axis":"y"},"from":[7,0,7],"to":[9,16,9],"faces":{"east":{"uv":[4.5,0.5,5.5,8.5],"texture":"#particle"},"south":{"uv":[3.5,0.5,4.5,8.5],"texture":"#particle"},"north":{"uv":[3.5,0.5,4.5,8.5],"texture":"#particle"},"west":{"uv":[4.5,0.5,5.5,8.5],"texture":"#particle"}}},{"rotation":{"origin":[15,-7,15],"angle":0,"axis":"y"},"from":[7,-16,7],"to":[9,0,9],"faces":{"east":{"uv":[1.5,0.5,2.5,8.5],"texture":"#particle"},"south":{"uv":[0.5,0.5,1.5,8.5],"texture":"#particle"},"north":{"uv":[0.5,0.5,1.5,8.5],"texture":"#particle"},"west":{"uv":[1.5,0.5,2.5,8.5],"texture":"#particle"},"down":{"uv":[1.5,9.5,0.5,8.5],"texture":"#particle"}}},{"rotation":{"origin":[15,9,15],"angle":0,"axis":"y"},"from":[7,20,7],"to":[9,25,9],"faces":{"east":{"uv":[7.5,9,8.5,11.5],"texture":"#particle"},"south":{"uv":[6.5,9,7.5,11.5],"texture":"#particle"},"north":{"uv":[6.5,9,7.5,11.5],"texture":"#particle"},"west":{"uv":[7.5,9,8.5,11.5],"texture":"#particle"},"up":{"uv":[7.5,9,6.5,8],"texture":"#particle"}}},{"rotation":{"origin":[15,8,15],"angle":0,"axis":"y"},"from":[7,25,7.5],"to":[9,31,8.5],"faces":{"east":{"uv":[7.5,12.5,8,15.5],"texture":"#particle"},"south":{"uv":[6.5,12.5,7.5,15.5],"texture":"#particle"},"north":{"uv":[6.5,12.5,7.5,15.5],"texture":"#particle"},"west":{"uv":[7.5,12.5,8,15.5],"texture":"#particle"}}},{"rotation":{"origin":[7,18,8.5],"angle":-22.5,"axis":"z"},"from":[1,18,7],"to":[7,20,9],"faces":{"south":{"uv":[9.5,1.5,6.5,2.5],"texture":"#particle"},"north":{"uv":[6.5,1.5,9.5,2.5],"texture":"#particle"},"west":{"uv":[9.5,1.5,10.5,2.5],"texture":"#particle"},"up":{"uv":[9.5,1.5,6.5,0.5],"texture":"#particle"},"down":{"uv":[9.5,3.5,6.5,2.5],"texture":"#particle"}}},{"rotation":{"origin":[9,18,8.5],"angle":22.5,"axis":"z"},"from":[9,18,7],"to":[15,20,9],"faces":{"east":{"uv":[10.5,1.5,9.5,2.5],"texture":"#particle"},"south":{"uv":[6.5,1.5,9.5,2.5],"texture":"#particle"},"north":{"uv":[9.5,1.5,6.5,2.5],"texture":"#particle"},"up":{"uv":[6.5,1.5,9.5,0.5],"texture":"#particle"},"down":{"uv":[6.5,3.5,9.5,2.5],"texture":"#particle"}}},{"rotation":{"origin":[7.92388,17.61732,8],"angle":-22.5,"axis":"z"},"from":[0.92388,19.61732,7],"to":[2.92388,22.61732,9],"faces":{"east":{"uv":[11.5,1.5,12.5,3],"texture":"#particle"},"south":{"uv":[13.5,1.5,12.5,3],"texture":"#particle"},"north":{"uv":[12.5,1.5,13.5,3],"texture":"#particle"},"west":{"uv":[13.5,1.5,14.5,3],"texture":"#particle"},"up":{"uv":[13.5,1.5,12.5,0.5],"texture":"#particle"}}},{"rotation":{"origin":[8.07612,17.61732,8],"angle":22.5,"axis":"z"},"from":[13.07612,19.61732,7],"to":[15.07612,22.61732,9],"faces":{"east":{"uv":[14.5,1.5,13.5,3],"texture":"#particle"},"south":{"uv":[12.5,1.5,13.5,3],"texture":"#particle"},"north":{"uv":[13.5,1.5,12.5,3],"texture":"#particle"},"west":{"uv":[12.5,1.5,11.5,3],"texture":"#particle"},"up":{"uv":[12.5,1.5,13.5,0.5],"texture":"#particle"}}},{"rotation":{"origin":[10.2179,18.15013,8],"angle":0,"axis":"z"},"from":[3.2179,24.15013,7.5],"to":[5.2179,28.15013,8.5],"faces":{"east":{"uv":[6.5,5,7,7],"texture":"#particle"},"south":{"uv":[8,5,7,7],"texture":"#particle"},"north":{"uv":[7,5,8,7],"texture":"#particle"},"west":{"uv":[8,5,8.5,7],"texture":"#particle"}}},{"rotation":{"origin":[5.7821,18.15013,8],"angle":0,"axis":"z"},"from":[10.7821,24.15013,7.5],"to":[12.7821,28.15013,8.5],"faces":{"east":{"uv":[8.5,5,8,7],"texture":"#particle"},"south":{"uv":[7,5,8,7],"texture":"#particle"},"north":{"uv":[8,5,7,7],"texture":"#particle"},"west":{"uv":[7,5,6.5,7],"texture":"#particle"}}},{"rotation":{"origin":[10.2179,18.15013,8],"angle":0,"axis":"z"},"from":[4.2179,28.15013,7.5],"to":[5.2179,29.15013,8.5],"faces":{"east":{"uv":[9.5,8,10,8.5],"texture":"#particle"},"south":{"uv":[10.5,8,10,8.5],"texture":"#particle"},"north":{"uv":[10,8,10.5,8.5],"texture":"#particle"},"up":{"uv":[10.5,8,10,7.5],"texture":"#particle"}}},{"rotation":{"origin":[5.7821,18.15013,8],"angle":0,"axis":"z"},"from":[10.7821,28.15013,7.5],"to":[11.7821,29.15013,8.5],"faces":{"south":{"uv":[10,8,10.5,8.5],"texture":"#particle"},"north":{"uv":[10.5,8,10,8.5],"texture":"#particle"},"west":{"uv":[10,8,9.5,8.5],"texture":"#particle"},"up":{"uv":[10,8,10.5,7.5],"texture":"#particle"}}},{"rotation":{"origin":[3.86435,28.08947,8],"angle":-45,"axis":"z"},"from":[3.36435,27.08947,7.5],"to":[4.36435,29.08947,8.5],"faces":{"south":{"uv":[10.5,5,10,6],"texture":"#particle"},"north":{"uv":[10,5,10.5,6],"texture":"#particle"},"west":{"uv":[10.5,5,11,6],"texture":"#particle"},"down":{"uv":[10.5,6.5,10,6],"texture":"#particle"}}},{"rotation":{"origin":[12.13565,28.08947,8],"angle":45,"axis":"z"},"from":[11.63565,27.08947,7.5],"to":[12.63565,29.08947,8.5],"faces":{"east":{"uv":[11,5,10.5,6],"texture":"#particle"},"south":{"uv":[10,5,10.5,6],"texture":"#particle"},"north":{"uv":[10.5,5,10,6],"texture":"#particle"},"down":{"uv":[10,6.5,10.5,6],"texture":"#particle"}}},{"rotation":{"origin":[8.35455,30.93934,8],"angle":45,"axis":"z"},"from":[6.85455,29.93934,7.49375],"to":[8.85455,31.93934,8.50625],"faces":{"east":{"uv":[12,5,12.5,6],"texture":"#particle"},"south":{"uv":[12.5,5,13.5,6],"texture":"#particle","rotation":90},"north":{"uv":[12.5,5,13.5,6],"texture":"#particle"},"west":{"uv":[13.5,5,14,6],"texture":"#particle"},"up":{"uv":[13.5,5,12.5,4.5],"texture":"#particle"},"down":{"uv":[13.5,6.5,12.5,6],"texture":"#particle"}}},{"rotation":{"origin":[15.5,11,15.5],"angle":0,"axis":"y"},"from":[6.5,16,6.5],"to":[9.5,20,9.5],"faces":{"east":{"uv":[2,12,3.5,14],"texture":"#particle"},"south":{"uv":[0.5,12,2,14],"texture":"#particle"},"north":{"uv":[0.5,12,2,14],"texture":"#particle"},"west":{"uv":[2,12,3.5,14],"texture":"#particle"},"up":{"uv":[2,12,0.5,10.5],"texture":"#particle"},"down":{"uv":[2,15.5,0.5,14],"texture":"#particle"}}}],"display":{"firstperson_righthand":{"rotation":[8,-67.5,0],"translation":[1,5,0.5],"scale":[0.4,0.4,0.4]},"thirdperson_lefthand":{"rotation":[0,90,0],"translation":[0,0,1],"scale":[0.55,0.55,0.55]},"firstperson_lefthand":{"rotation":[8,-67.5,0],"translation":[1,5,0.5],"scale":[0.4,0.4,0.4]},"thirdperson_righthand":{"rotation":[0,90,0],"translation":[0,0,1],"scale":[0.55,0.55,0.55]},"ground":{"translation":[0,8,0],"scale":[0.5,0.5,0.5]},"gui":{"rotation":[0,0,-45],"scale":[0.4,0.4,0.4]},"fixed":{"rotation":[0,-180,-45],"translation":[0,0,-1],"scale":[0.5,0.5,0.5]}}}