{"textures":{"particle":"mineclub/handheld/gfx_plushie_alien"},"elements":[{"rotation":{"origin":[14.5,15,13.5],"angle":0,"axis":"y"},"from":[2.5,14,4.5],"to":[13.5,16,13.5],"faces":{"east":{"uv":[0.33333,12,3.33333,12.66667],"texture":"#particle"},"south":{"uv":[10.33333,3.33333,14,4],"texture":"#particle"},"north":{"uv":[10.33333,3.33333,14,4],"texture":"#particle"},"west":{"uv":[0.33333,12,3.33333,12.66667],"texture":"#particle"},"up":{"uv":[14,3.33333,10.33333,0.33333],"texture":"#particle"},"down":{"uv":[14,7,10.33333,4],"texture":"#particle"}}},{"rotation":{"origin":[14,14,14],"angle":0,"axis":"y"},"from":[3,6,5],"to":[13,23,13],"faces":{"east":{"uv":[6.33333,3,3.66667,8.66667],"texture":"#particle"},"south":{"uv":[6.33333,3,9.66667,8.66667],"texture":"#particle"},"north":{"uv":[0.33333,3,3.66667,8.66667],"texture":"#particle"},"west":{"uv":[3.66667,3,6.33333,8.66667],"texture":"#particle"},"up":{"uv":[3.66667,3,0.33333,0.33333],"texture":"#particle"},"down":{"uv":[3.66667,11.33333,0.33333,8.66667],"texture":"#particle"}}},{"rotation":{"origin":[3,14,9],"angle":-22.5,"axis":"z"},"from":[0,7,7],"to":[4,14,11],"faces":{"east":{"uv":[0.33333,13.33333,1.66667,15.66667],"texture":"#particle"},"south":{"uv":[4.33333,13.33333,5.66667,15.66667],"texture":"#particle"},"north":{"uv":[1.66667,13.33333,3,15.66667],"texture":"#particle"},"west":{"uv":[3,13.33333,4.33333,15.66667],"texture":"#particle"},"up":{"uv":[5.66667,10.66667,4.33333,9.33333],"texture":"#particle"},"down":{"uv":[5.66667,12.66667,4.33333,11.33333],"texture":"#particle"}}},{"rotation":{"origin":[13,12,9],"angle":22.5,"axis":"z"},"from":[13,11,7],"to":[20,15,11],"faces":{"east":{"uv":[4.33333,12.66667,5.66667,11.33333],"texture":"#particle","rotation":270},"south":{"uv":[5.66667,13.33333,4.33333,15.66667],"texture":"#particle","rotation":270},"north":{"uv":[3,13.33333,1.66667,15.66667],"texture":"#particle","rotation":90},"west":{"uv":[4.33333,10.66667,5.66667,9.33333],"texture":"#particle","rotation":270},"up":{"uv":[4.33333,13.33333,3,15.66667],"texture":"#particle","rotation":270},"down":{"uv":[1.66667,13.33333,0.33333,15.66667],"texture":"#particle","rotation":270}}},{"rotation":{"origin":[7,6,9],"angle":-22.5,"axis":"z"},"from":[3,2,7],"to":[7,6,11],"faces":{"east":{"uv":[4.33333,0.33333,5.66667,1.66667],"texture":"#particle"},"south":{"uv":[8.33333,0.33333,9.66667,1.66667],"texture":"#particle"},"north":{"uv":[5.66667,0.33333,7,1.66667],"texture":"#particle"},"west":{"uv":[7,0.33333,8.33333,1.66667],"texture":"#particle"}}},{"rotation":{"origin":[9,6,9],"angle":22.5,"axis":"z"},"from":[9,2,7],"to":[13,6,11],"faces":{"east":{"uv":[8.33333,0.33333,7,1.66667],"texture":"#particle"},"south":{"uv":[9.66667,0.33333,8.33333,1.66667],"texture":"#particle"},"north":{"uv":[7,0.33333,5.66667,1.66667],"texture":"#particle"},"west":{"uv":[5.66667,0.33333,4.33333,1.66667],"texture":"#particle"}}},{"rotation":{"origin":[7,6,9],"angle":-22.5,"axis":"z"},"from":[3,0,6],"to":[7,2,11],"faces":{"east":{"uv":[6.33333,15,8,15.66667],"texture":"#particle"},"south":{"uv":[11,15,12.33333,15.66667],"texture":"#particle"},"north":{"uv":[8,15,9.33333,15.66667],"texture":"#particle"},"west":{"uv":[9.33333,15,11,15.66667],"texture":"#particle"},"up":{"uv":[7.66667,11,6.33333,9.33333],"texture":"#particle"},"down":{"uv":[9.66667,11,8.33333,9.33333],"texture":"#particle"}}},{"rotation":{"origin":[9,6,9],"angle":22.5,"axis":"z"},"from":[9,0,6],"to":[13,2,11],"faces":{"east":{"uv":[11,15,9.33333,15.66667],"texture":"#particle"},"south":{"uv":[12.33333,15,11,15.66667],"texture":"#particle"},"north":{"uv":[9.33333,15,8,15.66667],"texture":"#particle"},"west":{"uv":[8,15,6.33333,15.66667],"texture":"#particle"},"up":{"uv":[6.33333,11,7.66667,9.33333],"texture":"#particle"},"down":{"uv":[8.33333,11,9.66667,9.33333],"texture":"#particle"}}},{"rotation":{"origin":[11,24,14],"angle":0,"axis":"y"},"from":[1,20,8],"to":[3,24,10],"faces":{"east":{"uv":[6.33333,12.33333,7,13.66667],"texture":"#particle"},"south":{"uv":[8.33333,12.33333,9,13.66667],"texture":"#particle"},"north":{"uv":[7,12.33333,7.66667,13.66667],"texture":"#particle"},"west":{"uv":[7.66667,12.33333,8.33333,13.66667],"texture":"#particle"},"up":{"uv":[7.66667,12.33333,7,11.66667],"texture":"#particle"},"down":{"uv":[7.66667,14.33333,7,13.66667],"texture":"#particle"}}},{"rotation":{"origin":[5,24,14],"angle":0,"axis":"y"},"from":[13,20,8],"to":[15,24,10],"faces":{"east":{"uv":[8.33333,12.33333,7.66667,13.66667],"texture":"#particle"},"south":{"uv":[9,12.33333,8.33333,13.66667],"texture":"#particle"},"north":{"uv":[7.66667,12.33333,7,13.66667],"texture":"#particle"},"west":{"uv":[7,12.33333,6.33333,13.66667],"texture":"#particle"},"up":{"uv":[7,12.33333,7.66667,11.66667],"texture":"#particle"},"down":{"uv":[7,14.33333,7.66667,13.66667],"texture":"#particle"}}},{"rotation":{"origin":[14,31,14],"angle":0,"axis":"y"},"from":[7,23,8],"to":[9,25,10],"faces":{"east":{"uv":[13.66667,8.66667,14.33333,9.33333],"texture":"#particle"},"south":{"uv":[13,8.66667,13.66667,9.33333],"texture":"#particle"},"north":{"uv":[13,8.66667,13.66667,9.33333],"texture":"#particle"},"west":{"uv":[13.66667,8.66667,14.33333,9.33333],"texture":"#particle"}}},{"rotation":{"origin":[13.5,33,13.5],"angle":0,"axis":"y"},"from":[6.5,25,7.5],"to":[9.5,28,10.5],"faces":{"east":{"uv":[11.33333,8.66667,12.33333,9.66667],"texture":"#particle"},"south":{"uv":[10.33333,8.66667,11.33333,9.66667],"texture":"#particle"},"north":{"uv":[10.33333,8.66667,11.33333,9.66667],"texture":"#particle"},"west":{"uv":[11.33333,8.66667,12.33333,9.66667],"texture":"#particle"},"up":{"uv":[11.33333,8.66667,10.33333,7.66667],"texture":"#particle"},"down":{"uv":[11.33333,10.66667,10.33333,9.66667],"texture":"#particle"}}},{"rotation":{"origin":[9,23,13],"angle":0,"axis":"y"},"from":[4,19,4],"to":[7,22,5],"faces":{"east":{"uv":[9.66667,12,10,13],"texture":"#particle"},"north":{"uv":[10,12,10.66667,13.33333],"texture":"#particle","rotation":180},"west":{"uv":[10.66667,12,11,13],"texture":"#particle"},"up":{"uv":[10.66667,12,10,11.66667],"texture":"#particle"},"down":{"uv":[10.66667,13.33333,10,13],"texture":"#particle"}}},{"rotation":{"origin":[15,23,13],"angle":0,"axis":"y"},"from":[9,19,4],"to":[12,22,5],"faces":{"east":{"uv":[9.66667,12,10,13],"texture":"#particle"},"north":{"uv":[10,12,10.66667,13.33333],"texture":"#particle","rotation":180},"west":{"uv":[10.66667,12,11,13],"texture":"#particle"},"up":{"uv":[10.66667,12,10,11.66667],"texture":"#particle"},"down":{"uv":[10.66667,13.33333,10,13],"texture":"#particle"}}}],"display":{"firstperson_righthand":{"rotation":[0,45,0],"translation":[1,0,0.5],"scale":[0.4,0.4,0.4]},"thirdperson_lefthand":{"rotation":[67,22.5,0],"translation":[0,1,-4],"scale":[0.55,0.55,0.55]},"firstperson_lefthand":{"rotation":[0,45,0],"translation":[1,0,0.5],"scale":[0.4,0.4,0.4]},"thirdperson_righthand":{"rotation":[67,22.5,0],"translation":[0,1,-4],"scale":[0.55,0.55,0.55]},"ground":{"translation":[0,1,0],"scale":[0.5,0.5,0.5]},"gui":{"rotation":[30,225,0],"translation":[0.5,-2.5,0],"scale":[0.55,0.55,0.55]},"fixed":{"translation":[0,-3,-1],"scale":[0.5,0.5,0.5]}}}