{"textures":{"particle":"mineclub/handheld/gfx_popcorn"},"elements":[{"rotation":{"origin":[15,8,15],"angle":0,"axis":"y"},"from":[2,0,2],"to":[14,12,14],"faces":{"east":{"uv":[0.5,0.5,6.5,6.5],"texture":"#particle"},"south":{"uv":[0.5,0.5,6.5,6.5],"texture":"#particle"},"north":{"uv":[0.5,0.5,6.5,6.5],"texture":"#particle"},"west":{"uv":[0.5,0.5,6.5,6.5],"texture":"#particle"},"down":{"uv":[6.5,12.5,0.5,6.5],"texture":"#particle"}}},{"rotation":{"origin":[7,16,9],"angle":0,"axis":"z"},"from":[6,15,7],"to":[8,17,9],"faces":{"east":{"uv":[0.5,14.5,1.5,15.5],"texture":"#particle"},"south":{"uv":[3.5,14.5,4.5,15.5],"texture":"#particle"},"north":{"uv":[1.5,14.5,2.5,15.5],"texture":"#particle"},"west":{"uv":[2.5,14.5,3.5,15.5],"texture":"#particle"},"up":{"uv":[2.5,14.5,1.5,13.5],"texture":"#particle"},"down":{"uv":[6.5,15.5,5.5,14.5],"texture":"#particle"}}},{"rotation":{"origin":[5,14,12],"angle":0,"axis":"z"},"from":[4,14,10],"to":[6,15,12],"faces":{"east":{"uv":[0.5,14.5,1.5,15],"texture":"#particle"},"south":{"uv":[3.5,14.5,4.5,15],"texture":"#particle"},"north":{"uv":[1.5,14.5,2.5,15],"texture":"#particle"},"west":{"uv":[2.5,14.5,3.5,15],"texture":"#particle"},"up":{"uv":[2.5,14.5,1.5,13.5],"texture":"#particle"}}},{"rotation":{"origin":[10,14,6],"angle":0,"axis":"z"},"from":[9,14,4],"to":[11,15,6],"faces":{"east":{"uv":[0.5,14.5,1.5,15],"texture":"#particle"},"south":{"uv":[3.5,14.5,4.5,15],"texture":"#particle"},"north":{"uv":[1.5,14.5,2.5,15],"texture":"#particle"},"west":{"uv":[2.5,14.5,3.5,15],"texture":"#particle"},"up":{"uv":[2.5,14.5,1.5,13.5],"texture":"#particle"}}},{"rotation":{"origin":[4,15,7],"angle":0,"axis":"z"},"from":[3,14,5],"to":[5,16,7],"faces":{"east":{"uv":[0.5,14.5,1.5,15.5],"texture":"#particle"},"south":{"uv":[3.5,14.5,4.5,15.5],"texture":"#particle"},"north":{"uv":[1.5,14.5,2.5,15.5],"texture":"#particle"},"west":{"uv":[2.5,14.5,3.5,15.5],"texture":"#particle"},"up":{"uv":[2.5,14.5,1.5,13.5],"texture":"#particle"}}},{"rotation":{"origin":[9,15,13],"angle":0,"axis":"z"},"from":[8,14,11],"to":[10,16,13],"faces":{"east":{"uv":[0.5,14.5,1.5,15.5],"texture":"#particle"},"south":{"uv":[3.5,14.5,4.5,15.5],"texture":"#particle"},"north":{"uv":[1.5,14.5,2.5,15.5],"texture":"#particle"},"west":{"uv":[2.5,14.5,3.5,15.5],"texture":"#particle"},"up":{"uv":[2.5,14.5,1.5,13.5],"texture":"#particle"}}},{"rotation":{"origin":[12,15,9],"angle":0,"axis":"z"},"from":[11,14,7],"to":[13,16,9],"faces":{"east":{"uv":[0.5,14.5,1.5,15.5],"texture":"#particle"},"south":{"uv":[3.5,14.5,4.5,15.5],"texture":"#particle"},"north":{"uv":[1.5,14.5,2.5,15.5],"texture":"#particle"},"west":{"uv":[2.5,14.5,3.5,15.5],"texture":"#particle"},"up":{"uv":[2.5,14.5,1.5,13.5],"texture":"#particle"}}},{"rotation":{"origin":[15,9,15],"angle":0,"axis":"y"},"from":[1,12,1],"to":[15,14,15],"faces":{"east":{"uv":[7.5,7.5,14.5,8.5],"texture":"#particle"},"south":{"uv":[7.5,7.5,14.5,8.5],"texture":"#particle"},"north":{"uv":[7.5,7.5,14.5,8.5],"texture":"#particle"},"west":{"uv":[7.5,7.5,14.5,8.5],"texture":"#particle"},"up":{"uv":[14.5,7.5,7.5,0.5],"texture":"#particle"},"down":{"uv":[14.5,15.5,7.5,8.5],"texture":"#particle"}}}],"display":{"firstperson_righthand":{"rotation":[8,45,4],"translation":[1,2.5,0.5],"scale":[0.4,0.4,0.4]},"thirdperson_lefthand":{"rotation":[45,22.5,8],"translation":[-1,2,-2],"scale":[0.55,0.55,0.55]},"firstperson_lefthand":{"rotation":[8,45,4],"translation":[1,2.5,0.5],"scale":[0.4,0.4,0.4]},"thirdperson_righthand":{"rotation":[45,22.5,8],"translation":[-1,2,-2],"scale":[0.55,0.55,0.55]},"ground":{"translation":[0,1,0],"scale":[0.5,0.5,0.5]},"gui":{"rotation":[30,225,0],"scale":[0.625,0.625,0.625]}}}