{"textures":{"0":"mineclub/handheld/rainbowcloud2","particle":"mineclub/handheld/rainbowcloud2"},"texture_size":[24,24],"elements":[{"from":[5,0,6],"to":[11,5,11],"faces":{"east":{"uv":[8,8,11.33333,11.33333],"texture":"#0"},"south":{"uv":[0,3.33333,4,6.66667],"texture":"#0"},"north":{"uv":[0,0,4,3.33333],"texture":"#0"},"west":{"uv":[8,0,11.33333,3.33333],"texture":"#0"},"up":{"uv":[8,7.33333,4,4],"texture":"#0"},"down":{"uv":[8,0,4,3.33333],"texture":"#0"}}},{"from":[5,-5,6],"to":[11,0,6],"faces":{"east":{"uv":[0,0,0,3.33333],"texture":"#0"},"south":{"uv":[4,7.33333,8,10.66667],"texture":"#0"},"north":{"uv":[0,6.66667,4,10],"texture":"#0"},"west":{"uv":[0,0,0,3.33333],"texture":"#0"},"up":{"uv":[4,0,0,0],"texture":"#0"},"down":{"uv":[4,0,0,0],"texture":"#0"}}},{"from":[2,-0.5,6.5],"to":[6,2.5,10.5],"faces":{"east":{"uv":[10.66667,3.33333,13.33333,5.33333],"texture":"#0"},"south":{"uv":[10.66667,5.33333,13.33333,7.33333],"texture":"#0"},"north":{"uv":[8,6,10.66667,8],"texture":"#0"},"west":{"uv":[8,11.33333,10.66667,13.33333],"texture":"#0"},"up":{"uv":[10.66667,6,8,3.33333],"texture":"#0"},"down":{"uv":[2.66667,10,0,12.66667],"texture":"#0"}}},{"from":[4,2.5,7.5],"to":[5,4,9.5],"faces":{"east":{"uv":[11.33333,10,12.66667,11.33333],"texture":"#0"},"south":{"uv":[8,13.33333,8.66667,14.66667],"texture":"#0"},"north":{"uv":[7.33333,13.33333,8,14.66667],"texture":"#0"},"west":{"uv":[12.66667,12.66667,14,14],"texture":"#0"},"up":{"uv":[9.33333,14.66667,8.66667,13.33333],"texture":"#0"},"down":{"uv":[10,13.33333,9.33333,14.66667],"texture":"#0"}}},{"from":[10,3.5,9.5],"to":[12,5.5,11.5],"faces":{"east":{"uv":[12.66667,11.33333,14,12.66667],"texture":"#0"},"south":{"uv":[2,13.33333,3.33333,14.66667],"texture":"#0"},"north":{"uv":[12.66667,10,14,11.33333],"texture":"#0"},"west":{"uv":[3.33333,13.33333,4.66667,14.66667],"texture":"#0"},"up":{"uv":[6,14.66667,4.66667,13.33333],"texture":"#0"},"down":{"uv":[7.33333,13.33333,6,14.66667],"texture":"#0"}}},{"from":[10.5,0.5,6.5],"to":[13.5,4.5,10.5],"faces":{"east":{"uv":[2.66667,10.66667,5.33333,13.33333],"texture":"#0"},"south":{"uv":[11.33333,0,13.33333,2.66667],"texture":"#0"},"north":{"uv":[10.66667,11.33333,12.66667,14],"texture":"#0"},"west":{"uv":[5.33333,10.66667,8,13.33333],"texture":"#0"},"up":{"uv":[13.33333,10,11.33333,7.33333],"texture":"#0"},"down":{"uv":[2,12.66667,0,15.33333],"texture":"#0"}}}],"display":{"firstperson_righthand":{"rotation":[8,125,8],"translation":[-0.75,9.75,1.5]},"thirdperson_lefthand":{"rotation":[91.75,0,0],"translation":[0,2.25,4.5],"scale":[0.8,0.8,0.8]},"firstperson_lefthand":{"rotation":[8,125,8],"translation":[-0.75,9.75,1.5]},"thirdperson_righthand":{"rotation":[91.75,0,0],"translation":[0,2.25,4.5]},"ground":{"translation":[0,8.75,0]},"gui":{"rotation":[30,225,0],"translation":[0,4.5,0],"scale":[0.8,0.8,0.8]}}}