{"textures":{"0":"mineclub/handheld/robotz","particle":"mineclub/handheld/robotz"},"texture_size":[32,32],"elements":[{"rotation":{"origin":[14,16,14],"angle":0,"axis":"y"},"from":[6,8,6],"to":[10,12,10],"faces":{"east":{"uv":[5,0,7,2],"texture":"#0"},"south":{"uv":[5,2,7,4],"texture":"#0"},"north":{"uv":[5,5,7,7],"texture":"#0"},"west":{"uv":[2.5,6.5,4.5,8.5],"texture":"#0"},"up":{"uv":[2,9,0,7],"texture":"#0"},"down":{"uv":[6.5,7,4.5,9],"texture":"#0"}}},{"rotation":{"origin":[14.5,20,14.5],"angle":0,"axis":"y"},"from":[6.5,12,6.5],"to":[9.5,12.5,9.5],"faces":{"east":{"uv":[10.5,4.25,12,4.5],"texture":"#0"},"south":{"uv":[10.5,4.75,12,5],"texture":"#0"},"north":{"uv":[10.5,2.25,12,2.5],"texture":"#0"},"west":{"uv":[10.5,5.25,12,5.5],"texture":"#0"},"up":{"uv":[8,8.5,6.5,7],"texture":"#0"},"down":{"uv":[8.5,0,7,1.5],"texture":"#0"}}},{"rotation":{"origin":[15,20.5,15],"angle":0,"axis":"y"},"from":[7,12.5,7],"to":[9,13.5,9],"faces":{"east":{"uv":[11.5,0,12.5,0.5],"texture":"#0"},"south":{"uv":[11.5,0.5,12.5,1],"texture":"#0"},"north":{"uv":[11.5,11.5,12.5,12],"texture":"#0"},"west":{"uv":[11.5,1,12.5,1.5],"texture":"#0"},"up":{"uv":[1,11.5,0,10.5],"texture":"#0"},"down":{"uv":[2,10.5,1,11.5],"texture":"#0"}}},{"rotation":{"origin":[6,9.75,8],"angle":22.5,"axis":"x"},"from":[5.5,9,7.25],"to":[6,10.5,8.75],"faces":{"east":{"uv":[8.5,10.25,9.25,11],"texture":"#0"},"south":{"uv":[4.5,11.75,4.75,12.5],"texture":"#0"},"north":{"uv":[4,11.75,4.25,12.5],"texture":"#0"},"west":{"uv":[9.5,10.25,10.25,11],"texture":"#0"},"up":{"uv":[5.25,12.5,5,11.75],"texture":"#0"},"down":{"uv":[5.75,11.75,5.5,12.5],"texture":"#0"}}},{"rotation":{"origin":[6,9.75,8],"angle":22.5,"axis":"x"},"from":[5,9.5,7.75],"to":[5.5,12.5,8.25],"faces":{"east":{"uv":[8,10.5,8.25,12],"texture":"#0"},"south":{"uv":[10.5,9,10.75,10.5],"texture":"#0"},"north":{"uv":[2,7,2.25,8.5],"texture":"#0"},"west":{"uv":[2,11,2.25,12.5],"texture":"#0"},"up":{"uv":[11.75,12.25,11.5,12],"texture":"#0"},"down":{"uv":[12.25,12,12,12.25],"texture":"#0"}}},{"rotation":{"origin":[6,9.75,8],"angle":22.5,"axis":"x"},"from":[4.75,12.5,7.5],"to":[5.75,13.5,8.5],"faces":{"east":{"uv":[12,4,12.5,4.5],"texture":"#0"},"south":{"uv":[12,4.5,12.5,5],"texture":"#0"},"north":{"uv":[12,2,12.5,2.5],"texture":"#0"},"west":{"uv":[12,5,12.5,5.5],"texture":"#0"},"up":{"uv":[12.5,6,12,5.5],"texture":"#0"},"down":{"uv":[12.5,6,12,6.5],"texture":"#0"}}},{"rotation":{"origin":[10.5,9.75,8],"angle":22.5,"axis":"x"},"from":[10,9,7.25],"to":[10.5,10.5,8.75],"faces":{"east":{"uv":[10,2.75,10.75,3.5],"texture":"#0"},"south":{"uv":[7.5,11.75,7.75,12.5],"texture":"#0"},"north":{"uv":[7,11.75,7.25,12.5],"texture":"#0"},"west":{"uv":[10,8.25,10.75,9],"texture":"#0"},"up":{"uv":[10.75,12.5,10.5,11.75],"texture":"#0"},"down":{"uv":[11.25,11.75,11,12.5],"texture":"#0"}}},{"rotation":{"origin":[14,17,13.5],"angle":0,"axis":"y"},"from":[6,9,5.5],"to":[7.5,10.5,6],"faces":{"east":{"uv":[10,11,10.25,11.75],"texture":"#0"},"south":{"uv":[2,10,2.75,10.75],"texture":"#0"},"north":{"uv":[9.5,7,10.25,7.75],"texture":"#0"},"west":{"uv":[11,2.5,11.25,3.25],"texture":"#0"},"up":{"uv":[11.25,7.75,10.5,7.5],"texture":"#0"},"down":{"uv":[11.75,8,11,8.25],"texture":"#0"}}},{"rotation":{"origin":[16.5,17,13.5],"angle":0,"axis":"y"},"from":[8.5,9,5.5],"to":[10,10.5,6],"faces":{"east":{"uv":[11,8.5,11.25,9.25],"texture":"#0"},"south":{"uv":[6,10,6.75,10.75],"texture":"#0"},"north":{"uv":[3,10,3.75,10.75],"texture":"#0"},"west":{"uv":[11,9.5,11.25,10.25],"texture":"#0"},"up":{"uv":[0.75,11.75,0,11.5],"texture":"#0"},"down":{"uv":[1.75,11.5,1,11.75],"texture":"#0"}}},{"rotation":{"origin":[14.5,13,13],"angle":0,"axis":"y"},"from":[6.5,5,5],"to":[9.5,6.5,5.5],"faces":{"east":{"uv":[7.5,8.75,7.75,9.5],"texture":"#0"},"south":{"uv":[6.5,4.25,8,5],"texture":"#0"},"north":{"uv":[5,4.25,6.5,5],"texture":"#0"},"west":{"uv":[6,9.25,6.25,10],"texture":"#0"},"up":{"uv":[4,2.25,2.5,2],"texture":"#0"},"down":{"uv":[11.5,3.5,10,3.75],"texture":"#0"}}},{"rotation":{"origin":[13.5,12,13.5],"angle":0,"axis":"y"},"from":[5.5,4,5.5],"to":[10.5,8,10.5],"faces":{"east":{"uv":[2.5,0,5,2],"texture":"#0"},"south":{"uv":[2.5,4.5,5,6.5],"texture":"#0"},"north":{"uv":[2.5,2.5,5,4.5],"texture":"#0"},"west":{"uv":[0,5,2.5,7],"texture":"#0"},"up":{"uv":[2.5,2.5,0,0],"texture":"#0"},"down":{"uv":[2.5,2.5,0,5],"texture":"#0"}}},{"rotation":{"origin":[5.78701,7.05709,8],"angle":22.5,"axis":"z"},"from":[2.78701,6.30709,7.25],"to":[5.78701,7.80709,8.75],"faces":{"east":{"uv":[9.5,0.25,10.25,1],"texture":"#0"},"south":{"uv":[8,4.25,9.5,5],"texture":"#0"},"north":{"uv":[7,3.25,8.5,4],"texture":"#0"},"west":{"uv":[9.5,4.25,10.25,5],"texture":"#0"},"up":{"uv":[9.5,6,8,5.25],"texture":"#0"},"down":{"uv":[9.5,6.25,8,7],"texture":"#0"}}},{"rotation":{"origin":[10.21299,7.05709,8],"angle":-22.5,"axis":"z"},"from":[10.21299,6.30709,7.25],"to":[13.21299,7.80709,8.75],"faces":{"east":{"uv":[10.5,0.25,11.25,1],"texture":"#0"},"south":{"uv":[8.5,3.25,10,4],"texture":"#0"},"north":{"uv":[8,7.25,9.5,8],"texture":"#0"},"west":{"uv":[10.5,1.25,11.25,2],"texture":"#0"},"up":{"uv":[10.5,10,9,9.25],"texture":"#0"},"down":{"uv":[10.5,1.75,9,2.5],"texture":"#0"}}},{"rotation":{"origin":[6.05479,15.55655,14.75],"angle":22.5,"axis":"z"},"from":[-1.94521,6.80655,7.25],"to":[-1.44521,8.80655,8.75],"faces":{"east":{"uv":[9.5,5,10.25,6],"texture":"#0"},"south":{"uv":[3,11,3.25,12],"texture":"#0"},"north":{"uv":[2.5,11,2.75,12],"texture":"#0"},"west":{"uv":[9.5,6,10.25,7],"texture":"#0"},"up":{"uv":[3.75,11.75,3.5,11],"texture":"#0"},"down":{"uv":[6.25,11,6,11.75],"texture":"#0"}}},{"rotation":{"origin":[9.94521,15.55655,14.75],"angle":-22.5,"axis":"z"},"from":[17.44521,6.80655,7.25],"to":[17.94521,8.80655,8.75],"faces":{"east":{"uv":[7,10.5,7.75,11.5],"texture":"#0"},"south":{"uv":[0.5,12,0.75,13],"texture":"#0"},"north":{"uv":[0,12,0.25,13],"texture":"#0"},"west":{"uv":[10.5,10.5,11.25,11.5],"texture":"#0"},"up":{"uv":[1.25,12.75,1,12],"texture":"#0"},"down":{"uv":[1.75,12,1.5,12.75],"texture":"#0"}}},{"rotation":{"origin":[4.8439,15.86677,15.25],"angle":22.5,"axis":"z"},"from":[-3.1561,7.86677,7.25],"to":[-2.1561,8.36677,8.75],"faces":{"east":{"uv":[4,2.25,4.75,2.5],"texture":"#0"},"south":{"uv":[9,12.25,9.5,12.5],"texture":"#0"},"north":{"uv":[8.5,12.25,9,12.5],"texture":"#0"},"west":{"uv":[7,6.75,7.75,7],"texture":"#0"},"up":{"uv":[7,11.75,6.5,11],"texture":"#0"},"down":{"uv":[9,11,8.5,11.75],"texture":"#0"}}},{"rotation":{"origin":[11.1561,15.86677,15.25],"angle":-22.5,"axis":"z"},"from":[18.1561,7.86677,7.25],"to":[19.1561,8.36677,8.75],"faces":{"east":{"uv":[11.5,11.25,12.25,11.5],"texture":"#0"},"south":{"uv":[12,9.25,12.5,9.5],"texture":"#0"},"north":{"uv":[12,8.25,12.5,8.5],"texture":"#0"},"west":{"uv":[2.5,12.25,3.25,12.5],"texture":"#0"},"up":{"uv":[4,12.75,3.5,12],"texture":"#0"},"down":{"uv":[6.5,12,6,12.75],"texture":"#0"}}},{"rotation":{"origin":[5.41793,14.48096,15.25],"angle":22.5,"axis":"z"},"from":[-2.58207,6.48096,7.25],"to":[-1.58207,6.98096,8.75],"faces":{"east":{"uv":[9,2.5,9.75,2.75],"texture":"#0"},"south":{"uv":[10,12.25,10.5,12.5],"texture":"#0"},"north":{"uv":[9.5,12.25,10,12.5],"texture":"#0"},"west":{"uv":[9.5,1,10.25,1.25],"texture":"#0"},"up":{"uv":[9.5,11.75,9,11],"texture":"#0"},"down":{"uv":[10,11,9.5,11.75],"texture":"#0"}}},{"rotation":{"origin":[10.58207,14.48096,15.25],"angle":-22.5,"axis":"z"},"from":[17.58207,6.48096,7.25],"to":[18.58207,6.98096,8.75],"faces":{"east":{"uv":[11.5,7.75,12.25,8],"texture":"#0"},"south":{"uv":[12,7,12.5,7.25],"texture":"#0"},"north":{"uv":[12,6.5,12.5,6.75],"texture":"#0"},"west":{"uv":[11.5,8.75,12.25,9],"texture":"#0"},"up":{"uv":[12,9.75,11.5,9],"texture":"#0"},"down":{"uv":[12,10,11.5,10.75],"texture":"#0"}}},{"rotation":{"origin":[6.32539,16.20983,15.25],"angle":22.5,"axis":"z"},"from":[-1.67461,7.70983,7.75],"to":[-0.67461,8.20983,8.25],"faces":{"east":{"uv":[4,8.75,4.25,9],"texture":"#0"},"south":{"uv":[8.5,9.75,9,10],"texture":"#0"},"north":{"uv":[4.5,6.75,5,7],"texture":"#0"},"west":{"uv":[7,10.25,7.25,10.5],"texture":"#0"},"up":{"uv":[7,12.25,6.5,12],"texture":"#0"},"down":{"uv":[8.5,12,8,12.25],"texture":"#0"}}},{"rotation":{"origin":[9.67461,16.20983,15.25],"angle":-22.5,"axis":"z"},"from":[16.67461,7.70983,7.75],"to":[17.67461,8.20983,8.25],"faces":{"east":{"uv":[12,10,12.25,10.25],"texture":"#0"},"south":{"uv":[12,10.5,12.5,10.75],"texture":"#0"},"north":{"uv":[12,9.5,12.5,9.75],"texture":"#0"},"west":{"uv":[2,12.5,2.25,12.75],"texture":"#0"},"up":{"uv":[3,12.75,2.5,12.5],"texture":"#0"},"down":{"uv":[3.5,12.5,3,12.75],"texture":"#0"}}},{"rotation":{"origin":[14,9,15.25],"angle":0,"axis":"y"},"from":[6,1,7.25],"to":[7.5,4,8.75],"faces":{"east":{"uv":[7,5,7.75,6.5],"texture":"#0"},"south":{"uv":[8,8,8.75,9.5],"texture":"#0"},"north":{"uv":[7,1.5,7.75,3],"texture":"#0"},"west":{"uv":[8,1.5,8.75,3],"texture":"#0"},"up":{"uv":[9.75,8.75,9,8],"texture":"#0"},"down":{"uv":[8.25,9.5,7.5,10.25],"texture":"#0"}}},{"rotation":{"origin":[16.25,8.5,14],"angle":0,"axis":"y"},"from":[8.25,0.5,6],"to":[10.25,1.5,9],"faces":{"east":{"uv":[10.5,5.5,12,6],"texture":"#0"},"south":{"uv":[11.5,2.5,12.5,3],"texture":"#0"},"north":{"uv":[11.5,1.5,12.5,2],"texture":"#0"},"west":{"uv":[10.5,6,12,6.5],"texture":"#0"},"up":{"uv":[1,10.5,0,9],"texture":"#0"},"down":{"uv":[2,9,1,10.5],"texture":"#0"}}},{"rotation":{"origin":[13.75,8.5,14],"angle":0,"axis":"y"},"from":[5.75,0.5,6],"to":[7.75,1.5,9],"faces":{"east":{"uv":[10.5,6.5,12,7],"texture":"#0"},"south":{"uv":[11.5,3.5,12.5,4],"texture":"#0"},"north":{"uv":[11.5,3,12.5,3.5],"texture":"#0"},"west":{"uv":[10.5,7,12,7.5],"texture":"#0"},"up":{"uv":[5,10.5,4,9],"texture":"#0"},"down":{"uv":[6,9,5,10.5],"texture":"#0"}}},{"rotation":{"origin":[2,9,15.25],"angle":0,"axis":"y"},"from":[8.5,1,7.25],"to":[10,4,8.75],"faces":{"east":{"uv":[3,8.5,3.75,10],"texture":"#0"},"south":{"uv":[6.5,8.5,7.25,10],"texture":"#0"},"north":{"uv":[2,8.5,2.75,10],"texture":"#0"},"west":{"uv":[8.5,0,9.25,1.5],"texture":"#0"},"up":{"uv":[4.75,11.25,4,10.5],"texture":"#0"},"down":{"uv":[5.75,10.5,5,11.25],"texture":"#0"}}}],"display":{"firstperson_righthand":{"rotation":[-20,130,0],"translation":[0,5,-4]},"thirdperson_lefthand":{"rotation":[60,20,-20],"translation":[0,2.5,1.5]},"firstperson_lefthand":{"rotation":[-20,130,0],"translation":[0,5,-4]},"thirdperson_righthand":{"rotation":[60,20,-20],"translation":[0,2.5,1.5]},"ground":{"rotation":[60,40,0],"translation":[0,3,0]},"gui":{"rotation":[30,-135,0],"translation":[0,1,0],"scale":[0.8,0.8,0.8]}}}