{"textures":{"particle":"mineclub/handheld/gfx_scepter"},"elements":[{"rotation":{"origin":[15.25,8,15.25],"angle":0,"axis":"y"},"from":[7.25,0,7.25],"to":[8.75,21,8.75],"faces":{"east":{"uv":[0.33333,0.33333,1.33333,14.33333],"texture":"#particle"},"south":{"uv":[0.33333,0.33333,1.33333,14.33333],"texture":"#particle"},"north":{"uv":[0.33333,0.33333,1.33333,14.33333],"texture":"#particle"},"west":{"uv":[0.33333,0.33333,1.33333,14.33333],"texture":"#particle"},"down":{"uv":[1.33333,15.33333,0.33333,14.33333],"texture":"#particle"}}},{"rotation":{"origin":[15.5,8.5,15],"angle":0,"axis":"y"},"from":[6.5,21,6.5],"to":[9.5,21.5,9.5],"faces":{"east":{"uv":[6,0.33333,8,0.66667],"texture":"#particle"},"south":{"uv":[6,0.33333,8,0.66667],"texture":"#particle"},"north":{"uv":[6,0.33333,8,0.66667],"texture":"#particle"},"west":{"uv":[6,0.33333,8,0.66667],"texture":"#particle"},"down":{"uv":[8,2.66667,6,0.66667],"texture":"#particle"}}},{"rotation":{"origin":[15.5,9,15],"angle":0,"axis":"y"},"from":[6,21.5,6],"to":[10,27.5,10],"faces":{"east":{"uv":[2,7,4.66667,11],"texture":"#particle"},"south":{"uv":[2,7,4.66667,11],"texture":"#particle"},"north":{"uv":[2,7,4.66667,11],"texture":"#particle"},"west":{"uv":[2,7,4.66667,11],"texture":"#particle"},"up":{"uv":[4.66667,7,2,4.33333],"texture":"#particle"},"down":{"uv":[4.66667,13.66667,2,11],"texture":"#particle"}}},{"rotation":{"origin":[8,26.25,8],"angle":0,"axis":"y"},"from":[5.5,24.5,7.5],"to":[10.5,28,8.5],"faces":{"east":{"uv":[12,1,12.66667,3.33333],"texture":"#particle"},"south":{"uv":[8.66667,1,12,3.33333],"texture":"#particle"},"north":{"uv":[8.66667,1,12,3.33333],"texture":"#particle"},"west":{"uv":[12,1,12.66667,3.33333],"texture":"#particle"},"up":{"uv":[12,1,8.66667,0.33333],"texture":"#particle"}}},{"rotation":{"origin":[8,26.25,8],"angle":0,"axis":"y"},"from":[7.5,24.5,5.5],"to":[8.5,28,10.5],"faces":{"east":{"uv":[8.66667,1,12,3.33333],"texture":"#particle"},"south":{"uv":[12,1,12.66667,3.33333],"texture":"#particle"},"north":{"uv":[12,1,12.66667,3.33333],"texture":"#particle"},"west":{"uv":[8.66667,1,12,3.33333],"texture":"#particle"},"up":{"uv":[12,1,8.66667,0.33333],"texture":"#particle","rotation":270}}},{"rotation":{"origin":[15.5,10,15],"angle":0,"axis":"z"},"from":[5,22.5,5],"to":[11,24.5,11],"faces":{"east":{"uv":[5.33333,8.33333,9.33333,9.66667],"texture":"#particle"},"south":{"uv":[5.33333,8.33333,9.33333,9.66667],"texture":"#particle"},"north":{"uv":[5.33333,8.33333,9.33333,9.66667],"texture":"#particle"},"west":{"uv":[5.33333,8.33333,9.33333,9.66667],"texture":"#particle"},"up":{"uv":[9.33333,8.33333,5.33333,4.33333],"texture":"#particle"},"down":{"uv":[9.33333,13.66667,5.33333,9.66667],"texture":"#particle"}}},{"rotation":{"origin":[15.5,8,15.5],"angle":0,"axis":"y"},"from":[7,19,7],"to":[9,20,9],"faces":{"east":{"uv":[2,1.66667,3.33333,2.33333],"texture":"#particle"},"south":{"uv":[2,1.66667,3.33333,2.33333],"texture":"#particle"},"north":{"uv":[2,1.66667,3.33333,2.33333],"texture":"#particle"},"west":{"uv":[2,1.66667,3.33333,2.33333],"texture":"#particle"},"up":{"uv":[3.33333,1.66667,2,0.33333],"texture":"#particle"},"down":{"uv":[3.33333,3.66667,2,2.33333],"texture":"#particle"}}},{"rotation":{"origin":[8,28.25,8],"angle":-45,"axis":"y"},"from":[7,27.5,7],"to":[9,29,9],"faces":{"east":{"uv":[11.33333,5.66667,12.66667,6.66667],"texture":"#particle"},"south":{"uv":[10,5.66667,11.33333,6.66667],"texture":"#particle"},"north":{"uv":[10,5.66667,11.33333,6.66667],"texture":"#particle"},"west":{"uv":[11.33333,5.66667,12.66667,6.66667],"texture":"#particle"},"up":{"uv":[11.33333,5.66667,10,4.33333],"texture":"#particle"}}},{"rotation":{"origin":[15.5,6,15.5],"angle":0,"axis":"y"},"from":[7,17,7],"to":[9,18,9],"faces":{"east":{"uv":[4,1.66667,5.33333,2.33333],"texture":"#particle"},"south":{"uv":[4,1.66667,5.33333,2.33333],"texture":"#particle"},"north":{"uv":[4,1.66667,5.33333,2.33333],"texture":"#particle"},"west":{"uv":[4,1.66667,5.33333,2.33333],"texture":"#particle"},"up":{"uv":[5.33333,1.66667,4,0.33333],"texture":"#particle"},"down":{"uv":[5.33333,3.66667,4,2.33333],"texture":"#particle"}}}],"display":{"firstperson_righthand":{"rotation":[8,0,0],"translation":[1.5,0,-1],"scale":[0.7,0.7,0.7]},"thirdperson_lefthand":{"translation":[0,-4,-0.5],"scale":[0.85,0.85,0.85]},"firstperson_lefthand":{"rotation":[8,0,0],"translation":[1.5,0,-1],"scale":[0.7,0.7,0.7]},"thirdperson_righthand":{"translation":[0,-4,-0.5],"scale":[0.85,0.85,0.85]},"ground":{"translation":[0,4.5,0]},"gui":{"rotation":[-45,-180,45],"translation":[-3.25,-2.5,0],"scale":[0.65,0.65,0.56]},"fixed":{"rotation":[0,0,45],"translation":[4.5,-4.5,0],"scale":[0.9,0.9,0.9]}}}