{"textures":{"0":"mineclub/handheld/saxophone","particle":"mineclub/handheld/saxophone"},"texture_size":[32,32],"elements":[{"rotation":{"origin":[9.5,6,8.25],"angle":0,"axis":"y"},"from":[7.5,19,14.25],"to":[8.5,19.5,15.25],"faces":{"east":{"uv":[6.5,10.75,7,11],"texture":"#0"},"south":{"uv":[1.5,12.75,2,13],"texture":"#0"},"north":{"uv":[5.5,9.25,6,9.5],"texture":"#0"},"west":{"uv":[2,12.75,2.5,13],"texture":"#0"},"up":{"uv":[4,13,3.5,12.5],"texture":"#0"},"down":{"uv":[4.5,12.5,4,13],"texture":"#0"}}},{"rotation":{"origin":[9.5,6,8.25],"angle":0,"axis":"y"},"from":[7.5,19,12.25],"to":[8.5,20,14.25],"faces":{"east":{"uv":[5,1.5,6,2],"texture":"#0"},"south":{"uv":[6,12.5,6.5,13],"texture":"#0"},"north":{"uv":[5.5,12.5,6,13],"texture":"#0"},"west":{"uv":[7.5,5,8.5,5.5],"texture":"#0"},"up":{"uv":[7,6.5,6.5,5.5],"texture":"#0"},"down":{"uv":[8.5,7,8,8],"texture":"#0"}}},{"rotation":{"origin":[9.5,6,8.25],"angle":0,"axis":"y"},"from":[7.5,19,7.75],"to":[8.5,20,11.75],"faces":{"east":{"uv":[3,10,5,10.5],"texture":"#0"},"south":{"uv":[8,12.5,8.5,13],"texture":"#0"},"north":{"uv":[7.5,12.5,8,13],"texture":"#0"},"west":{"uv":[10,0,12,0.5],"texture":"#0"},"up":{"uv":[6.5,4.5,6,2.5],"texture":"#0"},"down":{"uv":[4.5,7,4,9],"texture":"#0"}}},{"rotation":{"origin":[9.5,6,8.25],"angle":0,"axis":"y"},"from":[7.75,20.5,6.75],"to":[8.25,21,10.75],"faces":{"east":{"uv":[10,5.75,12,6],"texture":"#0"},"south":{"uv":[9,12.75,9.25,13],"texture":"#0"},"north":{"uv":[8.5,12.75,8.75,13],"texture":"#0"},"west":{"uv":[10,6.25,12,6.5],"texture":"#0"},"up":{"uv":[5.25,12,5,10],"texture":"#0"},"down":{"uv":[0.25,10.5,0,12.5],"texture":"#0"}}},{"rotation":{"origin":[9.5,6,8.25],"angle":0,"axis":"y"},"from":[7.75,16.5,6.75],"to":[8.25,20.5,7.25],"faces":{"east":{"uv":[1,10.5,1.25,12.5],"texture":"#0"},"south":{"uv":[1.5,10.5,1.75,12.5],"texture":"#0"},"north":{"uv":[0.5,10.5,0.75,12.5],"texture":"#0"},"west":{"uv":[2,10.5,2.25,12.5],"texture":"#0"},"up":{"uv":[12.75,1.5,12.5,1.25],"texture":"#0"},"down":{"uv":[12.75,1.75,12.5,2],"texture":"#0"}}},{"rotation":{"origin":[9.5,6,8.25],"angle":0,"axis":"y"},"from":[9.25,15,7.75],"to":[9.75,17,8.25],"faces":{"east":{"uv":[12,2,12.25,3],"texture":"#0"},"south":{"uv":[12,3,12.25,4],"texture":"#0"},"north":{"uv":[12,1,12.25,2],"texture":"#0"},"west":{"uv":[12,4,12.25,5],"texture":"#0"},"up":{"uv":[13.25,12,13,11.75],"texture":"#0"},"down":{"uv":[13.25,12.25,13,12.5],"texture":"#0"}}},{"rotation":{"origin":[9.5,6,8.25],"angle":0,"axis":"y"},"from":[9.25,15,8.25],"to":[9.75,15.5,9.75],"faces":{"east":{"uv":[12,5.25,12.75,5.5],"texture":"#0"},"south":{"uv":[3,13.75,3.25,14],"texture":"#0"},"north":{"uv":[2.5,13.75,2.75,14],"texture":"#0"},"west":{"uv":[12,5.75,12.75,6],"texture":"#0"},"up":{"uv":[12.25,7,12,6.25],"texture":"#0"},"down":{"uv":[12.25,8.25,12,9],"texture":"#0"}}},{"rotation":{"origin":[9.5,6,8.25],"angle":0,"axis":"y"},"from":[8.25,9,6.25],"to":[8.75,12,6.75],"faces":{"east":{"uv":[7.5,11,7.75,12.5],"texture":"#0"},"south":{"uv":[11,0.5,11.25,2],"texture":"#0"},"north":{"uv":[4.5,10.5,4.75,12],"texture":"#0"},"west":{"uv":[11,2,11.25,3.5],"texture":"#0"},"up":{"uv":[13.25,0.75,13,0.5],"texture":"#0"},"down":{"uv":[13.25,1,13,1.25],"texture":"#0"}}},{"rotation":{"origin":[9.5,6,8.25],"angle":0,"axis":"y"},"from":[7.25,10.5,6.25],"to":[7.75,13.5,6.75],"faces":{"east":{"uv":[11,9.5,11.25,11],"texture":"#0"},"south":{"uv":[2.5,11.5,2.75,13],"texture":"#0"},"north":{"uv":[11,6.5,11.25,8],"texture":"#0"},"west":{"uv":[3,11.5,3.25,13],"texture":"#0"},"up":{"uv":[13.25,7.75,13,7.5],"texture":"#0"},"down":{"uv":[13.25,8,13,8.25],"texture":"#0"}}},{"rotation":{"origin":[9.5,6,8.25],"angle":0,"axis":"y"},"from":[7.75,16.5,7.25],"to":[8.25,17,7.75],"faces":{"east":{"uv":[12.5,2.5,12.75,2.75],"texture":"#0"},"south":{"uv":[12.5,3,12.75,3.25],"texture":"#0"},"north":{"uv":[12.5,2,12.75,2.25],"texture":"#0"},"west":{"uv":[12.5,3.5,12.75,3.75],"texture":"#0"},"up":{"uv":[12.75,4.25,12.5,4],"texture":"#0"},"down":{"uv":[12.75,4.5,12.5,4.75],"texture":"#0"}}},{"rotation":{"origin":[9.5,6,8.25],"angle":0,"axis":"y"},"from":[8.75,16.5,7.75],"to":[9.25,17,8.25],"faces":{"east":{"uv":[0,13.5,0.25,13.75],"texture":"#0"},"south":{"uv":[0.5,13.5,0.75,13.75],"texture":"#0"},"north":{"uv":[13,12.5,13.25,12.75],"texture":"#0"},"west":{"uv":[1,13.5,1.25,13.75],"texture":"#0"},"up":{"uv":[1.75,13.75,1.5,13.5],"texture":"#0"},"down":{"uv":[2.25,13.5,2,13.75],"texture":"#0"}}},{"rotation":{"origin":[9.5,6,8.25],"angle":0,"axis":"y"},"from":[7.75,15,9.25],"to":[9.25,15.5,9.75],"faces":{"east":{"uv":[3.5,13.5,3.75,13.75],"texture":"#0"},"south":{"uv":[12,9,12.75,9.25],"texture":"#0"},"north":{"uv":[12,7,12.75,7.25],"texture":"#0"},"west":{"uv":[4,13.5,4.25,13.75],"texture":"#0"},"up":{"uv":[12.75,9.75,12,9.5],"texture":"#0"},"down":{"uv":[12.75,10,12,10.25],"texture":"#0"}}},{"rotation":{"origin":[9.5,6,8.25],"angle":0,"axis":"y"},"from":[7.75,15,9],"to":[8.25,15.5,9.25],"faces":{"east":{"uv":[5,13.5,5.25,13.75],"texture":"#0"},"south":{"uv":[5.5,13.5,5.75,13.75],"texture":"#0"},"north":{"uv":[4.5,13.5,4.75,13.75],"texture":"#0"},"west":{"uv":[6,13.5,6.25,13.75],"texture":"#0"},"up":{"uv":[6.75,13.75,6.5,13.5],"texture":"#0"},"down":{"uv":[7.25,13.5,7,13.75],"texture":"#0"}}},{"rotation":{"origin":[9.5,6,8.25],"angle":0,"axis":"y"},"from":[8.25,9,6.75],"to":[8.75,9.5,7.25],"faces":{"east":{"uv":[11.5,13,11.75,13.25],"texture":"#0"},"south":{"uv":[12,13,12.25,13.25],"texture":"#0"},"north":{"uv":[11,13,11.25,13.25],"texture":"#0"},"west":{"uv":[12.5,13,12.75,13.25],"texture":"#0"},"up":{"uv":[13.25,13.25,13,13],"texture":"#0"},"down":{"uv":[13.25,0,13,0.25],"texture":"#0"}}},{"rotation":{"origin":[9.5,6,8.25],"angle":0,"axis":"y"},"from":[7.25,10.5,6.75],"to":[7.75,11,7.25],"faces":{"east":{"uv":[13,9,13.25,9.25],"texture":"#0"},"south":{"uv":[13,9.5,13.25,9.75],"texture":"#0"},"north":{"uv":[13,8.5,13.25,8.75],"texture":"#0"},"west":{"uv":[13,10,13.25,10.25],"texture":"#0"},"up":{"uv":[13.25,10.75,13,10.5],"texture":"#0"},"down":{"uv":[13.25,11,13,11.25],"texture":"#0"}}},{"rotation":{"origin":[9.5,6,8.25],"angle":0,"axis":"y"},"from":[8.25,11.5,6.75],"to":[8.75,12,7.25],"faces":{"east":{"uv":[13,2,13.25,2.25],"texture":"#0"},"south":{"uv":[13,2.5,13.25,2.75],"texture":"#0"},"north":{"uv":[13,1.5,13.25,1.75],"texture":"#0"},"west":{"uv":[13,3,13.25,3.25],"texture":"#0"},"up":{"uv":[13.25,3.75,13,3.5],"texture":"#0"},"down":{"uv":[13.25,4,13,4.25],"texture":"#0"}}},{"rotation":{"origin":[9.5,6,8.25],"angle":0,"axis":"y"},"from":[7.25,13,6.75],"to":[7.75,13.5,7.25],"faces":{"east":{"uv":[13,5,13.25,5.25],"texture":"#0"},"south":{"uv":[13,5.5,13.25,5.75],"texture":"#0"},"north":{"uv":[13,4.5,13.25,4.75],"texture":"#0"},"west":{"uv":[13,6,13.25,6.25],"texture":"#0"},"up":{"uv":[13.25,6.75,13,6.5],"texture":"#0"},"down":{"uv":[13.25,7,13,7.25],"texture":"#0"}}},{"rotation":{"origin":[9.5,6,8.25],"angle":0,"axis":"y"},"from":[7.75,20,10.25],"to":[8.25,20.5,10.75],"faces":{"east":{"uv":[10,12.5,10.25,12.75],"texture":"#0"},"south":{"uv":[10.5,12.5,10.75,12.75],"texture":"#0"},"north":{"uv":[9.5,12.5,9.75,12.75],"texture":"#0"},"west":{"uv":[12.5,12.5,12.75,12.75],"texture":"#0"},"up":{"uv":[12.75,0.25,12.5,0],"texture":"#0"},"down":{"uv":[12.75,0.5,12.5,0.75],"texture":"#0"}}},{"rotation":{"origin":[9.5,6,8.25],"angle":0,"axis":"y"},"from":[7.25,14,7.5],"to":[8.75,19,9],"faces":{"east":{"uv":[7.5,2.5,8.25,5],"texture":"#0"},"south":{"uv":[0,8,0.75,10.5],"texture":"#0"},"north":{"uv":[7.5,0,8.25,2.5],"texture":"#0"},"west":{"uv":[1,8,1.75,10.5],"texture":"#0"},"up":{"uv":[7.75,10.75,7,10],"texture":"#0"},"down":{"uv":[10.75,0.5,10,1.25],"texture":"#0"}}},{"rotation":{"origin":[9.5,6,8.25],"angle":0,"axis":"y"},"from":[7,8,7.25],"to":[9,14,9.25],"faces":{"east":{"uv":[6.5,2.5,7.5,5.5],"texture":"#0"},"south":{"uv":[3,7,4,10],"texture":"#0"},"north":{"uv":[6,6.5,7,9.5],"texture":"#0"},"west":{"uv":[7,7,8,10],"texture":"#0"},"up":{"uv":[11,2.5,10,1.5],"texture":"#0"},"down":{"uv":[11,2.5,10,3.5],"texture":"#0"}}},{"rotation":{"origin":[9,13,7.75],"angle":22.5,"axis":"y"},"from":[9,12.5,7.75],"to":[9.25,13.5,8.75],"faces":{"east":{"uv":[8,13.5,8.5,14],"texture":"#0"},"south":{"uv":[8.5,13.5,8.75,14],"texture":"#0"},"north":{"uv":[7.5,13.5,7.75,14],"texture":"#0"},"west":{"uv":[9,13.5,9.5,14],"texture":"#0"},"up":{"uv":[9.75,14,9.5,13.5],"texture":"#0"},"down":{"uv":[10.25,13.5,10,14],"texture":"#0"}}},{"rotation":{"origin":[9,13,7.75],"angle":22.5,"axis":"y"},"from":[9,10,7.75],"to":[9.25,11.5,9.25],"faces":{"east":{"uv":[6.5,11,7.25,11.75],"texture":"#0"},"south":{"uv":[0,12.5,0.25,13.25],"texture":"#0"},"north":{"uv":[12,11,12.25,11.75],"texture":"#0"},"west":{"uv":[11,11,11.75,11.75],"texture":"#0"},"up":{"uv":[0.75,13.25,0.5,12.5],"texture":"#0"},"down":{"uv":[1.25,12.5,1,13.25],"texture":"#0"}}},{"rotation":{"origin":[9.5,6,8.25],"angle":0,"axis":"y"},"from":[6.75,0,7],"to":[9.25,8,9.5],"faces":{"east":{"uv":[1.5,1.5,2.75,5.5],"texture":"#0"},"south":{"uv":[3,3,4.25,7],"texture":"#0"},"north":{"uv":[0,0,1.25,4],"texture":"#0"},"west":{"uv":[0,4,1.25,8],"texture":"#0"},"up":{"uv":[2.75,1.25,1.5,0],"texture":"#0"},"down":{"uv":[8.25,5.5,7,6.75],"texture":"#0"}}},{"rotation":{"origin":[9.5,6,8.25],"angle":0,"axis":"y"},"from":[8.25,6,10],"to":[8.75,7,10.5],"faces":{"east":{"uv":[3.5,13,3.75,13.5],"texture":"#0"},"south":{"uv":[4,13,4.25,13.5],"texture":"#0"},"north":{"uv":[3,13,3.25,13.5],"texture":"#0"},"west":{"uv":[4.5,13,4.75,13.5],"texture":"#0"},"up":{"uv":[5.25,13.5,5,13.25],"texture":"#0"},"down":{"uv":[5.75,13.25,5.5,13.5],"texture":"#0"}}},{"rotation":{"origin":[9.5,6,8.25],"angle":0,"axis":"y"},"from":[7,3,10.25],"to":[8,5,11.25],"faces":{"east":{"uv":[11.5,12,12,13],"texture":"#0"},"south":{"uv":[12,12,12.5,13],"texture":"#0"},"north":{"uv":[11,12,11.5,13],"texture":"#0"},"west":{"uv":[12,0,12.5,1],"texture":"#0"},"up":{"uv":[10.5,13.5,10,13],"texture":"#0"},"down":{"uv":[11,13,10.5,13.5],"texture":"#0"}}},{"rotation":{"origin":[9.5,6,8.25],"angle":0,"axis":"y"},"from":[8.25,7,9.5],"to":[8.75,7.5,10.5],"faces":{"east":{"uv":[6.5,13.25,7,13.5],"texture":"#0"},"south":{"uv":[7,13.25,7.25,13.5],"texture":"#0"},"north":{"uv":[6,13.25,6.25,13.5],"texture":"#0"},"west":{"uv":[7.5,13.25,8,13.5],"texture":"#0"},"up":{"uv":[8.25,13.5,8,13],"texture":"#0"},"down":{"uv":[8.75,13,8.5,13.5],"texture":"#0"}}},{"rotation":{"origin":[9.5,6,8.25],"angle":0,"axis":"y"},"from":[7.25,5,9.5],"to":[7.75,5.5,11],"faces":{"east":{"uv":[11.5,7.5,12.25,7.75],"texture":"#0"},"south":{"uv":[9.5,13,9.75,13.25],"texture":"#0"},"north":{"uv":[9,13,9.25,13.25],"texture":"#0"},"west":{"uv":[11.5,10.5,12.25,10.75],"texture":"#0"},"up":{"uv":[6.75,12.75,6.5,12],"texture":"#0"},"down":{"uv":[7.25,12,7,12.75],"texture":"#0"}}},{"rotation":{"origin":[9.5,6,8.25],"angle":0,"axis":"y"},"from":[9.25,6.5,7.75],"to":[9.75,7.5,8.75],"faces":{"east":{"uv":[12.5,6.5,13,7],"texture":"#0"},"south":{"uv":[12.75,7.5,13,8],"texture":"#0"},"north":{"uv":[12.75,6,13,6.5],"texture":"#0"},"west":{"uv":[12.5,8,13,8.5],"texture":"#0"},"up":{"uv":[13,9,12.75,8.5],"texture":"#0"},"down":{"uv":[13,10.5,12.75,11],"texture":"#0"}}},{"rotation":{"origin":[9.5,6,8.25],"angle":-45,"axis":"x"},"from":[9.25,4.5,6.75],"to":[9.75,6,8.25],"faces":{"east":{"uv":[10,10.5,10.75,11.25],"texture":"#0"},"south":{"uv":[11.5,9.5,11.75,10.25],"texture":"#0"},"north":{"uv":[11.5,8.5,11.75,9.25],"texture":"#0"},"west":{"uv":[10.5,8.5,11.25,9.25],"texture":"#0"},"up":{"uv":[4.75,12.75,4.5,12],"texture":"#0"},"down":{"uv":[5.25,12,5,12.75],"texture":"#0"}}},{"rotation":{"origin":[9.5,6,8.25],"angle":-45,"axis":"x"},"from":[9.25,3,5.75],"to":[9.75,4,6.75],"faces":{"east":{"uv":[12.5,11.5,13,12],"texture":"#0"},"south":{"uv":[12.5,12,12.75,12.5],"texture":"#0"},"north":{"uv":[12.5,11,12.75,11.5],"texture":"#0"},"west":{"uv":[1.5,13,2,13.5],"texture":"#0"},"up":{"uv":[2.25,13.5,2,13],"texture":"#0"},"down":{"uv":[2.75,13,2.5,13.5],"texture":"#0"}}},{"rotation":{"origin":[9.5,6,9.25],"angle":0,"axis":"y"},"from":[6.75,0,3],"to":[9.25,5,5.5],"faces":{"east":{"uv":[1.5,5.5,2.75,8],"texture":"#0"},"south":{"uv":[6,0,7.25,2.5],"texture":"#0"},"north":{"uv":[4.5,2,5.75,4.5],"texture":"#0"},"west":{"uv":[4.5,6.5,5.75,9],"texture":"#0"},"up":{"uv":[9.75,3,8.5,1.75],"texture":"#0"},"down":{"uv":[9.75,3.25,8.5,4.5],"texture":"#0"}}},{"rotation":{"origin":[9.5,4.75,4.25],"angle":-45,"axis":"x"},"from":[9.25,4,3.5],"to":[9.75,5.5,5],"faces":{"east":{"uv":[10,6.5,10.75,7.25],"texture":"#0"},"south":{"uv":[6,11.5,6.25,12.25],"texture":"#0"},"north":{"uv":[5.5,11.5,5.75,12.25],"texture":"#0"},"west":{"uv":[2.5,10.5,3.25,11.25],"texture":"#0"},"up":{"uv":[8.25,12.25,8,11.5],"texture":"#0"},"down":{"uv":[8.75,11.5,8.5,12.25],"texture":"#0"}}},{"rotation":{"origin":[9.5,2.25,4.5],"angle":-45,"axis":"x"},"from":[9.25,1.5,3.75],"to":[9.75,3,5.25],"faces":{"east":{"uv":[3.5,10.5,4.25,11.25],"texture":"#0"},"south":{"uv":[9.5,11.5,9.75,12.25],"texture":"#0"},"north":{"uv":[9,11.5,9.25,12.25],"texture":"#0"},"west":{"uv":[5.5,10.5,6.25,11.25],"texture":"#0"},"up":{"uv":[10.25,12.25,10,11.5],"texture":"#0"},"down":{"uv":[10.75,11.5,10.5,12.25],"texture":"#0"}}},{"rotation":{"origin":[9.5,2.25,4.5],"angle":-45,"axis":"x"},"from":[9.25,-0.5,4.5],"to":[9.75,1,6],"faces":{"east":{"uv":[8,10.5,8.75,11.25],"texture":"#0"},"south":{"uv":[11.5,1.5,11.75,2.25],"texture":"#0"},"north":{"uv":[11.5,0.5,11.75,1.25],"texture":"#0"},"west":{"uv":[9,10.5,9.75,11.25],"texture":"#0"},"up":{"uv":[11.75,3.25,11.5,2.5],"texture":"#0"},"down":{"uv":[11.75,6.5,11.5,7.25],"texture":"#0"}}},{"rotation":{"origin":[9.5,7.35894,8.58186],"angle":-22.5,"axis":"x"},"from":[6.74,6.34894,2.32186],"to":[9.26,8.36894,4.84186],"faces":{"east":{"uv":[8,9.5,9.25,10.5],"texture":"#0"},"south":{"uv":[9.5,9.5,10.75,10.5],"texture":"#0"},"north":{"uv":[5.5,9.5,6.75,10.5],"texture":"#0"},"west":{"uv":[9.5,7.5,10.75,8.5],"texture":"#0"},"up":{"uv":[9.75,5.75,8.5,4.5],"texture":"#0"},"down":{"uv":[9.75,6,8.5,7.25],"texture":"#0"}}},{"rotation":{"origin":[9.5,7.35894,8.58186],"angle":-22.5,"axis":"x"},"from":[6.24,8.34894,1.82186],"to":[9.76,9.36894,5.34186],"faces":{"east":{"uv":[10,4,11.75,4.5],"texture":"#0"},"south":{"uv":[10,4.5,11.75,5],"texture":"#0"},"north":{"uv":[10,3.5,11.75,4],"texture":"#0"},"west":{"uv":[10,5,11.75,5.5],"texture":"#0"},"up":{"uv":[4.75,1.75,3,0],"texture":"#0"},"down":{"uv":[6.25,4.5,4.5,6.25],"texture":"#0"}}},{"rotation":{"origin":[9.5,6,8.25],"angle":0,"axis":"y"},"from":[6.75,0,5.5],"to":[9.25,2.5,7],"faces":{"east":{"uv":[5,0,5.75,1.25],"texture":"#0"},"south":{"uv":[8.75,0.25,10,1.5],"texture":"#0"},"north":{"uv":[8.25,8.25,9.5,9.5],"texture":"#0"},"west":{"uv":[2,8.25,2.75,9.5],"texture":"#0"},"up":{"uv":[4.25,2.75,3,2],"texture":"#0"},"down":{"uv":[5.25,9,4,9.75],"texture":"#0"}}},{"rotation":{"origin":[9.5,6,8.25],"angle":0,"axis":"y"},"from":[7.25,18.75,11.75],"to":[8.75,20.25,12.25],"faces":{"east":{"uv":[3.5,11.5,3.75,12.25],"texture":"#0"},"south":{"uv":[9.5,8.5,10.25,9.25],"texture":"#0"},"north":{"uv":[2,9.5,2.75,10.25],"texture":"#0"},"west":{"uv":[4,11.5,4.25,12.25],"texture":"#0"},"up":{"uv":[9.25,7.75,8.5,7.5],"texture":"#0"},"down":{"uv":[11.75,8,11,8.25],"texture":"#0"}}}],"display":{"firstperson_righthand":{"rotation":[35,40,10],"translation":[-2,0.5,-5]},"thirdperson_lefthand":{"rotation":[35,-15,5],"translation":[0,-1,-1]},"firstperson_lefthand":{"rotation":[35,40,10],"translation":[-2,0.5,-5]},"thirdperson_righthand":{"rotation":[35,-15,5],"translation":[0,-1,-1]},"ground":{"rotation":[35,70,0],"translation":[0,4.5,0]},"gui":{"rotation":[17,-54,27],"translation":[0.5,-1.25,0],"scale":[0.65,0.65,0.65]}}}