{"textures":{"particle":"mineclub/handheld/gfx_selfiestick"},"elements":[{"rotation":{"origin":[16,8.5,8],"angle":0,"axis":"y"},"from":[7,0.5,0],"to":[9,2.5,21],"faces":{"east":{"uv":[12.5,11,2,10],"texture":"#particle"},"west":{"uv":[2,10,12.5,11],"texture":"#particle"},"up":{"uv":[14.5,13.5,13.5,3],"texture":"#particle"},"down":{"uv":[13.5,3,14.5,15],"texture":"#particle"}}},{"rotation":{"origin":[16.5,8,-3],"angle":0,"axis":"y"},"from":[6.5,0,-12],"to":[9.5,3,0],"faces":{"east":{"uv":[0.5,0.5,6.5,2],"texture":"#particle"},"south":{"uv":[14,0.5,15.5,2],"texture":"#particle"},"north":{"uv":[6.5,0.5,8,2],"texture":"#particle"},"west":{"uv":[8,0.5,14,2],"texture":"#particle"},"up":{"uv":[2,9,0.5,3],"texture":"#particle"},"down":{"uv":[4.5,9,3,3],"texture":"#particle"}}},{"rotation":{"origin":[16.5,8,30],"angle":0,"axis":"y"},"from":[6.5,0,21],"to":[9.5,3,24],"faces":{"east":{"uv":[5.5,4.5,7,6],"texture":"#particle"},"south":{"uv":[10,4.5,11.5,6],"texture":"#particle"},"north":{"uv":[7,4.5,8.5,6],"texture":"#particle"},"west":{"uv":[8.5,4.5,10,6],"texture":"#particle"},"up":{"uv":[8.5,4.5,7,3],"texture":"#particle"},"down":{"uv":[8.5,7.5,7,6],"texture":"#particle"}}},{"rotation":{"origin":[8,3,22],"angle":22.5,"axis":"x"},"from":[2.5,3,22],"to":[13.5,9,23],"faces":{"east":{"uv":[0.5,12.5,1,15.5],"texture":"#particle"},"south":{"uv":[7,12.5,12.5,15.5],"texture":"#particle"},"north":{"uv":[1,12.5,6.5,15.5],"texture":"#particle"},"west":{"uv":[6.5,12.5,7,15.5],"texture":"#particle"},"up":{"uv":[6.5,12.5,1,12],"texture":"#particle"},"down":{"uv":[11,9,5.5,8.5],"texture":"#particle"}}}],"display":{"firstperson_righthand":{"rotation":[22.5,-180,0],"translation":[-1.5,6.5,1],"scale":[0.4,0.4,0.34]},"thirdperson_lefthand":{"rotation":[90,-180,0],"translation":[0,5.5,3],"scale":[0.55,0.55,0.55]},"firstperson_lefthand":{"rotation":[22.5,-180,0],"translation":[-1.5,6.5,1],"scale":[0.4,0.4,0.34]},"thirdperson_righthand":{"rotation":[90,-180,0],"translation":[0,5.5,3],"scale":[0.55,0.55,0.55]},"ground":{"translation":[0,1,0],"scale":[0.5,0.5,0.5]},"gui":{"rotation":[30,135,0],"translation":[-0.25,1,0],"scale":[0.45,0.45,0.45]},"fixed":{"rotation":[-90,-45,0],"translation":[0,0,-6],"scale":[0.75,0.75,0.75]}}}