{"textures":{"0":"mineclub/handheld/shovel","particle":"mineclub/handheld/shovel"},"texture_size":[24,24],"elements":[{"rotation":{"origin":[13,22,15.5],"angle":0,"axis":"y"},"from":[5.5,14,7.5],"to":[10.5,15.5,9],"faces":{"east":{"uv":[9.33333,8,10.33333,9],"texture":"#0"},"south":{"uv":[6.66667,6.66667,10,7.66667],"texture":"#0"},"north":{"uv":[4.66667,2.66667,8,3.66667],"texture":"#0"},"west":{"uv":[10,10,11,11],"texture":"#0"},"up":{"uv":[10,1,6.66667,0],"texture":"#0"},"down":{"uv":[10,1.33333,6.66667,2.33333],"texture":"#0"}}},{"rotation":{"origin":[13,22,15.5],"angle":0,"axis":"y"},"from":[7.25,7,7.5],"to":[8.75,10,9],"faces":{"east":{"uv":[2,8,3,10],"texture":"#0"},"south":{"uv":[3.33333,8,4.33333,10],"texture":"#0"},"north":{"uv":[0.66667,8,1.66667,10],"texture":"#0"},"west":{"uv":[6.66667,8,7.66667,10],"texture":"#0"},"up":{"uv":[11,1,10,0],"texture":"#0"},"down":{"uv":[11,1.33333,10,2.33333],"texture":"#0"}}},{"rotation":{"origin":[13,22,15.5],"angle":0,"axis":"y"},"from":[7.5,-1,7.75],"to":[8.5,7,8.75],"faces":{"east":{"uv":[5.33333,7.33333,6,12.66667],"texture":"#0"},"south":{"uv":[6,7.33333,6.66667,12.66667],"texture":"#0"},"north":{"uv":[4.66667,7.33333,5.33333,12.66667],"texture":"#0"},"west":{"uv":[0,8,0.66667,13.33333],"texture":"#0"},"up":{"uv":[12,10.66667,11.33333,10],"texture":"#0"},"down":{"uv":[12,10.66667,11.33333,11.33333],"texture":"#0"}}},{"rotation":{"origin":[13,24,15.5],"angle":0,"axis":"y"},"from":[4.5,-5,8.75],"to":[11.5,1,9.25],"faces":{"east":{"uv":[8,8,8.33333,12],"texture":"#0"},"south":{"uv":[0,4,4.66667,8],"texture":"#0"},"north":{"uv":[0,0,4.66667,4],"texture":"#0"},"west":{"uv":[8.66667,8.66667,9,12.66667],"texture":"#0"},"up":{"uv":[9.33333,4.33333,4.66667,4],"texture":"#0"},"down":{"uv":[11.33333,4.66667,6.66667,5],"texture":"#0"}}},{"rotation":{"origin":[13,22,15.5],"angle":0,"axis":"y"},"from":[6.5,-2,8.5],"to":[9.5,2,9],"faces":{"east":{"uv":[7.33333,10,7.66667,12.66667],"texture":"#0"},"south":{"uv":[4.66667,0,6.66667,2.66667],"texture":"#0"},"north":{"uv":[4.66667,4.66667,6.66667,7.33333],"texture":"#0"},"west":{"uv":[10,5.33333,10.33333,8],"texture":"#0"},"up":{"uv":[11.33333,4.33333,9.33333,4],"texture":"#0"},"down":{"uv":[12,9.33333,10,9.66667],"texture":"#0"}}},{"rotation":{"origin":[12,19.40073,26.12207],"angle":22.5,"axis":"x"},"from":[5.5,-10.59927,19.37207],"to":[10.5,-9.59927,19.87207],"faces":{"east":{"uv":[12,0,12.33333,0.66667],"texture":"#0"},"south":{"uv":[6.66667,6,10,6.66667],"texture":"#0"},"north":{"uv":[6.66667,5.33333,10,6],"texture":"#0"},"west":{"uv":[12,0.66667,12.33333,1.33333],"texture":"#0"},"up":{"uv":[11.33333,3,8,2.66667],"texture":"#0"},"down":{"uv":[11.33333,3.33333,8,3.66667],"texture":"#0"}}},{"rotation":{"origin":[12,19,15.75],"angle":0,"axis":"y"},"from":[4.49,11.99,7.74],"to":[5.51,15.01,8.76],"faces":{"east":{"uv":[10.66667,7.33333,11.33333,9.33333],"texture":"#0"},"south":{"uv":[10,11.33333,10.66667,13.33333],"texture":"#0"},"north":{"uv":[10.66667,5.33333,11.33333,7.33333],"texture":"#0"},"west":{"uv":[10.66667,11.33333,11.33333,13.33333],"texture":"#0"},"up":{"uv":[9.33333,8.66667,8.66667,8],"texture":"#0"},"down":{"uv":[12,6,11.33333,6.66667],"texture":"#0"}}},{"rotation":{"origin":[7.32843,20.48528,15.75],"angle":45,"axis":"z"},"from":[-0.67157,11.48528,7.75],"to":[0.32843,16.48528,8.75],"faces":{"east":{"uv":[0.66667,10,1.33333,13.33333],"texture":"#0"},"south":{"uv":[1.33333,10,2,13.33333],"texture":"#0"},"north":{"uv":[9.33333,9.33333,10,12.66667],"texture":"#0"},"west":{"uv":[2,10,2.66667,13.33333],"texture":"#0"},"up":{"uv":[12,8.66667,11.33333,8],"texture":"#0"},"down":{"uv":[12,8.66667,11.33333,9.33333],"texture":"#0"}}},{"rotation":{"origin":[8.67157,20.48528,15.75],"angle":-45,"axis":"z"},"from":[15.67157,11.48528,7.75],"to":[16.67157,16.48528,8.75],"faces":{"east":{"uv":[3.33333,10,4,13.33333],"texture":"#0"},"south":{"uv":[4,10,4.66667,13.33333],"texture":"#0"},"north":{"uv":[2.66667,10,3.33333,13.33333],"texture":"#0"},"west":{"uv":[6.66667,10,7.33333,13.33333],"texture":"#0"},"up":{"uv":[8.66667,12.66667,8,12],"texture":"#0"},"down":{"uv":[12.66667,12,12,12.66667],"texture":"#0"}}},{"rotation":{"origin":[19,19,15.75],"angle":0,"axis":"y"},"from":[10.49,11.99,7.74],"to":[11.51,15.01,8.76],"faces":{"east":{"uv":[11.33333,0,12,2],"texture":"#0"},"south":{"uv":[11.33333,2,12,4],"texture":"#0"},"north":{"uv":[11.33333,11.33333,12,13.33333],"texture":"#0"},"west":{"uv":[11.33333,4,12,6],"texture":"#0"},"up":{"uv":[12,7.33333,11.33333,6.66667],"texture":"#0"},"down":{"uv":[12,7.33333,11.33333,8],"texture":"#0"}}}],"display":{"firstperson_righthand":{"rotation":[141.25,86,-17],"translation":[3.25,1.75,-0.75],"scale":[0.7,0.7,0.7]},"thirdperson_lefthand":{"rotation":[100.5,0,0],"translation":[0,-0.75,-4.25],"scale":[0.8,0.8,0.8]},"firstperson_lefthand":{"rotation":[141.25,86,-17],"translation":[3.25,1.75,-0.75],"scale":[0.7,0.7,0.7]},"thirdperson_righthand":{"rotation":[100.5,0,0],"translation":[0,-0.75,-2.75]},"ground":{"rotation":[72,33,-6],"translation":[0,3.5,0]},"gui":{"rotation":[0,0,-45],"translation":[1.75,1.5,0],"scale":[0.6,0.6,0.6]}}}