{"textures":{"particle":"mineclub/handheld/gfx_skateboard"},"elements":[{"rotation":{"origin":[16,11,15],"angle":0,"axis":"y"},"from":[2,-5,7],"to":[14,21,9],"faces":{"east":{"uv":[5,0.33333,4.33333,9],"texture":"#particle"},"south":{"uv":[5,0.33333,9,9],"texture":"#particle"},"north":{"uv":[0.33333,0.33333,4.33333,9],"texture":"#particle"},"west":{"uv":[4.33333,0.33333,5,9],"texture":"#particle"}}},{"rotation":{"origin":[16,11,14],"angle":0,"axis":"y"},"from":[7,16,5],"to":[9,19,6],"faces":{"east":{"uv":[12.33333,6,12.66667,7],"texture":"#particle"},"north":{"uv":[12.66667,6,13.33333,7],"texture":"#particle"},"west":{"uv":[13.33333,6,13.66667,7],"texture":"#particle"},"up":{"uv":[13.33333,6,12.66667,5.66667],"texture":"#particle"},"down":{"uv":[13.33333,7.33333,12.66667,7],"texture":"#particle"}}},{"rotation":{"origin":[16,-8,14],"angle":0,"axis":"y"},"from":[7,-3,5],"to":[9,0,6],"faces":{"east":{"uv":[12.33333,6,12.66667,7],"texture":"#particle"},"north":{"uv":[12.66667,6,13.33333,7],"texture":"#particle"},"west":{"uv":[13.33333,6,13.66667,7],"texture":"#particle"},"up":{"uv":[13.33333,6,12.66667,5.66667],"texture":"#particle"},"down":{"uv":[13.33333,7.33333,12.66667,7],"texture":"#particle"}}},{"rotation":{"origin":[16,11,15],"angle":0,"axis":"y"},"from":[6,15,6],"to":[10,20,7],"faces":{"east":{"uv":[9.66667,6,10,7.66667],"texture":"#particle"},"north":{"uv":[10,6,11.33333,7.66667],"texture":"#particle"},"west":{"uv":[11.33333,6,11.66667,7.66667],"texture":"#particle"},"up":{"uv":[11.33333,6,10,5.66667],"texture":"#particle"},"down":{"uv":[11.33333,8,10,7.66667],"texture":"#particle"}}},{"rotation":{"origin":[16,-8,15],"angle":0,"axis":"y"},"from":[6,-4,6],"to":[10,1,7],"faces":{"east":{"uv":[9.66667,6,10,7.66667],"texture":"#particle"},"north":{"uv":[10,6,11.33333,7.66667],"texture":"#particle"},"west":{"uv":[11.33333,6,11.66667,7.66667],"texture":"#particle"},"up":{"uv":[11.33333,6,10,5.66667],"texture":"#particle"},"down":{"uv":[11.33333,8,10,7.66667],"texture":"#particle"}}},{"rotation":{"origin":[11,11,14],"angle":0,"axis":"y"},"from":[3,16,4],"to":[5,19,7],"faces":{"east":{"uv":[9.66667,9.66667,10.66667,10.66667],"texture":"#particle"},"north":{"uv":[10.66667,9.66667,11.33333,10.66667],"texture":"#particle"},"west":{"uv":[11.33333,9.66667,12.33333,10.66667],"texture":"#particle"},"up":{"uv":[11.33333,9.66667,10.66667,8.66667],"texture":"#particle"},"down":{"uv":[11.33333,11.66667,10.66667,10.66667],"texture":"#particle"}}},{"rotation":{"origin":[5,-8,14],"angle":0,"axis":"y"},"from":[11,-3,4],"to":[13,0,7],"faces":{"east":{"uv":[12.33333,9.66667,11.33333,10.66667],"texture":"#particle"},"north":{"uv":[11.33333,9.66667,10.66667,10.66667],"texture":"#particle"},"west":{"uv":[10.66667,9.66667,9.66667,10.66667],"texture":"#particle"},"up":{"uv":[10.66667,9.66667,11.33333,8.66667],"texture":"#particle"},"down":{"uv":[10.66667,11.66667,11.33333,10.66667],"texture":"#particle"}}},{"rotation":{"origin":[11,-8,14],"angle":0,"axis":"y"},"from":[3,-3,4],"to":[5,0,7],"faces":{"east":{"uv":[9.66667,13.33333,10.66667,14.33333],"texture":"#particle"},"north":{"uv":[10.66667,13.33333,11.33333,14.33333],"texture":"#particle"},"west":{"uv":[11.33333,13.33333,12.33333,14.33333],"texture":"#particle"},"up":{"uv":[11.33333,13.33333,10.66667,12.33333],"texture":"#particle"},"down":{"uv":[11.33333,15.33333,10.66667,14.33333],"texture":"#particle"}}},{"rotation":{"origin":[5,11,14],"angle":0,"axis":"y"},"from":[11,16,4],"to":[13,19,7],"faces":{"east":{"uv":[12.33333,13.33333,11.33333,14.33333],"texture":"#particle"},"north":{"uv":[11.33333,13.33333,10.66667,14.33333],"texture":"#particle"},"west":{"uv":[10.66667,13.33333,9.66667,14.33333],"texture":"#particle"},"up":{"uv":[10.66667,13.33333,11.33333,12.33333],"texture":"#particle"},"down":{"uv":[10.66667,15.33333,11.33333,14.33333],"texture":"#particle"}}},{"rotation":{"origin":[18,11,14],"angle":0,"axis":"y"},"from":[5,17,5],"to":[11,18,6],"faces":{"south":{"uv":[15.66667,3.33333,13.66667,3],"texture":"#particle"},"north":{"uv":[13.66667,2.33333,15.66667,2.66667],"texture":"#particle"},"up":{"uv":[15.66667,2.33333,13.66667,2],"texture":"#particle"},"down":{"uv":[15.66667,3,13.66667,2.66667],"texture":"#particle"}}},{"rotation":{"origin":[18,-8,14],"angle":0,"axis":"y"},"from":[5,-2,5],"to":[11,-1,6],"faces":{"south":{"uv":[15.66667,3.33333,13.66667,3],"texture":"#particle"},"north":{"uv":[13.66667,2.33333,15.66667,2.66667],"texture":"#particle"},"up":{"uv":[15.66667,2.33333,13.66667,2],"texture":"#particle"},"down":{"uv":[15.66667,3,13.66667,2.66667],"texture":"#particle"}}},{"rotation":{"origin":[8,24.31283,9.45461],"angle":0,"axis":"x"},"from":[2,21,7],"to":[14,27,9],"faces":{"east":{"uv":[5,10.33333,4.33333,12.33333],"texture":"#particle"},"south":{"uv":[5,10.33333,9,12.33333],"texture":"#particle"},"north":{"uv":[0.33333,10.33333,4.33333,12.33333],"texture":"#particle"},"west":{"uv":[4.33333,10.33333,5,12.33333],"texture":"#particle"},"up":{"uv":[4.33333,10.33333,0.33333,9.66667],"texture":"#particle"}}},{"rotation":{"origin":[8,24.31283,9.45461],"angle":0,"axis":"x"},"from":[3,27,7],"to":[13,28,9],"faces":{"east":{"uv":[13.66667,1,13,1.33333],"texture":"#particle"},"south":{"uv":[9.66667,2,13,2.33333],"texture":"#particle"},"north":{"uv":[9.66667,1,13,1.33333],"texture":"#particle"},"west":{"uv":[13,1,13.66667,1.33333],"texture":"#particle"},"up":{"uv":[13,1,9.66667,0.33333],"texture":"#particle"}}},{"rotation":{"origin":[8,-8.31283,9.45461],"angle":0,"axis":"x"},"from":[2,-11,7],"to":[14,-5,9],"faces":{"east":{"uv":[5,13,4.33333,15],"texture":"#particle"},"south":{"uv":[5,13,9,15],"texture":"#particle"},"north":{"uv":[0.33333,13,4.33333,15],"texture":"#particle"},"west":{"uv":[4.33333,13,5,15],"texture":"#particle"},"down":{"uv":[4.33333,15.66667,0.33333,15],"texture":"#particle"}}},{"rotation":{"origin":[8,-8.31283,9.45461],"angle":0,"axis":"x"},"from":[3,-12,7],"to":[13,-11,9],"faces":{"east":{"uv":[13.66667,4,13,4.33333],"texture":"#particle"},"south":{"uv":[9.66667,3,13,3.33333],"texture":"#particle"},"north":{"uv":[9.66667,4,13,4.33333],"texture":"#particle"},"west":{"uv":[13,4,13.66667,4.33333],"texture":"#particle"},"down":{"uv":[13,5,9.66667,4.33333],"texture":"#particle"}}}],"display":{"firstperson_righthand":{"rotation":[0,45,0],"translation":[1.5,1,0],"scale":[0.4,0.4,0.4]},"thirdperson_lefthand":{"rotation":[0,90,22.5],"translation":[0.5,0,-1],"scale":[0.55,0.55,0.55]},"firstperson_lefthand":{"rotation":[0,45,0],"translation":[1.5,1,0],"scale":[0.4,0.4,0.4]},"thirdperson_righthand":{"rotation":[-24.25,65.25,27.25],"translation":[0.5,-1,-2],"scale":[0.55,0.55,0.55]},"ground":{"translation":[0,6,0],"scale":[0.5,0.5,0.5]},"gui":{"rotation":[-45,0,-45],"translation":[0,-0.5,0],"scale":[0.45,0.45,0.45]},"fixed":{"rotation":[0,0,45],"translation":[0,0,-1.5],"scale":[0.5,0.5,0.5]}}}