{"textures":{"0":"mineclub/handheld/soda","particle":"mineclub/handheld/soda"},"elements":[{"rotation":{"origin":[14.5,8,14.5],"angle":0,"axis":"y"},"from":[6.5,0,6.5],"to":[9.5,5,9.5],"faces":{"east":{"uv":[3,3,6,8],"texture":"#0"},"south":{"uv":[0,5,3,10],"texture":"#0"},"north":{"uv":[0,0,3,5],"texture":"#0"},"west":{"uv":[6,6,9,11],"texture":"#0"},"up":{"uv":[6,3,3,0],"texture":"#0"},"down":{"uv":[9,0,6,3],"texture":"#0"}}},{"rotation":{"origin":[14.75,13,14.75],"angle":0,"axis":"y"},"from":[6.75,5,6.75],"to":[9.25,5.25,7],"faces":{"east":{"uv":[4,11,4.5,11.5],"texture":"#0"},"south":{"uv":[8,3,10.5,3.5],"texture":"#0"},"north":{"uv":[6,5,8.5,5.5],"texture":"#0"},"west":{"uv":[5,11,5.5,11.5],"texture":"#0"},"up":{"uv":[10.5,4.5,8,4],"texture":"#0"},"down":{"uv":[11.5,9,9,9.5],"texture":"#0"}}},{"rotation":{"origin":[15.6,13,15.25],"angle":0,"axis":"y"},"from":[7.6,5,7.25],"to":[8.35,5.25,7.5],"faces":{"east":{"uv":[11,6,11.5,6.5],"texture":"#0"},"south":{"uv":[11,7,11.5,7.5],"texture":"#0"},"north":{"uv":[11,4,11.5,4.5],"texture":"#0"},"west":{"uv":[11,8,11.5,8.5],"texture":"#0"},"up":{"uv":[0.5,12.5,0,12],"texture":"#0"},"down":{"uv":[1.5,12,1,12.5],"texture":"#0"}}},{"rotation":{"origin":[15.6,13,15.75],"angle":0,"axis":"y"},"from":[7.6,5,7.75],"to":[8.35,5.25,8.25],"faces":{"east":{"uv":[5,12,5.5,12.5],"texture":"#0"},"south":{"uv":[6,12,6.5,12.5],"texture":"#0"},"north":{"uv":[4,12,4.5,12.5],"texture":"#0"},"west":{"uv":[7,12,7.5,12.5],"texture":"#0"},"up":{"uv":[8.5,12.5,8,12],"texture":"#0"},"down":{"uv":[9.5,12,9,12.5],"texture":"#0"}}},{"rotation":{"origin":[15.6,13,15.5],"angle":0,"axis":"y"},"from":[7.6,5,7.5],"to":[7.85,5.25,7.75],"faces":{"east":{"uv":[11,12,11.5,12.5],"texture":"#0"},"south":{"uv":[12,12,12.5,12.5],"texture":"#0"},"north":{"uv":[10,12,10.5,12.5],"texture":"#0"},"west":{"uv":[12,0,12.5,0.5],"texture":"#0"},"up":{"uv":[12.5,1.5,12,1],"texture":"#0"},"down":{"uv":[12.5,2,12,2.5],"texture":"#0"}}},{"rotation":{"origin":[16.1,13,15.5],"angle":0,"axis":"y"},"from":[8.1,5,7.5],"to":[8.35,5.25,7.75],"faces":{"east":{"uv":[12,4,12.5,4.5],"texture":"#0"},"south":{"uv":[12,5,12.5,5.5],"texture":"#0"},"north":{"uv":[12,3,12.5,3.5],"texture":"#0"},"west":{"uv":[12,6,12.5,6.5],"texture":"#0"},"up":{"uv":[12.5,7.5,12,7],"texture":"#0"},"down":{"uv":[12.5,8,12,8.5],"texture":"#0"}}},{"rotation":{"origin":[14.75,13,15],"angle":0,"axis":"y"},"from":[6.75,5,7],"to":[7,5.25,9],"faces":{"east":{"uv":[2,10,4,10.5],"texture":"#0"},"south":{"uv":[10,11,10.5,11.5],"texture":"#0"},"north":{"uv":[8,11,8.5,11.5],"texture":"#0"},"west":{"uv":[4,10,6,10.5],"texture":"#0"},"up":{"uv":[5.5,10,5,8],"texture":"#0"},"down":{"uv":[9.5,10,9,12],"texture":"#0"}}},{"rotation":{"origin":[17,13,15],"angle":0,"axis":"y"},"from":[9,5,7],"to":[9.25,5.25,9],"faces":{"east":{"uv":[10,10,12,10.5],"texture":"#0"},"south":{"uv":[11,3,11.5,3.5],"texture":"#0"},"north":{"uv":[11,11,11.5,11.5],"texture":"#0"},"west":{"uv":[0,11,2,11.5],"texture":"#0"},"up":{"uv":[2.5,13,2,11],"texture":"#0"},"down":{"uv":[3.5,11,3,13],"texture":"#0"}}},{"rotation":{"origin":[14.75,13,17],"angle":0,"axis":"y"},"from":[6.75,5,9],"to":[9.25,5.25,9.25],"faces":{"east":{"uv":[6,11,6.5,11.5],"texture":"#0"},"south":{"uv":[9,1,11.5,1.5],"texture":"#0"},"north":{"uv":[9,0,11.5,0.5],"texture":"#0"},"west":{"uv":[7,11,7.5,11.5],"texture":"#0"},"up":{"uv":[11.5,2.5,9,2],"texture":"#0"},"down":{"uv":[11.5,5,9,5.5],"texture":"#0"}}},{"rotation":{"origin":[15,7.5,15],"angle":0,"axis":"y"},"from":[7,-0.5,7],"to":[9,0,9],"faces":{"east":{"uv":[9,7,11,7.5],"texture":"#0"},"south":{"uv":[9,8,11,8.5],"texture":"#0"},"north":{"uv":[9,6,11,6.5],"texture":"#0"},"west":{"uv":[0,10,2,10.5],"texture":"#0"},"up":{"uv":[8,5,6,3],"texture":"#0"},"down":{"uv":[5,8,3,10],"texture":"#0"}}}],"display":{"firstperson_righthand":{"rotation":[40,100,-15],"translation":[0,7.5,3]},"thirdperson_lefthand":{"rotation":[41.25,0,0],"translation":[0,3.75,3.25],"scale":[0.8,0.8,0.8]},"firstperson_lefthand":{"rotation":[40,100,-15],"translation":[0,7.5,3]},"thirdperson_righthand":{"rotation":[41.25,0,0],"translation":[0,3.75,3.25],"scale":[0.8,0.8,0.8]},"ground":{"translation":[0,4.5,0]},"gui":{"rotation":[30,225,0],"translation":[0,5.25,0],"scale":[1.2,1.2,1.2]}}}