{"textures":{"0":"mineclub/handheld/spraypurp","particle":"mineclub/handheld/spraypurp"},"texture_size":[24,24],"elements":[{"rotation":{"origin":[14.5,8.5,14.5],"angle":0,"axis":"y"},"from":[6.5,0.5,6.5],"to":[9.5,6.5,9.5],"faces":{"east":{"uv":[2,2,4,6],"texture":"#0"},"south":{"uv":[0,4,2,8],"texture":"#0"},"north":{"uv":[0,0,2,4],"texture":"#0"},"west":{"uv":[4,4,6,8],"texture":"#0"},"up":{"uv":[4,2,2,0],"texture":"#0"},"down":{"uv":[4,6,2,8],"texture":"#0"}}},{"rotation":{"origin":[15.5,17,15.5],"angle":0,"axis":"y"},"from":[7.5,9,7.5],"to":[8.5,10.5,8.5],"faces":{"east":{"uv":[4,9.66667,4.66667,10.66667],"texture":"#0"},"south":{"uv":[4.66667,9.66667,5.33333,10.66667],"texture":"#0"},"north":{"uv":[8.66667,7,9.33333,8],"texture":"#0"},"west":{"uv":[5.33333,9.66667,6,10.66667],"texture":"#0"},"up":{"uv":[9.33333,8.66667,8.66667,8],"texture":"#0"},"down":{"uv":[6.66667,9.33333,6,10],"texture":"#0"}}},{"rotation":{"origin":[15.75,16.5,15.75],"angle":0,"axis":"y"},"from":[7.75,8.5,7.75],"to":[8.25,9,8.25],"faces":{"east":{"uv":[7.33333,9.66667,7.66667,10],"texture":"#0"},"south":{"uv":[8,9.66667,8.33333,10],"texture":"#0"},"north":{"uv":[6.66667,9.66667,7,10],"texture":"#0"},"west":{"uv":[8.66667,9.66667,9,10],"texture":"#0"},"up":{"uv":[9.66667,10,9.33333,9.66667],"texture":"#0"},"down":{"uv":[9.66667,0.33333,9.33333,0.66667],"texture":"#0"}}},{"rotation":{"origin":[14.25,8,14.25],"angle":0,"axis":"y"},"from":[6.25,0,6.25],"to":[9.75,0.5,9.75],"faces":{"east":{"uv":[4,9,6.33333,9.33333],"texture":"#0"},"south":{"uv":[6.66667,9,9,9.33333],"texture":"#0"},"north":{"uv":[6,5.66667,8.33333,6],"texture":"#0"},"west":{"uv":[8.66667,3,11,3.33333],"texture":"#0"},"up":{"uv":[6.33333,2.33333,4,0],"texture":"#0"},"down":{"uv":[8.33333,6,6,8.33333],"texture":"#0"}}},{"rotation":{"origin":[14.25,14.5,14.25],"angle":0,"axis":"y"},"from":[6.25,6.5,6.25],"to":[9.75,7,9.75],"faces":{"east":{"uv":[8.66667,4.33333,11,4.66667],"texture":"#0"},"south":{"uv":[8.66667,5,11,5.33333],"texture":"#0"},"north":{"uv":[8.66667,3.66667,11,4],"texture":"#0"},"west":{"uv":[8.66667,5.66667,11,6],"texture":"#0"},"up":{"uv":[8.33333,5.33333,6,3],"texture":"#0"},"down":{"uv":[9,0.33333,6.66667,2.66667],"texture":"#0"}}},{"rotation":{"origin":[14.5,15,14.5],"angle":0,"axis":"y"},"from":[6.5,7,6.5],"to":[9.5,8,9.5],"faces":{"east":{"uv":[4,3.33333,6,4],"texture":"#0"},"south":{"uv":[4,8,6,8.66667],"texture":"#0"},"north":{"uv":[4,2.66667,6,3.33333],"texture":"#0"},"west":{"uv":[8.66667,6,10.66667,6.66667],"texture":"#0"},"up":{"uv":[2,10,0,8],"texture":"#0"},"down":{"uv":[4,8,2,10],"texture":"#0"}}},{"rotation":{"origin":[15.5,16,15.5],"angle":0,"axis":"y"},"from":[7.5,8,7.5],"to":[8.5,8.5,8.5],"faces":{"east":{"uv":[9.33333,1.66667,10,2],"texture":"#0"},"south":{"uv":[9.33333,2.33333,10,2.66667],"texture":"#0"},"north":{"uv":[9.33333,1,10,1.33333],"texture":"#0"},"west":{"uv":[9.33333,7,10,7.33333],"texture":"#0"},"up":{"uv":[10,8,9.33333,7.33333],"texture":"#0"},"down":{"uv":[10,8,9.33333,8.66667],"texture":"#0"}}}],"display":{"firstperson_righthand":{"translation":[3.5,2,-0.75]},"thirdperson_lefthand":{"translation":[0,2.25,-2]},"firstperson_lefthand":{"translation":[3.5,2,-0.75]},"thirdperson_righthand":{"translation":[0.25,1.75,-1.5]},"ground":{"translation":[0,5,0]},"gui":{"rotation":[30,225,0],"translation":[0,2.25,0]}}}