{"textures":{"particle":"mineclub/handheld/gfx_spring_bouquet"},"elements":[{"rotation":{"origin":[15,13,13],"angle":0,"axis":"x"},"from":[7,0,5],"to":[9,11,7],"faces":{"east":{"uv":[2.5,5.5,3.5,11.5],"texture":"#particle"},"south":{"uv":[2.5,5.5,3.5,11.5],"texture":"#particle"},"north":{"uv":[2.5,5.5,3.5,11],"texture":"#particle"},"west":{"uv":[2.5,5.5,3.5,11.5],"texture":"#particle"},"down":{"uv":[3.5,12.5,2.5,11.5],"texture":"#particle"}}},{"rotation":{"origin":[6,6.5,8],"angle":0,"axis":"y"},"from":[5,1,7],"to":[7,13,9],"faces":{"east":{"uv":[4.5,5.5,5.5,12],"texture":"#particle"},"south":{"uv":[4.5,5.5,5.5,11.5],"texture":"#particle"},"north":{"uv":[4.5,5.5,5.5,12],"texture":"#particle"},"west":{"uv":[4.5,5.5,5.5,12],"texture":"#particle"},"down":{"uv":[5.5,13,4.5,12],"texture":"#particle","rotation":90}}},{"rotation":{"origin":[9,8.5,9],"angle":-45,"axis":"y"},"from":[8,1,8],"to":[10,17,10],"faces":{"east":{"uv":[0.5,1.5,1.5,10],"texture":"#particle"},"south":{"uv":[0.5,1.5,1.5,10],"texture":"#particle"},"north":{"uv":[0.5,1.5,1.5,9.5],"texture":"#particle"},"west":{"uv":[0.5,1.5,1.5,10],"texture":"#particle"},"up":{"uv":[1.5,1.5,0.5,0.5],"texture":"#particle","rotation":90},"down":{"uv":[1.5,11,0.5,10],"texture":"#particle","rotation":270}}},{"rotation":{"origin":[9,8.5,9],"angle":-45,"axis":"y"},"from":[10,14,7],"to":[12,18,11],"faces":{"east":{"uv":[7.5,1.5,9.5,3.5],"texture":"#particle"},"south":{"uv":[6.5,1.5,7.5,3.5],"texture":"#particle"},"north":{"uv":[9.5,1.5,10.5,3.5],"texture":"#particle"},"west":{"uv":[10.5,1.5,12.5,3.5],"texture":"#particle"},"up":{"uv":[9.5,1.5,7.5,0.5],"texture":"#particle","rotation":90},"down":{"uv":[9.5,4.5,7.5,3.5],"texture":"#particle","rotation":270}}},{"rotation":{"origin":[8,17.3879,2.44063],"angle":22.5,"axis":"x"},"from":[6,15.3879,1.44063],"to":[10,19.3879,3.44063],"faces":{"east":{"uv":[6.5,1.5,7.5,3.5],"texture":"#particle"},"south":{"uv":[10.5,1.5,12.5,3.5],"texture":"#particle"},"north":{"uv":[7.5,1.5,9.5,3.5],"texture":"#particle"},"west":{"uv":[9.5,1.5,10.5,3.5],"texture":"#particle"},"up":{"uv":[9.5,1.5,7.5,0.5],"texture":"#particle"},"down":{"uv":[9.5,4.5,7.5,3.5],"texture":"#particle"}}},{"rotation":{"origin":[2.44063,19.3879,8],"angle":-22.5,"axis":"z"},"from":[1.44063,17.3879,6],"to":[3.44063,21.3879,10],"faces":{"east":{"uv":[10.5,1.5,12.5,3.5],"texture":"#particle"},"south":{"uv":[9.5,1.5,10.5,3.5],"texture":"#particle"},"north":{"uv":[6.5,1.5,7.5,3.5],"texture":"#particle"},"west":{"uv":[7.5,1.5,9.5,3.5],"texture":"#particle"},"up":{"uv":[9.5,1.5,7.5,0.5],"texture":"#particle","rotation":270},"down":{"uv":[9.5,4.5,7.5,3.5],"texture":"#particle","rotation":90}}},{"rotation":{"origin":[9,8.5,9],"angle":-45,"axis":"y"},"from":[10,18,7],"to":[11,20,11],"faces":{"east":{"uv":[7,6,9,7],"texture":"#particle"},"south":{"uv":[6.5,6,7,7],"texture":"#particle"},"north":{"uv":[9,6,9.5,7],"texture":"#particle"},"west":{"uv":[9.5,6,11.5,7],"texture":"#particle"},"up":{"uv":[9,6,7,5.5],"texture":"#particle","rotation":90}}},{"rotation":{"origin":[9,8.5,9],"angle":-45,"axis":"y"},"from":[10,14,5],"to":[11,18,7],"faces":{"east":{"uv":[7,6,9,7],"texture":"#particle","rotation":90},"north":{"uv":[9,6,7,5.5],"texture":"#particle","rotation":270},"west":{"uv":[9.5,6,11.5,7],"texture":"#particle","rotation":270},"up":{"uv":[6.5,6,7,7],"texture":"#particle"},"down":{"uv":[9,6,9.5,7],"texture":"#particle","rotation":180}}},{"rotation":{"origin":[9,8.5,9],"angle":-45,"axis":"y"},"from":[10,12,7],"to":[11,14,11],"faces":{"east":{"uv":[7,6,9,7],"texture":"#particle","rotation":180},"south":{"uv":[9,6,9.5,7],"texture":"#particle","rotation":180},"north":{"uv":[6.5,6,7,7],"texture":"#particle","rotation":180},"west":{"uv":[9.5,6,11.5,7],"texture":"#particle","rotation":180},"down":{"uv":[9,6,7,5.5],"texture":"#particle","rotation":90}}},{"rotation":{"origin":[9,8.5,9],"angle":-45,"axis":"y"},"from":[10,14,11],"to":[11,18,13],"faces":{"east":{"uv":[7,6,9,7],"texture":"#particle","rotation":270},"south":{"uv":[9,6,7,5.5],"texture":"#particle","rotation":90},"west":{"uv":[9.5,6,11.5,7],"texture":"#particle","rotation":90},"up":{"uv":[9,6,9.5,7],"texture":"#particle","rotation":180},"down":{"uv":[6.5,6,7,7],"texture":"#particle"}}},{"rotation":{"origin":[4.54539,16.31283,8],"angle":22.5,"axis":"z"},"from":[3.54539,12.31283,7],"to":[5.54539,20.31283,9],"faces":{"east":{"uv":[4.5,0.5,5.5,4.5],"texture":"#particle"},"south":{"uv":[4.5,0.5,5.5,4.5],"texture":"#particle"},"north":{"uv":[4.5,0.5,5.5,4.5],"texture":"#particle"},"west":{"uv":[4.5,0.5,5.5,4.5],"texture":"#particle"}}},{"rotation":{"origin":[2.44063,19.3879,8],"angle":-22.5,"axis":"z"},"from":[2.44063,21.3879,6],"to":[3.44063,23.3879,10],"faces":{"east":{"uv":[9.5,11,11.5,12],"texture":"#particle"},"south":{"uv":[9,11,9.5,12],"texture":"#particle"},"north":{"uv":[6.5,11,7,12],"texture":"#particle"},"west":{"uv":[7,11,9,12],"texture":"#particle"},"up":{"uv":[9,11,7,10.5],"texture":"#particle","rotation":270}}},{"rotation":{"origin":[2.44063,19.3879,8],"angle":-22.5,"axis":"z"},"from":[2.44063,17.3879,10],"to":[3.44063,21.3879,12],"faces":{"east":{"uv":[9.5,11,11.5,12],"texture":"#particle","rotation":270},"south":{"uv":[9,11,7,10.5],"texture":"#particle","rotation":270},"west":{"uv":[7,11,9,12],"texture":"#particle","rotation":90},"up":{"uv":[6.5,11,7,12],"texture":"#particle","rotation":180},"down":{"uv":[9,11,9.5,12],"texture":"#particle"}}},{"rotation":{"origin":[2.44063,19.3879,8],"angle":-22.5,"axis":"z"},"from":[2.44063,15.3879,6],"to":[3.44063,17.3879,10],"faces":{"east":{"uv":[9.5,11,11.5,12],"texture":"#particle","rotation":180},"south":{"uv":[6.5,11,7,12],"texture":"#particle","rotation":180},"north":{"uv":[9,11,9.5,12],"texture":"#particle","rotation":180},"west":{"uv":[7,11,9,12],"texture":"#particle","rotation":180},"down":{"uv":[9,11,7,10.5],"texture":"#particle","rotation":270}}},{"rotation":{"origin":[2.44063,19.3879,8],"angle":-22.5,"axis":"z"},"from":[2.44063,17.3879,4],"to":[3.44063,21.3879,6],"faces":{"east":{"uv":[9.5,11,11.5,12],"texture":"#particle","rotation":90},"north":{"uv":[9,11,7,10.5],"texture":"#particle","rotation":90},"west":{"uv":[7,11,9,12],"texture":"#particle","rotation":270},"up":{"uv":[9,11,9.5,12],"texture":"#particle"},"down":{"uv":[6.5,11,7,12],"texture":"#particle","rotation":180}}},{"rotation":{"origin":[8,17.3879,2.44063],"angle":22.5,"axis":"x"},"from":[6,19.3879,2.44063],"to":[10,21.3879,3.44063],"faces":{"east":{"uv":[6.5,8.5,7,9.5],"texture":"#particle"},"south":{"uv":[9.5,8.5,11.5,9.5],"texture":"#particle"},"north":{"uv":[7,8.5,9,9.5],"texture":"#particle"},"west":{"uv":[9,8.5,9.5,9.5],"texture":"#particle"},"up":{"uv":[9,8.5,7,8],"texture":"#particle"}}},{"rotation":{"origin":[8,17.3879,2.44063],"angle":22.5,"axis":"x"},"from":[4,15.3879,2.44063],"to":[6,19.3879,3.44063],"faces":{"south":{"uv":[9.5,8.5,11.5,9.5],"texture":"#particle","rotation":270},"north":{"uv":[7,8.5,9,9.5],"texture":"#particle","rotation":90},"west":{"uv":[9,8.5,7,8],"texture":"#particle","rotation":270},"up":{"uv":[6.5,8.5,7,9.5],"texture":"#particle","rotation":270},"down":{"uv":[9,8.5,9.5,9.5],"texture":"#particle","rotation":270}}},{"rotation":{"origin":[8,17.3879,2.44063],"angle":22.5,"axis":"x"},"from":[6,13.3879,2.44063],"to":[10,15.3879,3.44063],"faces":{"east":{"uv":[9,8.5,9.5,9.5],"texture":"#particle","rotation":180},"south":{"uv":[9.5,8.5,11.5,9.5],"texture":"#particle","rotation":180},"north":{"uv":[7,8.5,9,9.5],"texture":"#particle","rotation":180},"west":{"uv":[6.5,8.5,7,9.5],"texture":"#particle","rotation":180},"down":{"uv":[9,8.5,7,8],"texture":"#particle","rotation":180}}},{"rotation":{"origin":[8,17.3879,2.44063],"angle":22.5,"axis":"x"},"from":[10,15.3879,2.44063],"to":[12,19.3879,3.44063],"faces":{"east":{"uv":[9,8.5,7,8],"texture":"#particle","rotation":90},"south":{"uv":[9.5,8.5,11.5,9.5],"texture":"#particle","rotation":90},"north":{"uv":[7,8.5,9,9.5],"texture":"#particle","rotation":270},"up":{"uv":[9,8.5,9.5,9.5],"texture":"#particle","rotation":90},"down":{"uv":[6.5,8.5,7,9.5],"texture":"#particle","rotation":90}}},{"rotation":{"origin":[8,14.31283,4.54539],"angle":-22.5,"axis":"x"},"from":[7,10.31283,3.54539],"to":[9,18.31283,5.54539],"faces":{"east":{"uv":[2.5,0.5,3.5,4.5],"texture":"#particle"},"south":{"uv":[2.5,0.5,3.5,4.5],"texture":"#particle"},"north":{"uv":[2.5,0.5,3.5,4.5],"texture":"#particle"},"west":{"uv":[2.5,0.5,3.5,4.5],"texture":"#particle"}}}],"display":{"firstperson_righthand":{"translation":[1.5,2.5,0.5],"scale":[0.4,0.4,0.4]},"thirdperson_lefthand":{"rotation":[0,22.5,-1],"translation":[0,-1,0],"scale":[0.55,0.55,0.55]},"firstperson_lefthand":{"translation":[1.5,2.5,0.5],"scale":[0.4,0.4,0.4]},"thirdperson_righthand":{"rotation":[0.75,-18,-1],"translation":[0.25,-1,0.5],"scale":[0.55,0.55,0.55]},"ground":{"translation":[0,1,0],"scale":[0.5,0.5,0.5]},"gui":{"rotation":[30,135,0],"translation":[0,-1.5,0],"scale":[0.625,0.625,0.625]},"fixed":{"rotation":[-13.75,-40.25,-17.75],"translation":[11.75,-11.75,0],"scale":[2,2,2]}}}