{"textures":{"particle":"mineclub/handheld/summer_butterfly_net_blue"},"elements":[{"rotation":{"origin":[8,-8,0],"angle":0,"axis":"y"},"from":[3,0,-5],"to":[11,2,-3],"faces":{"south":{"uv":[2.25,2.25,0.25,1.75],"texture":"#particle"},"north":{"uv":[0.25,0.75,2.25,1.25],"texture":"#particle"},"west":{"uv":[2.25,0.75,2.75,1.25],"texture":"#particle"},"up":{"uv":[2.25,0.75,0.25,0.25],"texture":"#particle"},"down":{"uv":[2.25,1.75,0.25,1.25],"texture":"#particle"}}},{"rotation":{"origin":[8,-8,0],"angle":0,"axis":"y"},"from":[11,0,-5],"to":[13,2,3],"faces":{"east":{"uv":[0.25,0.75,2.25,1.25],"texture":"#particle"},"north":{"uv":[2.25,0.75,2.75,1.25],"texture":"#particle"},"west":{"uv":[2.25,2.25,0.25,1.75],"texture":"#particle"},"up":{"uv":[2.25,0.75,0.25,0.25],"texture":"#particle","rotation":90},"down":{"uv":[2.25,1.75,0.25,1.25],"texture":"#particle","rotation":270}}},{"rotation":{"origin":[8,-8,0],"angle":0,"axis":"y"},"from":[5,0,3],"to":[13,2,5],"faces":{"east":{"uv":[2.25,0.75,2.75,1.25],"texture":"#particle"},"south":{"uv":[0.25,0.75,2.25,1.25],"texture":"#particle"},"north":{"uv":[2.25,2.25,0.25,1.75],"texture":"#particle"},"up":{"uv":[2.25,0.75,0.25,0.25],"texture":"#particle","rotation":180},"down":{"uv":[2.25,1.75,0.25,1.25],"texture":"#particle","rotation":180}}},{"rotation":{"origin":[8,-8,0],"angle":0,"axis":"y"},"from":[3,0,-3],"to":[5,2,5],"faces":{"east":{"uv":[2.25,2.25,0.25,1.75],"texture":"#particle"},"south":{"uv":[2.25,0.75,2.75,1.25],"texture":"#particle"},"west":{"uv":[0.25,0.75,2.25,1.25],"texture":"#particle"},"up":{"uv":[2.25,0.75,0.25,0.25],"texture":"#particle","rotation":270},"down":{"uv":[2.25,1.75,0.25,1.25],"texture":"#particle","rotation":90}}},{"rotation":{"origin":[8,-8,0],"angle":0,"axis":"y"},"from":[4,-8,-4],"to":[12,-7.99,4],"faces":{"up":{"uv":[2.25,7.25,0.25,5.25],"texture":"#particle"},"down":{"uv":[2.25,5.25,0.25,7.25],"texture":"#particle"}}},{"rotation":{"origin":[8,-8,0],"angle":0,"axis":"y"},"from":[4,-8,-4],"to":[12,0,-3.99],"faces":{"south":{"uv":[2.25,2.75,0.25,4.75],"texture":"#particle"},"north":{"uv":[0.25,2.75,2.25,4.75],"texture":"#particle"}}},{"rotation":{"origin":[8,-8,0],"angle":0,"axis":"y"},"from":[11.99,-8,-4],"to":[12,0,4],"faces":{"east":{"uv":[0.25,2.75,2.25,4.75],"texture":"#particle"},"west":{"uv":[2.25,2.75,0.25,4.75],"texture":"#particle"}}},{"rotation":{"origin":[8,-8,0],"angle":0,"axis":"y"},"from":[4,-8,3.99],"to":[12,0,4],"faces":{"south":{"uv":[0.25,2.75,2.25,4.75],"texture":"#particle"},"north":{"uv":[2.25,2.75,0.25,4.75],"texture":"#particle"}}},{"rotation":{"origin":[8,-8,0],"angle":0,"axis":"y"},"from":[4,-8,-4],"to":[4.01,0,4],"faces":{"east":{"uv":[2.25,2.75,0.25,4.75],"texture":"#particle"},"west":{"uv":[0.25,2.75,2.25,4.75],"texture":"#particle"}}},{"rotation":{"origin":[8,1,7],"angle":0,"axis":"y"},"from":[7,0,5],"to":[9,2,9],"faces":{"east":{"uv":[7.5,5.75,6.5,5.25],"texture":"#particle"},"west":{"uv":[6.5,4.25,7.5,4.75],"texture":"#particle"},"up":{"uv":[7.5,4.25,6.5,3.75],"texture":"#particle","rotation":270},"down":{"uv":[7.5,5.25,6.5,4.75],"texture":"#particle","rotation":90}}},{"rotation":{"origin":[8,1,15],"angle":0,"axis":"y"},"from":[6.5,-0.5,9],"to":[9.5,2.5,21],"faces":{"east":{"uv":[7,3.25,4,2.5],"texture":"#particle"},"south":{"uv":[7,1,7.75,1.75],"texture":"#particle"},"north":{"uv":[3.25,1,4,1.75],"texture":"#particle"},"west":{"uv":[4,1,7,1.75],"texture":"#particle"},"up":{"uv":[7,1,4,0.25],"texture":"#particle","rotation":270},"down":{"uv":[7,2.5,4,1.75],"texture":"#particle","rotation":90}}},{"rotation":{"origin":[2.5,6.34358,1],"angle":0,"axis":"y"},"from":[2,5,-1],"to":[3,6,3],"faces":{"east":{"uv":[7.5,6.25,6.5,6.5],"texture":"#particle"},"south":{"uv":[5.75,6,6,6.25],"texture":"#particle"},"north":{"uv":[5.75,4.75,6,5],"texture":"#particle"},"west":{"uv":[6.5,6.25,7.5,6.5],"texture":"#particle"},"up":{"uv":[6,4.75,5.75,3.75],"texture":"#particle"},"down":{"uv":[6,6,5.75,5],"texture":"#particle"}}},{"rotation":{"origin":[7.5,14.34358,4],"angle":0,"axis":"y"},"from":[7,13,2],"to":[8,14,6],"faces":{"east":{"uv":[7.5,6.25,6.5,6.5],"texture":"#particle"},"south":{"uv":[5.75,6,6,6.25],"texture":"#particle"},"north":{"uv":[5.75,4.75,6,5],"texture":"#particle"},"west":{"uv":[6.5,6.25,7.5,6.5],"texture":"#particle"},"up":{"uv":[6,4.75,5.75,3.75],"texture":"#particle"},"down":{"uv":[6,6,5.75,5],"texture":"#particle"}}},{"rotation":{"origin":[13.5,8.34358,-3],"angle":0,"axis":"y"},"from":[11.5,7,-3.5],"to":[15.5,8,-2.5],"faces":{"east":{"uv":[5.75,6,6,6.25],"texture":"#particle"},"south":{"uv":[6.5,6.25,7.5,6.5],"texture":"#particle"},"north":{"uv":[7.5,6.25,6.5,6.5],"texture":"#particle"},"west":{"uv":[5.75,4.75,6,5],"texture":"#particle"},"up":{"uv":[6,4.75,5.75,3.75],"texture":"#particle","rotation":270},"down":{"uv":[6,6,5.75,5],"texture":"#particle","rotation":90}}},{"rotation":{"origin":[2,6,1],"angle":-22.5,"axis":"z"},"from":[-2,6,-2],"to":[2,6.01,4],"faces":{"up":{"uv":[3.75,5.25,2.75,3.75],"texture":"#particle"},"down":{"uv":[3.75,3.75,2.75,5.25],"texture":"#particle"}}},{"rotation":{"origin":[7,14,4],"angle":-22.5,"axis":"z"},"from":[3,14,1],"to":[7,14.01,7],"faces":{"up":{"uv":[5.25,5.25,4.25,3.75],"texture":"#particle"},"down":{"uv":[5.25,3.75,4.25,5.25],"texture":"#particle"}}},{"rotation":{"origin":[3,6,1],"angle":22.5,"axis":"z"},"from":[3,6,-2],"to":[7,6.01,4],"faces":{"up":{"uv":[2.75,5.25,3.75,3.75],"texture":"#particle"},"down":{"uv":[2.75,3.75,3.75,5.25],"texture":"#particle"}}},{"rotation":{"origin":[8,14,4],"angle":22.5,"axis":"z"},"from":[8,14,1],"to":[12,14.01,7],"faces":{"up":{"uv":[4.25,5.25,5.25,3.75],"texture":"#particle"},"down":{"uv":[4.25,3.75,5.25,5.25],"texture":"#particle"}}},{"rotation":{"origin":[13.5,8,-2.5],"angle":-22.5,"axis":"x"},"from":[10.5,8,-2.5],"to":[16.5,8.01,1.5],"faces":{"up":{"uv":[3.75,7.25,2.75,5.75],"texture":"#particle","rotation":270},"down":{"uv":[3.75,5.75,2.75,7.25],"texture":"#particle","rotation":90}}},{"rotation":{"origin":[13.5,8,-3.5],"angle":22.5,"axis":"x"},"from":[10.5,8,-7.5],"to":[16.5,8.01,-3.5],"faces":{"up":{"uv":[2.75,7.25,3.75,5.75],"texture":"#particle","rotation":270},"down":{"uv":[2.75,5.75,3.75,7.25],"texture":"#particle","rotation":90}}},{"rotation":{"origin":[8,-8,0],"angle":0,"axis":"y"},"from":[3,0,-5],"to":[11,2,-3],"faces":{"south":{"uv":[10.25,2.25,8.25,1.75],"texture":"#particle"},"north":{"uv":[8.25,0.75,10.25,1.25],"texture":"#particle"},"west":{"uv":[10.25,0.75,10.75,1.25],"texture":"#particle"},"up":{"uv":[10.25,0.75,8.25,0.25],"texture":"#particle"},"down":{"uv":[10.25,1.75,8.25,1.25],"texture":"#particle"}}},{"rotation":{"origin":[8,-8,0],"angle":0,"axis":"y"},"from":[11,0,-5],"to":[13,2,3],"faces":{"east":{"uv":[8.25,0.75,10.25,1.25],"texture":"#particle"},"north":{"uv":[10.25,0.75,10.75,1.25],"texture":"#particle"},"west":{"uv":[10.25,2.25,8.25,1.75],"texture":"#particle"},"up":{"uv":[10.25,0.75,8.25,0.25],"texture":"#particle","rotation":90},"down":{"uv":[10.25,1.75,8.25,1.25],"texture":"#particle","rotation":270}}},{"rotation":{"origin":[8,-8,0],"angle":0,"axis":"y"},"from":[5,0,3],"to":[13,2,5],"faces":{"east":{"uv":[10.25,0.75,10.75,1.25],"texture":"#particle"},"south":{"uv":[8.25,0.75,10.25,1.25],"texture":"#particle"},"north":{"uv":[10.25,2.25,8.25,1.75],"texture":"#particle"},"up":{"uv":[10.25,0.75,8.25,0.25],"texture":"#particle","rotation":180},"down":{"uv":[10.25,1.75,8.25,1.25],"texture":"#particle","rotation":180}}},{"rotation":{"origin":[8,-8,0],"angle":0,"axis":"y"},"from":[3,0,-3],"to":[5,2,5],"faces":{"east":{"uv":[10.25,2.25,8.25,1.75],"texture":"#particle"},"south":{"uv":[10.25,0.75,10.75,1.25],"texture":"#particle"},"west":{"uv":[8.25,0.75,10.25,1.25],"texture":"#particle"},"up":{"uv":[10.25,0.75,8.25,0.25],"texture":"#particle","rotation":270},"down":{"uv":[10.25,1.75,8.25,1.25],"texture":"#particle","rotation":90}}},{"rotation":{"origin":[8,-8,0],"angle":0,"axis":"y"},"from":[4,-8,-4],"to":[12,-7.99,4],"faces":{"up":{"uv":[10.25,7.25,8.25,5.25],"texture":"#particle"},"down":{"uv":[10.25,5.25,8.25,7.25],"texture":"#particle"}}},{"rotation":{"origin":[8,-8,0],"angle":0,"axis":"y"},"from":[4,-8,-4],"to":[12,0,-3.99],"faces":{"south":{"uv":[10.25,2.75,8.25,4.75],"texture":"#particle"},"north":{"uv":[8.25,2.75,10.25,4.75],"texture":"#particle"}}},{"rotation":{"origin":[8,-8,0],"angle":0,"axis":"y"},"from":[11.99,-8,-4],"to":[12,0,4],"faces":{"east":{"uv":[8.25,2.75,10.25,4.75],"texture":"#particle"},"west":{"uv":[10.25,2.75,8.25,4.75],"texture":"#particle"}}},{"rotation":{"origin":[8,-8,0],"angle":0,"axis":"y"},"from":[4,-8,3.99],"to":[12,0,4],"faces":{"south":{"uv":[8.25,2.75,10.25,4.75],"texture":"#particle"},"north":{"uv":[10.25,2.75,8.25,4.75],"texture":"#particle"}}},{"rotation":{"origin":[8,-8,0],"angle":0,"axis":"y"},"from":[4,-8,-4],"to":[4.01,0,4],"faces":{"east":{"uv":[10.25,2.75,8.25,4.75],"texture":"#particle"},"west":{"uv":[8.25,2.75,10.25,4.75],"texture":"#particle"}}},{"rotation":{"origin":[8,1,7],"angle":0,"axis":"y"},"from":[7,0,5],"to":[9,2,9],"faces":{"east":{"uv":[15.5,5.75,14.5,5.25],"texture":"#particle"},"west":{"uv":[14.5,4.25,15.5,4.75],"texture":"#particle"},"up":{"uv":[15.5,4.25,14.5,3.75],"texture":"#particle","rotation":270},"down":{"uv":[15.5,5.25,14.5,4.75],"texture":"#particle","rotation":90}}},{"rotation":{"origin":[8,1,15],"angle":0,"axis":"y"},"from":[6.5,-0.5,9],"to":[9.5,2.5,21],"faces":{"east":{"uv":[15,3.25,12,2.5],"texture":"#particle"},"south":{"uv":[15,1,15.75,1.75],"texture":"#particle"},"north":{"uv":[11.25,1,12,1.75],"texture":"#particle"},"west":{"uv":[12,1,15,1.75],"texture":"#particle"},"up":{"uv":[15,1,12,0.25],"texture":"#particle","rotation":270},"down":{"uv":[15,2.5,12,1.75],"texture":"#particle","rotation":90}}},{"rotation":{"origin":[2.5,6.34358,1],"angle":0,"axis":"y"},"from":[2,5,-1],"to":[3,6,3],"faces":{"east":{"uv":[15.5,6.25,14.5,6.5],"texture":"#particle"},"south":{"uv":[13.75,6,14,6.25],"texture":"#particle"},"north":{"uv":[13.75,4.75,14,5],"texture":"#particle"},"west":{"uv":[14.5,6.25,15.5,6.5],"texture":"#particle"},"up":{"uv":[14,4.75,13.75,3.75],"texture":"#particle"},"down":{"uv":[14,6,13.75,5],"texture":"#particle"}}},{"rotation":{"origin":[7.5,14.34358,4],"angle":0,"axis":"y"},"from":[7,13,2],"to":[8,14,6],"faces":{"east":{"uv":[15.5,6.25,14.5,6.5],"texture":"#particle"},"south":{"uv":[13.75,6,14,6.25],"texture":"#particle"},"north":{"uv":[13.75,4.75,14,5],"texture":"#particle"},"west":{"uv":[14.5,6.25,15.5,6.5],"texture":"#particle"},"up":{"uv":[14,4.75,13.75,3.75],"texture":"#particle"},"down":{"uv":[14,6,13.75,5],"texture":"#particle"}}},{"rotation":{"origin":[13.5,8.34358,-3],"angle":0,"axis":"y"},"from":[11.5,7,-3.5],"to":[15.5,8,-2.5],"faces":{"east":{"uv":[13.75,6,14,6.25],"texture":"#particle"},"south":{"uv":[14.5,6.25,15.5,6.5],"texture":"#particle"},"north":{"uv":[15.5,6.25,14.5,6.5],"texture":"#particle"},"west":{"uv":[13.75,4.75,14,5],"texture":"#particle"},"up":{"uv":[14,4.75,13.75,3.75],"texture":"#particle","rotation":270},"down":{"uv":[14,6,13.75,5],"texture":"#particle","rotation":90}}},{"rotation":{"origin":[2,6,1],"angle":22.5,"axis":"z"},"from":[-2,6,-2],"to":[2,6.01,4],"faces":{"up":{"uv":[11.75,5.25,10.75,3.75],"texture":"#particle"},"down":{"uv":[11.75,3.75,10.75,5.25],"texture":"#particle"}}},{"rotation":{"origin":[7,14,4],"angle":22.5,"axis":"z"},"from":[3,14,1],"to":[7,14.01,7],"faces":{"up":{"uv":[13.25,5.25,12.25,3.75],"texture":"#particle"},"down":{"uv":[13.25,3.75,12.25,5.25],"texture":"#particle"}}},{"rotation":{"origin":[3,6,1],"angle":-22.5,"axis":"z"},"from":[3,6,-2],"to":[7,6.01,4],"faces":{"up":{"uv":[10.75,5.25,11.75,3.75],"texture":"#particle"},"down":{"uv":[10.75,3.75,11.75,5.25],"texture":"#particle"}}},{"rotation":{"origin":[8,14,4],"angle":-22.5,"axis":"z"},"from":[8,14,1],"to":[12,14.01,7],"faces":{"up":{"uv":[12.25,5.25,13.25,3.75],"texture":"#particle"},"down":{"uv":[12.25,3.75,13.25,5.25],"texture":"#particle"}}},{"rotation":{"origin":[13.5,8,-2.5],"angle":22.5,"axis":"x"},"from":[10.5,8,-2.5],"to":[16.5,8.01,1.5],"faces":{"up":{"uv":[11.75,7.25,10.75,5.75],"texture":"#particle","rotation":270},"down":{"uv":[11.75,5.75,10.75,7.25],"texture":"#particle","rotation":90}}},{"rotation":{"origin":[13.5,8,-3.5],"angle":-22.5,"axis":"x"},"from":[10.5,8,-7.5],"to":[16.5,8.01,-3.5],"faces":{"up":{"uv":[10.75,7.25,11.75,5.75],"texture":"#particle","rotation":270},"down":{"uv":[10.75,5.75,11.75,7.25],"texture":"#particle","rotation":90}}},{"rotation":{"origin":[8,-8,0],"angle":0,"axis":"y"},"from":[3,0,-5],"to":[11,2,-3],"faces":{"south":{"uv":[2.25,10.25,0.25,9.75],"texture":"#particle"},"north":{"uv":[0.25,8.75,2.25,9.25],"texture":"#particle"},"west":{"uv":[2.25,8.75,2.75,9.25],"texture":"#particle"},"up":{"uv":[2.25,8.75,0.25,8.25],"texture":"#particle"},"down":{"uv":[2.25,9.75,0.25,9.25],"texture":"#particle"}}},{"rotation":{"origin":[8,-8,0],"angle":0,"axis":"y"},"from":[11,0,-5],"to":[13,2,3],"faces":{"east":{"uv":[0.25,8.75,2.25,9.25],"texture":"#particle"},"north":{"uv":[2.25,8.75,2.75,9.25],"texture":"#particle"},"west":{"uv":[2.25,10.25,0.25,9.75],"texture":"#particle"},"up":{"uv":[2.25,8.75,0.25,8.25],"texture":"#particle","rotation":90},"down":{"uv":[2.25,9.75,0.25,9.25],"texture":"#particle","rotation":270}}},{"rotation":{"origin":[8,-8,0],"angle":0,"axis":"y"},"from":[5,0,3],"to":[13,2,5],"faces":{"east":{"uv":[2.25,8.75,2.75,9.25],"texture":"#particle"},"south":{"uv":[0.25,8.75,2.25,9.25],"texture":"#particle"},"north":{"uv":[2.25,10.25,0.25,9.75],"texture":"#particle"},"up":{"uv":[2.25,8.75,0.25,8.25],"texture":"#particle","rotation":180},"down":{"uv":[2.25,9.75,0.25,9.25],"texture":"#particle","rotation":180}}},{"rotation":{"origin":[8,-8,0],"angle":0,"axis":"y"},"from":[3,0,-3],"to":[5,2,5],"faces":{"east":{"uv":[2.25,10.25,0.25,9.75],"texture":"#particle"},"south":{"uv":[2.25,8.75,2.75,9.25],"texture":"#particle"},"west":{"uv":[0.25,8.75,2.25,9.25],"texture":"#particle"},"up":{"uv":[2.25,8.75,0.25,8.25],"texture":"#particle","rotation":270},"down":{"uv":[2.25,9.75,0.25,9.25],"texture":"#particle","rotation":90}}},{"rotation":{"origin":[8,-8,0],"angle":0,"axis":"y"},"from":[4,-8,-4],"to":[12,-7.99,4],"faces":{"up":{"uv":[2.25,15.25,0.25,13.25],"texture":"#particle"},"down":{"uv":[2.25,13.25,0.25,15.25],"texture":"#particle"}}},{"rotation":{"origin":[8,-8,0],"angle":0,"axis":"y"},"from":[4,-8,-4],"to":[12,0,-3.99],"faces":{"south":{"uv":[2.25,10.75,0.25,12.75],"texture":"#particle"},"north":{"uv":[0.25,10.75,2.25,12.75],"texture":"#particle"}}},{"rotation":{"origin":[8,-8,0],"angle":0,"axis":"y"},"from":[11.99,-8,-4],"to":[12,0,4],"faces":{"east":{"uv":[0.25,10.75,2.25,12.75],"texture":"#particle"},"west":{"uv":[2.25,10.75,0.25,12.75],"texture":"#particle"}}},{"rotation":{"origin":[8,-8,0],"angle":0,"axis":"y"},"from":[4,-8,3.99],"to":[12,0,4],"faces":{"south":{"uv":[0.25,10.75,2.25,12.75],"texture":"#particle"},"north":{"uv":[2.25,10.75,0.25,12.75],"texture":"#particle"}}},{"rotation":{"origin":[8,-8,0],"angle":0,"axis":"y"},"from":[4,-8,-4],"to":[4.01,0,4],"faces":{"east":{"uv":[2.25,10.75,0.25,12.75],"texture":"#particle"},"west":{"uv":[0.25,10.75,2.25,12.75],"texture":"#particle"}}},{"rotation":{"origin":[8,1,7],"angle":0,"axis":"y"},"from":[7,0,5],"to":[9,2,9],"faces":{"east":{"uv":[7.5,13.75,6.5,13.25],"texture":"#particle"},"west":{"uv":[6.5,12.25,7.5,12.75],"texture":"#particle"},"up":{"uv":[7.5,12.25,6.5,11.75],"texture":"#particle","rotation":270},"down":{"uv":[7.5,13.25,6.5,12.75],"texture":"#particle","rotation":90}}},{"rotation":{"origin":[8,1,15],"angle":0,"axis":"y"},"from":[6.5,-0.5,9],"to":[9.5,2.5,21],"faces":{"east":{"uv":[7,11.25,4,10.5],"texture":"#particle"},"south":{"uv":[7,9,7.75,9.75],"texture":"#particle"},"north":{"uv":[3.25,9,4,9.75],"texture":"#particle"},"west":{"uv":[4,9,7,9.75],"texture":"#particle"},"up":{"uv":[7,9,4,8.25],"texture":"#particle","rotation":270},"down":{"uv":[7,10.5,4,9.75],"texture":"#particle","rotation":90}}},{"rotation":{"origin":[2.5,8.34358,1],"angle":0,"axis":"y"},"from":[2,7,-1],"to":[3,8,3],"faces":{"east":{"uv":[7.5,14.25,6.5,14.5],"texture":"#particle"},"south":{"uv":[5.75,14,6,14.25],"texture":"#particle"},"north":{"uv":[5.75,12.75,6,13],"texture":"#particle"},"west":{"uv":[6.5,14.25,7.5,14.5],"texture":"#particle"},"up":{"uv":[6,12.75,5.75,11.75],"texture":"#particle"},"down":{"uv":[6,14,5.75,13],"texture":"#particle"}}},{"rotation":{"origin":[7.5,16.34358,4],"angle":0,"axis":"y"},"from":[7,15,2],"to":[8,16,6],"faces":{"east":{"uv":[7.5,14.25,6.5,14.5],"texture":"#particle"},"south":{"uv":[5.75,14,6,14.25],"texture":"#particle"},"north":{"uv":[5.75,12.75,6,13],"texture":"#particle"},"west":{"uv":[6.5,14.25,7.5,14.5],"texture":"#particle"},"up":{"uv":[6,12.75,5.75,11.75],"texture":"#particle"},"down":{"uv":[6,14,5.75,13],"texture":"#particle"}}},{"rotation":{"origin":[13.5,10.34358,-3],"angle":0,"axis":"y"},"from":[11.5,9,-3.5],"to":[15.5,10,-2.5],"faces":{"east":{"uv":[5.75,14,6,14.25],"texture":"#particle"},"south":{"uv":[6.5,14.25,7.5,14.5],"texture":"#particle"},"north":{"uv":[7.5,14.25,6.5,14.5],"texture":"#particle"},"west":{"uv":[5.75,12.75,6,13],"texture":"#particle"},"up":{"uv":[6,12.75,5.75,11.75],"texture":"#particle","rotation":270},"down":{"uv":[6,14,5.75,13],"texture":"#particle","rotation":90}}},{"rotation":{"origin":[2,8,1],"angle":-22.5,"axis":"z"},"from":[-2,8,-2],"to":[2,8.01,4],"faces":{"up":{"uv":[3.75,13.25,2.75,11.75],"texture":"#particle"},"down":{"uv":[3.75,11.75,2.75,13.25],"texture":"#particle"}}},{"rotation":{"origin":[7,16,4],"angle":-22.5,"axis":"z"},"from":[3,16,1],"to":[7,16.01,7],"faces":{"up":{"uv":[5.25,13.25,4.25,11.75],"texture":"#particle"},"down":{"uv":[5.25,11.75,4.25,13.25],"texture":"#particle"}}},{"rotation":{"origin":[3,8,1],"angle":22.5,"axis":"z"},"from":[3,8,-2],"to":[7,8.01,4],"faces":{"up":{"uv":[2.75,13.25,3.75,11.75],"texture":"#particle"},"down":{"uv":[2.75,11.75,3.75,13.25],"texture":"#particle"}}},{"rotation":{"origin":[8,16,4],"angle":22.5,"axis":"z"},"from":[8,16,1],"to":[12,16.01,7],"faces":{"up":{"uv":[4.25,13.25,5.25,11.75],"texture":"#particle"},"down":{"uv":[4.25,11.75,5.25,13.25],"texture":"#particle"}}},{"rotation":{"origin":[13.5,10,-2.5],"angle":-22.5,"axis":"x"},"from":[10.5,10,-2.5],"to":[16.5,10.01,1.5],"faces":{"up":{"uv":[3.75,15.25,2.75,13.75],"texture":"#particle","rotation":270},"down":{"uv":[3.75,13.75,2.75,15.25],"texture":"#particle","rotation":90}}},{"rotation":{"origin":[13.5,10,-3.5],"angle":22.5,"axis":"x"},"from":[10.5,10,-7.5],"to":[16.5,10.01,-3.5],"faces":{"up":{"uv":[2.75,15.25,3.75,13.75],"texture":"#particle","rotation":270},"down":{"uv":[2.75,13.75,3.75,15.25],"texture":"#particle","rotation":90}}},{"rotation":{"origin":[8,-8,0],"angle":0,"axis":"y"},"from":[3,0,-5],"to":[11,2,-3],"faces":{"south":{"uv":[10.25,10.25,8.25,9.75],"texture":"#particle"},"north":{"uv":[8.25,8.75,10.25,9.25],"texture":"#particle"},"west":{"uv":[10.25,8.75,10.75,9.25],"texture":"#particle"},"up":{"uv":[10.25,8.75,8.25,8.25],"texture":"#particle"},"down":{"uv":[10.25,9.75,8.25,9.25],"texture":"#particle"}}},{"rotation":{"origin":[8,-8,0],"angle":0,"axis":"y"},"from":[11,0,-5],"to":[13,2,3],"faces":{"east":{"uv":[8.25,8.75,10.25,9.25],"texture":"#particle"},"north":{"uv":[10.25,8.75,10.75,9.25],"texture":"#particle"},"west":{"uv":[10.25,10.25,8.25,9.75],"texture":"#particle"},"up":{"uv":[10.25,8.75,8.25,8.25],"texture":"#particle","rotation":90},"down":{"uv":[10.25,9.75,8.25,9.25],"texture":"#particle","rotation":270}}},{"rotation":{"origin":[8,-8,0],"angle":0,"axis":"y"},"from":[5,0,3],"to":[13,2,5],"faces":{"east":{"uv":[10.25,8.75,10.75,9.25],"texture":"#particle"},"south":{"uv":[8.25,8.75,10.25,9.25],"texture":"#particle"},"north":{"uv":[10.25,10.25,8.25,9.75],"texture":"#particle"},"up":{"uv":[10.25,8.75,8.25,8.25],"texture":"#particle","rotation":180},"down":{"uv":[10.25,9.75,8.25,9.25],"texture":"#particle","rotation":180}}},{"rotation":{"origin":[8,-8,0],"angle":0,"axis":"y"},"from":[3,0,-3],"to":[5,2,5],"faces":{"east":{"uv":[10.25,10.25,8.25,9.75],"texture":"#particle"},"south":{"uv":[10.25,8.75,10.75,9.25],"texture":"#particle"},"west":{"uv":[8.25,8.75,10.25,9.25],"texture":"#particle"},"up":{"uv":[10.25,8.75,8.25,8.25],"texture":"#particle","rotation":270},"down":{"uv":[10.25,9.75,8.25,9.25],"texture":"#particle","rotation":90}}},{"rotation":{"origin":[8,-8,0],"angle":0,"axis":"y"},"from":[4,-8,-4],"to":[12,-7.99,4],"faces":{"up":{"uv":[10.25,15.25,8.25,13.25],"texture":"#particle"},"down":{"uv":[10.25,13.25,8.25,15.25],"texture":"#particle"}}},{"rotation":{"origin":[8,-8,0],"angle":0,"axis":"y"},"from":[4,-8,-4],"to":[12,0,-3.99],"faces":{"south":{"uv":[10.25,10.75,8.25,12.75],"texture":"#particle"},"north":{"uv":[8.25,10.75,10.25,12.75],"texture":"#particle"}}},{"rotation":{"origin":[8,-8,0],"angle":0,"axis":"y"},"from":[11.99,-8,-4],"to":[12,0,4],"faces":{"east":{"uv":[8.25,10.75,10.25,12.75],"texture":"#particle"},"west":{"uv":[10.25,10.75,8.25,12.75],"texture":"#particle"}}},{"rotation":{"origin":[8,-8,0],"angle":0,"axis":"y"},"from":[4,-8,3.99],"to":[12,0,4],"faces":{"south":{"uv":[8.25,10.75,10.25,12.75],"texture":"#particle"},"north":{"uv":[10.25,10.75,8.25,12.75],"texture":"#particle"}}},{"rotation":{"origin":[8,-8,0],"angle":0,"axis":"y"},"from":[4,-8,-4],"to":[4.01,0,4],"faces":{"east":{"uv":[10.25,10.75,8.25,12.75],"texture":"#particle"},"west":{"uv":[8.25,10.75,10.25,12.75],"texture":"#particle"}}},{"rotation":{"origin":[8,1,7],"angle":0,"axis":"y"},"from":[7,0,5],"to":[9,2,9],"faces":{"east":{"uv":[15.5,13.75,14.5,13.25],"texture":"#particle"},"west":{"uv":[14.5,12.25,15.5,12.75],"texture":"#particle"},"up":{"uv":[15.5,12.25,14.5,11.75],"texture":"#particle","rotation":270},"down":{"uv":[15.5,13.25,14.5,12.75],"texture":"#particle","rotation":90}}},{"rotation":{"origin":[8,1,15],"angle":0,"axis":"y"},"from":[6.5,-0.5,9],"to":[9.5,2.5,21],"faces":{"east":{"uv":[15,11.25,12,10.5],"texture":"#particle"},"south":{"uv":[15,9,15.75,9.75],"texture":"#particle"},"north":{"uv":[11.25,9,12,9.75],"texture":"#particle"},"west":{"uv":[12,9,15,9.75],"texture":"#particle"},"up":{"uv":[15,9,12,8.25],"texture":"#particle","rotation":270},"down":{"uv":[15,10.5,12,9.75],"texture":"#particle","rotation":90}}},{"rotation":{"origin":[2.5,8.34358,1],"angle":0,"axis":"y"},"from":[2,7,-1],"to":[3,8,3],"faces":{"east":{"uv":[15.5,14.25,14.5,14.5],"texture":"#particle"},"south":{"uv":[13.75,14,14,14.25],"texture":"#particle"},"north":{"uv":[13.75,12.75,14,13],"texture":"#particle"},"west":{"uv":[14.5,14.25,15.5,14.5],"texture":"#particle"},"up":{"uv":[14,12.75,13.75,11.75],"texture":"#particle"},"down":{"uv":[14,14,13.75,13],"texture":"#particle"}}},{"rotation":{"origin":[7.5,16.34358,4],"angle":0,"axis":"y"},"from":[7,15,2],"to":[8,16,6],"faces":{"east":{"uv":[15.5,14.25,14.5,14.5],"texture":"#particle"},"south":{"uv":[13.75,14,14,14.25],"texture":"#particle"},"north":{"uv":[13.75,12.75,14,13],"texture":"#particle"},"west":{"uv":[14.5,14.25,15.5,14.5],"texture":"#particle"},"up":{"uv":[14,12.75,13.75,11.75],"texture":"#particle"},"down":{"uv":[14,14,13.75,13],"texture":"#particle"}}},{"rotation":{"origin":[13.5,10.34358,-3],"angle":0,"axis":"y"},"from":[11.5,9,-3.5],"to":[15.5,10,-2.5],"faces":{"east":{"uv":[13.75,14,14,14.25],"texture":"#particle"},"south":{"uv":[14.5,14.25,15.5,14.5],"texture":"#particle"},"north":{"uv":[15.5,14.25,14.5,14.5],"texture":"#particle"},"west":{"uv":[13.75,12.75,14,13],"texture":"#particle"},"up":{"uv":[14,12.75,13.75,11.75],"texture":"#particle","rotation":270},"down":{"uv":[14,14,13.75,13],"texture":"#particle","rotation":90}}},{"rotation":{"origin":[2,8,1],"angle":22.5,"axis":"z"},"from":[-2,8,-2],"to":[2,8.01,4],"faces":{"up":{"uv":[11.75,13.25,10.75,11.75],"texture":"#particle"},"down":{"uv":[11.75,11.75,10.75,13.25],"texture":"#particle"}}},{"rotation":{"origin":[7,16,4],"angle":22.5,"axis":"z"},"from":[3,16,1],"to":[7,16.01,7],"faces":{"up":{"uv":[13.25,13.25,12.25,11.75],"texture":"#particle"},"down":{"uv":[13.25,11.75,12.25,13.25],"texture":"#particle"}}},{"rotation":{"origin":[3,8,1],"angle":-22.5,"axis":"z"},"from":[3,8,-2],"to":[7,8.01,4],"faces":{"up":{"uv":[10.75,13.25,11.75,11.75],"texture":"#particle"},"down":{"uv":[10.75,11.75,11.75,13.25],"texture":"#particle"}}},{"rotation":{"origin":[8,16,4],"angle":-22.5,"axis":"z"},"from":[8,16,1],"to":[12,16.01,7],"faces":{"up":{"uv":[12.25,13.25,13.25,11.75],"texture":"#particle"},"down":{"uv":[12.25,11.75,13.25,13.25],"texture":"#particle"}}},{"rotation":{"origin":[13.5,10,-2.5],"angle":22.5,"axis":"x"},"from":[10.5,10,-2.5],"to":[16.5,10.01,1.5],"faces":{"up":{"uv":[11.75,15.25,10.75,13.75],"texture":"#particle","rotation":270},"down":{"uv":[11.75,13.75,10.75,15.25],"texture":"#particle","rotation":90}}},{"rotation":{"origin":[13.5,10,-3.5],"angle":-22.5,"axis":"x"},"from":[10.5,10,-7.5],"to":[16.5,10.01,-3.5],"faces":{"up":{"uv":[10.75,15.25,11.75,13.75],"texture":"#particle","rotation":270},"down":{"uv":[10.75,13.75,11.75,15.25],"texture":"#particle","rotation":90}}}],"display":{"firstperson_righthand":{"rotation":[22.5,11.25,11.25],"translation":[0.5,4.5,0.5],"scale":[0.4,0.4,0.4]},"thirdperson_lefthand":{"rotation":[67,8,0],"translation":[-0.5,3,3],"scale":[0.55,0.55,0.55]},"firstperson_lefthand":{"rotation":[22.5,11.25,11.25],"translation":[0.5,4.5,0.5],"scale":[0.4,0.4,0.4]},"thirdperson_righthand":{"rotation":[67,8,0],"translation":[-0.5,3,3],"scale":[0.55,0.55,0.55]},"ground":{"translation":[0,5,0],"scale":[0.5,0.5,0.5]},"gui":{"rotation":[30,225,0],"translation":[-1,3.25,0],"scale":[0.55,0.53,0.55]},"fixed":{"rotation":[-17.75,-59.25,-22.5],"translation":[5.5,8,3.25],"scale":[2,2,2]}}}