{"textures":{"0":"mineclub/handheld/surf2","particle":"mineclub/handheld/surf2"},"texture_size":[24,24],"elements":[{"rotation":{"origin":[13,9,15],"angle":0,"axis":"y"},"from":[5,1,7],"to":[11,8,8],"faces":{"east":{"uv":[0,11.33333,0.66667,16],"texture":"#0"},"south":{"uv":[0,6.66667,4,11.33333],"texture":"#0"},"north":{"uv":[5.33333,0,9.33333,4.66667],"texture":"#0"},"west":{"uv":[0.66667,11.33333,1.33333,16],"texture":"#0"},"up":{"uv":[14.66667,7.33333,10.66667,6.66667],"texture":"#0"},"down":{"uv":[14.66667,7.33333,10.66667,8],"texture":"#0"}}},{"rotation":{"origin":[14,8,15],"angle":0,"axis":"y"},"from":[6,0,7],"to":[10,1,8],"faces":{"east":{"uv":[8,14,8.66667,14.66667],"texture":"#0"},"south":{"uv":[6.66667,12.66667,9.33333,13.33333],"texture":"#0"},"north":{"uv":[6.66667,12,9.33333,12.66667],"texture":"#0"},"west":{"uv":[8.66667,14,9.33333,14.66667],"texture":"#0"},"up":{"uv":[4,14,1.33333,13.33333],"texture":"#0"},"down":{"uv":[9.33333,13.33333,6.66667,14],"texture":"#0"}}},{"rotation":{"origin":[13,26,15],"angle":0,"axis":"y"},"from":[5,18,7],"to":[11,23,8],"faces":{"east":{"uv":[5.33333,12,6,15.33333],"texture":"#0"},"south":{"uv":[10.66667,10.66667,14.66667,14],"texture":"#0"},"north":{"uv":[9.33333,0,13.33333,3.33333],"texture":"#0"},"west":{"uv":[6,12,6.66667,15.33333],"texture":"#0"},"up":{"uv":[14.66667,8.66667,10.66667,8],"texture":"#0"},"down":{"uv":[14.66667,8.66667,10.66667,9.33333],"texture":"#0"}}},{"rotation":{"origin":[14,31,15],"angle":0,"axis":"y"},"from":[6,23,7],"to":[10,25,8],"faces":{"east":{"uv":[13.33333,0,14,1.33333],"texture":"#0"},"south":{"uv":[10.66667,5.33333,13.33333,6.66667],"texture":"#0"},"north":{"uv":[10.66667,4,13.33333,5.33333],"texture":"#0"},"west":{"uv":[13.33333,1.33333,14,2.66667],"texture":"#0"},"up":{"uv":[13.33333,10,10.66667,9.33333],"texture":"#0"},"down":{"uv":[13.33333,10,10.66667,10.66667],"texture":"#0"}}},{"rotation":{"origin":[15,33,15],"angle":0,"axis":"y"},"from":[7,25,7],"to":[9,26,8],"faces":{"east":{"uv":[6.66667,14,7.33333,14.66667],"texture":"#0"},"south":{"uv":[13.33333,2.66667,14.66667,3.33333],"texture":"#0"},"north":{"uv":[9.33333,4,10.66667,4.66667],"texture":"#0"},"west":{"uv":[7.33333,14,8,14.66667],"texture":"#0"},"up":{"uv":[14.66667,4.66667,13.33333,4],"texture":"#0"},"down":{"uv":[14.66667,4.66667,13.33333,5.33333],"texture":"#0"}}},{"rotation":{"origin":[12,16,15],"angle":0,"axis":"y"},"from":[4,8,7],"to":[12,18,8],"faces":{"east":{"uv":[4,6.66667,4.66667,13.33333],"texture":"#0"},"south":{"uv":[5.33333,5.33333,10.66667,12],"texture":"#0"},"north":{"uv":[0,0,5.33333,6.66667],"texture":"#0"},"west":{"uv":[4.66667,6.66667,5.33333,13.33333],"texture":"#0"},"up":{"uv":[10.66667,5.33333,5.33333,4.66667],"texture":"#0"},"down":{"uv":[14.66667,3.33333,9.33333,4],"texture":"#0"}}}],"display":{"firstperson_righthand":{"rotation":[-15,95,-10],"translation":[6,3,-8]},"thirdperson_lefthand":{"rotation":[70,-20,-20]},"firstperson_lefthand":{"rotation":[-15,95,-10],"translation":[6,3,-8]},"thirdperson_righthand":{"rotation":[-5.75,-77,-16],"translation":[-0.75,0,-1]},"ground":{"rotation":[60,40,0],"translation":[0,3,0]},"gui":{"rotation":[-3,-135,-25],"translation":[0.5,-2,0],"scale":[0.5,0.5,0.5]}}}