{"textures":{"0":"mineclub/handheld/teddy","particle":"mineclub/handheld/teddy"},"texture_size":[32,32],"elements":[{"rotation":{"origin":[13.5,16,13.5],"angle":0,"axis":"y"},"from":[5,8,5.5],"to":[11,13,10.5],"faces":{"east":{"uv":[0,3.5,2.5,6],"texture":"#0"},"south":{"uv":[5,5,8,7.5],"texture":"#0"},"north":{"uv":[2.5,0,5.5,2.5],"texture":"#0"},"west":{"uv":[0,6,2.5,8.5],"texture":"#0"},"up":{"uv":[8,5,5,2.5],"texture":"#0"},"down":{"uv":[8.5,0,5.5,2.5],"texture":"#0"}}},{"rotation":{"origin":[5.35355,22.16726,15.5],"angle":45,"axis":"z"},"from":[-2.89645,14.16726,7.5],"to":[0.10355,17.16726,8.5],"faces":{"east":{"uv":[8.5,11.5,9,13],"texture":"#0"},"south":{"uv":[10.5,8.5,12,10],"texture":"#0"},"north":{"uv":[10.5,7,12,8.5],"texture":"#0"},"west":{"uv":[1,12,1.5,13.5],"texture":"#0"},"up":{"uv":[12,12.5,10.5,12],"texture":"#0"},"down":{"uv":[13.5,12,12,12.5],"texture":"#0"}}},{"rotation":{"origin":[10.64645,22.16726,15.5],"angle":-45,"axis":"z"},"from":[15.89645,14.16726,7.5],"to":[18.89645,17.16726,8.5],"faces":{"east":{"uv":[6.5,12,7,13.5],"texture":"#0"},"south":{"uv":[9,11,10.5,12.5],"texture":"#0"},"north":{"uv":[3,11,4.5,12.5],"texture":"#0"},"west":{"uv":[12,0,12.5,1.5],"texture":"#0"},"up":{"uv":[13.5,6,12,5.5],"texture":"#0"},"down":{"uv":[13.5,6,12,6.5],"texture":"#0"}}},{"rotation":{"origin":[15,16,12.5],"angle":0,"axis":"y"},"from":[6.5,8,4.5],"to":[9.5,10,5.5],"faces":{"east":{"uv":[7,10.5,7.5,11.5],"texture":"#0"},"south":{"uv":[11.5,2.5,13,3.5],"texture":"#0"},"north":{"uv":[11.5,1.5,13,2.5],"texture":"#0"},"west":{"uv":[12,6.5,12.5,7.5],"texture":"#0"},"up":{"uv":[9.5,8,8,7.5],"texture":"#0"},"down":{"uv":[12,10,10.5,10.5],"texture":"#0"}}},{"rotation":{"origin":[15,16,12.5],"angle":0,"axis":"y"},"from":[7.5,9,4.25],"to":[8.5,10,4.5],"faces":{"east":{"uv":[3,12.5,3.25,13],"texture":"#0"},"south":{"uv":[3.5,12.5,4,13],"texture":"#0"},"north":{"uv":[2.5,12.5,3,13],"texture":"#0"},"west":{"uv":[4,12.5,4.25,13],"texture":"#0"},"up":{"uv":[5,12.75,4.5,12.5],"texture":"#0"},"down":{"uv":[5.5,12.5,5,12.75],"texture":"#0"}}},{"rotation":{"origin":[14.5,18,13],"angle":0,"axis":"y"},"from":[6,10,5],"to":[7,11,5.5],"faces":{"east":{"uv":[12,7.5,12.25,8],"texture":"#0"},"south":{"uv":[12,8,12.5,8.5],"texture":"#0"},"north":{"uv":[7.5,9,8,9.5],"texture":"#0"},"west":{"uv":[12,8.5,12.25,9],"texture":"#0"},"up":{"uv":[12.5,9.25,12,9],"texture":"#0"},"down":{"uv":[12.5,9.5,12,9.75],"texture":"#0"}}},{"rotation":{"origin":[17.5,18,13],"angle":0,"axis":"y"},"from":[9,10,5],"to":[10,11,5.5],"faces":{"east":{"uv":[12,10.5,12.25,11],"texture":"#0"},"south":{"uv":[12,11,12.5,11.5],"texture":"#0"},"north":{"uv":[12,10,12.5,10.5],"texture":"#0"},"west":{"uv":[12,11.5,12.25,12],"texture":"#0"},"up":{"uv":[2,12.75,1.5,12.5],"texture":"#0"},"down":{"uv":[2.5,12.5,2,12.75],"texture":"#0"}}},{"rotation":{"origin":[13.5,9,14.5],"angle":0,"axis":"y"},"from":[5.5,1,6.5],"to":[10.5,8,9.5],"faces":{"east":{"uv":[2.5,6,4,9.5],"texture":"#0"},"south":{"uv":[2.5,2.5,5,6],"texture":"#0"},"north":{"uv":[0,0,2.5,3.5],"texture":"#0"},"west":{"uv":[4,7.5,5.5,11],"texture":"#0"},"up":{"uv":[8,9,5.5,7.5],"texture":"#0"},"down":{"uv":[10.5,8,8,9.5],"texture":"#0"}}},{"rotation":{"origin":[11.5,8.27372,7.36241],"angle":-22.5,"axis":"x"},"from":[7,0.27372,6.36241],"to":[9,2.27372,8.36241],"faces":{"east":{"uv":[9.5,7,10.5,8],"texture":"#0"},"south":{"uv":[11.5,3.5,12.5,4.5],"texture":"#0"},"north":{"uv":[1.5,8.5,2.5,9.5],"texture":"#0"},"west":{"uv":[11.5,4.5,12.5,5.5],"texture":"#0"},"up":{"uv":[1,13,0,12],"texture":"#0"},"down":{"uv":[6.5,12,5.5,13],"texture":"#0"}}},{"rotation":{"origin":[13.95669,8,9.8233],"angle":22.5,"axis":"y"},"from":[5.95669,0,1.8233],"to":[8.95669,3,5.8233],"faces":{"east":{"uv":[8,2.5,10,4],"texture":"#0"},"south":{"uv":[10,3,11.5,4.5],"texture":"#0"},"north":{"uv":[10,1.5,11.5,3],"texture":"#0"},"west":{"uv":[8,4,10,5.5],"texture":"#0"},"up":{"uv":[9.5,7.5,8,5.5],"texture":"#0"},"down":{"uv":[1.5,8.5,0,10.5],"texture":"#0"}}},{"rotation":{"origin":[2.04331,8,9.8233],"angle":-22.5,"axis":"y"},"from":[7.04331,0,1.8233],"to":[10.04331,3,5.8233],"faces":{"east":{"uv":[8.5,0,10.5,1.5],"texture":"#0"},"south":{"uv":[5.5,10.5,7,12],"texture":"#0"},"north":{"uv":[0,10.5,1.5,12],"texture":"#0"},"west":{"uv":[5.5,9,7.5,10.5],"texture":"#0"},"up":{"uv":[3,11.5,1.5,9.5],"texture":"#0"},"down":{"uv":[9,9.5,7.5,11.5],"texture":"#0"}}},{"rotation":{"origin":[13.56355,1.5985,15],"angle":22.5,"axis":"z"},"from":[5.56355,7.5985,7],"to":[8.56355,10.5985,9],"faces":{"east":{"uv":[4,6,5,7.5],"texture":"#0"},"south":{"uv":[9.5,5.5,11,7],"texture":"#0"},"north":{"uv":[9,9.5,10.5,11],"texture":"#0"},"west":{"uv":[3,9.5,4,11],"texture":"#0"},"up":{"uv":[10,2.5,8.5,1.5],"texture":"#0"},"down":{"uv":[11.5,4.5,10,5.5],"texture":"#0"}}},{"rotation":{"origin":[2.43645,1.5985,15],"angle":-22.5,"axis":"z"},"from":[7.43645,7.5985,7],"to":[10.43645,10.5985,9],"faces":{"east":{"uv":[4.5,11,5.5,12.5],"texture":"#0"},"south":{"uv":[10.5,0,12,1.5],"texture":"#0"},"north":{"uv":[10.5,10.5,12,12],"texture":"#0"},"west":{"uv":[11,5.5,12,7],"texture":"#0"},"up":{"uv":[3,12.5,1.5,11.5],"texture":"#0"},"down":{"uv":[8.5,11.5,7,12.5],"texture":"#0"}}}],"display":{"firstperson_righthand":{"rotation":[25,125,-15],"translation":[2,4.5,-4]},"thirdperson_lefthand":{"rotation":[50,15,-20],"translation":[-0.5,0.5,2]},"firstperson_lefthand":{"rotation":[25,125,-15],"translation":[2,4.5,-4]},"thirdperson_righthand":{"rotation":[50,15,-20],"translation":[-0.5,0.5,2]},"ground":{"rotation":[50,50,0],"translation":[0,4,0]},"gui":{"rotation":[-13,-136,-24],"translation":[-0.75,1,0],"scale":[0.9,0.9,0.9]}}}