{"textures":{"particle":"mineclub/handheld/gfx_tennis_racket_blue"},"elements":[{"rotation":{"origin":[14,6,14],"angle":0,"axis":"y"},"from":[6,-2,6],"to":[10,0,10],"faces":{"east":{"uv":[8,12.5,10,13.5],"texture":"#particle"},"south":{"uv":[8,12.5,10,13.5],"texture":"#particle"},"north":{"uv":[8,12.5,10,13.5],"texture":"#particle"},"west":{"uv":[8,12.5,10,13.5],"texture":"#particle"},"up":{"uv":[10,12.5,8,10.5],"texture":"#particle"},"down":{"uv":[10,15.5,8,13.5],"texture":"#particle"}}},{"rotation":{"origin":[13.5,4,14.5],"angle":0,"axis":"y"},"from":[6.5,0,6.5],"to":[9.5,10,9.5],"faces":{"east":{"uv":[2,10.5,3.5,15.5],"texture":"#particle"},"south":{"uv":[0.5,10.5,2,15.5],"texture":"#particle"},"north":{"uv":[0.5,10.5,2,15.5],"texture":"#particle"},"west":{"uv":[2,10.5,3.5,15.5],"texture":"#particle"},"up":{"uv":[6,12,4.5,10.5],"texture":"#particle"}}},{"rotation":{"origin":[13,8,15],"angle":0,"axis":"y"},"from":[7,10,7],"to":[9,14,9],"faces":{"east":{"uv":[5.5,13,6.5,15],"texture":"#particle"},"south":{"uv":[4.5,13,5.5,15],"texture":"#particle"},"north":{"uv":[4.5,13,5.5,15],"texture":"#particle"},"west":{"uv":[5.5,13,6.5,15],"texture":"#particle"}}},{"rotation":{"origin":[12.5,22,15],"angle":0,"axis":"y"},"from":[0.5,14,7],"to":[15.5,16,9],"faces":{"east":{"uv":[9,6.5,8,7.5],"texture":"#particle"},"south":{"uv":[8,9.5,0.5,8.5],"texture":"#particle"},"north":{"uv":[0.5,6.5,8,7.5],"texture":"#particle"},"west":{"uv":[8,6.5,9,7.5],"texture":"#particle"},"up":{"uv":[8,6.5,0.5,5.5],"texture":"#particle"},"down":{"uv":[8,8.5,0.5,7.5],"texture":"#particle"}}},{"rotation":{"origin":[12.5,37,15],"angle":0,"axis":"y"},"from":[0.5,29,7],"to":[15.5,31,9],"faces":{"east":{"uv":[9,1.5,8,2.5],"texture":"#particle"},"south":{"uv":[8,4.5,0.5,3.5],"texture":"#particle"},"north":{"uv":[0.5,1.5,8,2.5],"texture":"#particle"},"west":{"uv":[8,1.5,9,2.5],"texture":"#particle"},"up":{"uv":[8,1.5,0.5,0.5],"texture":"#particle"},"down":{"uv":[8,3.5,0.5,2.5],"texture":"#particle"}}},{"rotation":{"origin":[8,22.5,8],"angle":0,"axis":"y"},"from":[2.5,16,8],"to":[13.5,29,8.01],"faces":{"south":{"uv":[15.5,0.5,10,7],"texture":"#particle"},"north":{"uv":[10,0.5,15.5,7],"texture":"#particle"}}},{"rotation":{"origin":[-0.5,22,15],"angle":0,"axis":"y"},"from":[0.5,16,7],"to":[2.5,29,9],"faces":{"east":{"uv":[11.5,8,12.5,14.5],"texture":"#particle"},"south":{"uv":[14.5,8,15.5,14.5],"texture":"#particle"},"north":{"uv":[12.5,8,13.5,14.5],"texture":"#particle"},"west":{"uv":[13.5,8,14.5,14.5],"texture":"#particle"}}},{"rotation":{"origin":[16.5,22,15],"angle":0,"axis":"y"},"from":[13.5,16,7],"to":[15.5,29,9],"faces":{"east":{"uv":[14.5,8,13.5,14.5],"texture":"#particle"},"south":{"uv":[15.5,8,14.5,14.5],"texture":"#particle"},"north":{"uv":[13.5,8,12.5,14.5],"texture":"#particle"},"west":{"uv":[12.5,8,11.5,14.5],"texture":"#particle"}}}],"display":{"firstperson_righthand":{"rotation":[-13.25,-96,3],"translation":[1.5,2,0.5],"scale":[0.4,0.4,0.4]},"thirdperson_lefthand":{"rotation":[0,-157.5,0],"translation":[0,-0.25,0],"scale":[0.55,0.55,0.55]},"firstperson_lefthand":{"rotation":[0,-180,0],"translation":[1.5,2,0.5],"scale":[0.4,0.4,0.4]},"thirdperson_righthand":{"rotation":[-1.75,-104.75,0],"translation":[0,-0.25,0],"scale":[0.55,0.55,0.55]},"ground":{"translation":[0,1.5,0],"scale":[0.5,0.5,0.5]},"gui":{"rotation":[-45,-180,45],"translation":[-3.25,-2,0],"scale":[0.5,0.5,0.5]},"fixed":{"rotation":[0,0,45],"translation":[4,-4,-1],"scale":[0.6,0.6,0.6]}}}