{"textures":{"particle":"mineclub/handheld/gfx_toothbrush"},"elements":[{"rotation":{"origin":[16.5,10,15],"angle":0,"axis":"y"},"from":[6.5,0,7],"to":[9.5,14,9],"faces":{"east":{"uv":[0.66667,2,2,11.33333],"texture":"#particle"},"south":{"uv":[5.33333,2,7.33333,11.33333],"texture":"#particle"},"north":{"uv":[2,2,4,11.33333],"texture":"#particle"},"west":{"uv":[4,2,5.33333,11.33333],"texture":"#particle"},"up":{"uv":[4,2,2,0.66667],"texture":"#particle"},"down":{"uv":[4,12.66667,2,11.33333],"texture":"#particle"}}},{"rotation":{"origin":[16.5,28,15],"angle":0,"axis":"y"},"from":[6.5,20,8],"to":[9.5,25,9],"faces":{"east":{"uv":[8.66667,6.66667,9.33333,10],"texture":"#particle"},"south":{"uv":[12,6.66667,14,10],"texture":"#particle"},"north":{"uv":[9.33333,6.66667,11.33333,10],"texture":"#particle"},"west":{"uv":[11.33333,6.66667,12,10],"texture":"#particle"},"up":{"uv":[11.33333,6.66667,9.33333,6],"texture":"#particle"},"down":{"uv":[11.33333,10.66667,9.33333,10],"texture":"#particle"}}},{"rotation":{"origin":[17,22,15],"angle":0,"axis":"y"},"from":[7,14,8],"to":[9,20,9],"faces":{"east":{"uv":[8.66667,0.66667,9.33333,4.66667],"texture":"#particle"},"south":{"uv":[11.33333,0.66667,12.66667,4.66667],"texture":"#particle"},"north":{"uv":[9.33333,0.66667,10.66667,4.66667],"texture":"#particle"},"west":{"uv":[10.66667,0.66667,11.33333,4.66667],"texture":"#particle"}}},{"rotation":{"origin":[17,25.5,14],"angle":0,"axis":"y"},"from":[7,20.5,6],"to":[9,24.5,8],"faces":{"east":{"uv":[8.66667,12,10,14.66667],"texture":"#particle"},"north":{"uv":[10,12,11.33333,14.66667],"texture":"#particle"},"west":{"uv":[11.33333,12,12.66667,14.66667],"texture":"#particle"},"up":{"uv":[15.33333,2,14,0.66667],"texture":"#particle"},"down":{"uv":[15.33333,4.66667,14,3.33333],"texture":"#particle"}}}],"display":{"firstperson_righthand":{"rotation":[0,45,0],"translation":[2.5,1,0],"scale":[0.4,0.4,0.4]},"thirdperson_lefthand":{"rotation":[0,157.5,0],"translation":[0,-0.75,0.25],"scale":[0.55,0.55,0.55]},"firstperson_lefthand":{"rotation":[0,45,0],"translation":[2.5,1,0],"scale":[0.4,0.4,0.4]},"thirdperson_righthand":{"rotation":[0,157.5,0],"translation":[0,-0.75,0.25],"scale":[0.55,0.55,0.55]},"ground":{"translation":[0,1,0],"scale":[0.5,0.5,0.5]},"gui":{"rotation":[-45,-180,45],"translation":[-2,-1.5,0],"scale":[0.7,0.7,0.7]},"fixed":{"rotation":[0,0,45],"translation":[2.5,-2.5,-1],"scale":[0.75,0.75,0.75]}}}