{"textures":{"particle":"mineclub/handheld/gfx_toy_car"},"elements":[{"rotation":{"origin":[17,9,8],"angle":0,"axis":"y"},"from":[4,1,1],"to":[12,4,15],"faces":{"east":{"uv":[7.5,10,0.5,11.5],"texture":"#particle"},"south":{"uv":[9.5,9,5.5,7.5],"texture":"#particle"},"north":{"uv":[0.5,7.5,4.5,9],"texture":"#particle"},"west":{"uv":[0.5,10,7.5,11.5],"texture":"#particle"},"up":{"uv":[4.5,7.5,0.5,0.5],"texture":"#particle"},"down":{"uv":[9.5,7.5,5.5,0.5],"texture":"#particle"}}},{"rotation":{"origin":[16,9,9],"angle":0,"axis":"y"},"from":[5,1,15],"to":[6,2,16],"faces":{"east":{"uv":[14,10.5,14.5,11],"texture":"#particle"},"south":{"uv":[13.5,10.5,14,11],"texture":"#particle"},"west":{"uv":[13,10.5,13.5,11],"texture":"#particle"},"up":{"uv":[14,10.5,13.5,10],"texture":"#particle"},"down":{"uv":[14,11.5,13.5,11],"texture":"#particle"}}},{"rotation":{"origin":[17,12,8],"angle":0,"axis":"y"},"from":[4,4,5],"to":[12,7,12],"faces":{"east":{"uv":[12,10,8.5,11.5],"texture":"#particle"},"south":{"uv":[10.5,6.5,14.5,8],"texture":"#particle"},"north":{"uv":[10.5,4,14.5,5.5],"texture":"#particle"},"west":{"uv":[8.5,10,12,11.5],"texture":"#particle"},"up":{"uv":[14.5,4,10.5,0.5],"texture":"#particle"}}},{"rotation":{"origin":[17,6,6],"angle":0,"axis":"y"},"from":[4,0,3],"to":[6,1,6],"faces":{"east":{"uv":[0.5,12.5,2,13],"texture":"#particle"},"south":{"uv":[4.5,12.5,5.5,13],"texture":"#particle"},"north":{"uv":[2,12.5,3,13],"texture":"#particle"},"west":{"uv":[3,12.5,4.5,13],"texture":"#particle"},"down":{"uv":[3,14.5,2,13],"texture":"#particle"}}},{"rotation":{"origin":[-1,6,6],"angle":0,"axis":"y"},"from":[10,0,3],"to":[12,1,6],"faces":{"east":{"uv":[4.5,12.5,3,13],"texture":"#particle"},"south":{"uv":[5.5,12.5,4.5,13],"texture":"#particle"},"north":{"uv":[3,12.5,2,13],"texture":"#particle"},"west":{"uv":[2,12.5,0.5,13],"texture":"#particle"},"down":{"uv":[2,14.5,3,13],"texture":"#particle"}}},{"rotation":{"origin":[17,6,13],"angle":0,"axis":"y"},"from":[4,0,10],"to":[6,1,13],"faces":{"east":{"uv":[0.5,12.5,2,13],"texture":"#particle"},"south":{"uv":[4.5,12.5,5.5,13],"texture":"#particle"},"north":{"uv":[2,12.5,3,13],"texture":"#particle"},"west":{"uv":[3,12.5,4.5,13],"texture":"#particle"},"down":{"uv":[3,14.5,2,13],"texture":"#particle"}}},{"rotation":{"origin":[-1,6,13],"angle":0,"axis":"y"},"from":[10,0,10],"to":[12,1,13],"faces":{"east":{"uv":[4.5,12.5,3,13],"texture":"#particle"},"south":{"uv":[5.5,12.5,4.5,13],"texture":"#particle"},"north":{"uv":[3,12.5,2,13],"texture":"#particle"},"west":{"uv":[2,12.5,0.5,13],"texture":"#particle"},"down":{"uv":[2,14.5,3,13],"texture":"#particle"}}}],"display":{"firstperson_righthand":{"rotation":[0,45,0],"translation":[1,4,-0.5],"scale":[0.4,0.4,0.4]},"thirdperson_lefthand":{"rotation":[70,22.5,0],"translation":[0,3,1],"scale":[0.55,0.55,0.55]},"firstperson_lefthand":{"rotation":[0,45,0],"translation":[1,4,-0.5],"scale":[0.4,0.4,0.4]},"thirdperson_righthand":{"rotation":[70,22.5,0],"translation":[0,3,1],"scale":[0.55,0.55,0.55]},"ground":{"translation":[0,1,0],"scale":[0.5,0.5,0.5]},"gui":{"rotation":[30,225,0],"translation":[0,3,0],"scale":[0.8,0.8,0.8]},"fixed":{"rotation":[0,90,0],"translation":[0,4.5,0]}}}