{"textures":{"particle":"mineclub/handheld/gfx_umbrella"},"elements":[{"rotation":{"origin":[15,-4,15],"angle":0,"axis":"y"},"from":[7,-14,7],"to":[9,-8,9],"faces":{"east":{"uv":[0.5,0.5,1.5,3.5],"texture":"#particle"},"south":{"uv":[0.5,0.5,1.5,3.5],"texture":"#particle"},"north":{"uv":[0.5,0.5,1.5,3.5],"texture":"#particle"},"west":{"uv":[0.5,0.5,1.5,3.5],"texture":"#particle"},"down":{"uv":[1.5,4.5,0.5,3.5],"texture":"#particle"}}},{"rotation":{"origin":[15,32,15],"angle":0,"axis":"y"},"from":[7,22,7],"to":[9,28,9],"faces":{"east":{"uv":[0.5,5.5,1.5,8.5],"texture":"#particle"},"south":{"uv":[0.5,5.5,1.5,8.5],"texture":"#particle"},"north":{"uv":[0.5,5.5,1.5,8.5],"texture":"#particle"},"west":{"uv":[0.5,5.5,1.5,8.5],"texture":"#particle"}}},{"rotation":{"origin":[17,32,15],"angle":0,"axis":"y"},"from":[7,28,7],"to":[13,30,9],"faces":{"east":{"uv":[9,1.5,10,2.5],"texture":"#particle"},"south":{"uv":[13,4.5,10,3.5],"texture":"#particle"},"north":{"uv":[10,1.5,13,2.5],"texture":"#particle"},"west":{"uv":[13,1.5,14,2.5],"texture":"#particle"},"up":{"uv":[13,1.5,10,0.5],"texture":"#particle"},"down":{"uv":[13,3.5,10,2.5],"texture":"#particle"}}},{"rotation":{"origin":[17,30,15],"angle":0,"axis":"y"},"from":[11,26,7],"to":[13,28,9],"faces":{"east":{"uv":[0.5,14.5,1.5,15.5],"texture":"#particle"},"south":{"uv":[1.5,9.5,0.5,10.5],"texture":"#particle"},"north":{"uv":[0.5,9.5,1.5,10.5],"texture":"#particle"},"west":{"uv":[0.5,12.5,1.5,13.5],"texture":"#particle"},"down":{"uv":[1.5,11.5,0.5,10.5],"texture":"#particle"}}},{"rotation":{"origin":[15,0,15],"angle":0,"axis":"y"},"from":[6,-8,6],"to":[10,18,10],"faces":{"east":{"uv":[2.5,0.5,4.5,13.5],"texture":"#particle"},"south":{"uv":[2.5,0.5,4.5,13.5],"texture":"#particle"},"north":{"uv":[2.5,0.5,4.5,13.5],"texture":"#particle"},"west":{"uv":[2.5,0.5,4.5,13.5],"texture":"#particle"},"down":{"uv":[4.5,15.5,2.5,13.5],"texture":"#particle"}}},{"rotation":{"origin":[14.5,8,15.5],"angle":0,"axis":"y"},"from":[5.5,-2,5.5],"to":[10.5,16,10.5],"faces":{"east":{"uv":[5.5,3,8,12],"texture":"#particle"},"south":{"uv":[5.5,3,8,12],"texture":"#particle"},"north":{"uv":[5.5,3,8,12],"texture":"#particle"},"west":{"uv":[5.5,3,8,12],"texture":"#particle"},"up":{"uv":[8,3,5.5,0.5],"texture":"#particle"},"down":{"uv":[8,14.5,5.5,12],"texture":"#particle"}}},{"rotation":{"origin":[14.5,18,15.5],"angle":0,"axis":"y"},"from":[5.5,18,5.5],"to":[10.5,22,10.5],"faces":{"east":{"uv":[9,8,11.5,10],"texture":"#particle"},"south":{"uv":[9,8,11.5,10],"texture":"#particle"},"north":{"uv":[9,8,11.5,10],"texture":"#particle"},"west":{"uv":[9,8,11.5,10],"texture":"#particle"},"up":{"uv":[11.5,8,9,5.5],"texture":"#particle"},"down":{"uv":[11.5,12.5,9,10],"texture":"#particle"}}}],"display":{"firstperson_righthand":{"rotation":[-16,135,0],"translation":[2,-1,0],"scale":[0.4,0.4,0.4]},"thirdperson_lefthand":{"rotation":[4,-180,0],"translation":[-1,-2,0],"scale":[0.55,0.55,0.55]},"firstperson_lefthand":{"rotation":[-16,135,0],"translation":[2,-1,0],"scale":[0.4,0.4,0.4]},"thirdperson_righthand":{"rotation":[4,-180,0],"translation":[-1,-2,0],"scale":[0.55,0.55,0.55]},"ground":{"translation":[0,7.5,0],"scale":[0.5,0.5,0.5]},"gui":{"rotation":[-45,-180,45],"scale":[0.45,0.45,0.45]},"fixed":{"rotation":[0,0,45],"scale":[0.5,0.5,0.5]}}}