{"textures":{"0":"mineclub/handheld/zombie","particle":"mineclub/handheld/zombie"},"texture_size":[24,24],"elements":[{"rotation":{"origin":[8,6,8],"angle":22.5,"axis":"x"},"from":[6,6,6],"to":[10,10,10],"faces":{"east":{"uv":[0,2.66667,2.66667,5.33333],"texture":"#0"},"south":{"uv":[2.66667,2.66667,5.33333,5.33333],"texture":"#0"},"north":{"uv":[0,0,2.66667,2.66667],"texture":"#0"},"west":{"uv":[2.66667,0,5.33333,2.66667],"texture":"#0"},"up":{"uv":[2.66667,8,0,5.33333],"texture":"#0"},"down":{"uv":[5.33333,5.33333,2.66667,8],"texture":"#0"}}},{"rotation":{"origin":[8,3,15.25],"angle":0,"axis":"y"},"from":[6.5,3,7.25],"to":[9.5,6,8.75],"faces":{"east":{"uv":[5.33333,2,6.33333,4],"texture":"#0"},"south":{"uv":[5.33333,0,7.33333,2],"texture":"#0"},"north":{"uv":[5.33333,5.33333,7.33333,7.33333],"texture":"#0"},"west":{"uv":[6.66667,2,7.66667,4],"texture":"#0"},"up":{"uv":[7.33333,5,5.33333,4],"texture":"#0"},"down":{"uv":[7.33333,7.33333,5.33333,8.33333],"texture":"#0"}}},{"rotation":{"origin":[9.5,6,8.25],"angle":0,"axis":"y"},"from":[9.5,5.5,5.25],"to":[11,7,8.25],"faces":{"east":{"uv":[7.33333,7.33333,9.33333,8.33333],"texture":"#0"},"south":{"uv":[9.33333,7.33333,10.33333,8.33333],"texture":"#0"},"north":{"uv":[9.33333,2,10.33333,3],"texture":"#0"},"west":{"uv":[7.33333,0,9.33333,1],"texture":"#0"},"up":{"uv":[8.33333,6,7.33333,4],"texture":"#0"},"down":{"uv":[1,8,0,10],"texture":"#0"}}},{"rotation":{"origin":[8.75,3,8],"angle":-22.5,"axis":"x"},"from":[8.01,0.01,7.26],"to":[9.49,2.99,8.74],"faces":{"east":{"uv":[1.33333,9.33333,2.33333,11.33333],"texture":"#0"},"south":{"uv":[9.33333,0,10.33333,2],"texture":"#0"},"north":{"uv":[8.66667,3.33333,9.66667,5.33333],"texture":"#0"},"west":{"uv":[9.33333,5.33333,10.33333,7.33333],"texture":"#0"},"up":{"uv":[11,9.66667,10,8.66667],"texture":"#0"},"down":{"uv":[5,10.66667,4,11.66667],"texture":"#0"}}},{"rotation":{"origin":[6.5,6,8],"angle":-22.5,"axis":"x"},"from":[5,5.25,5],"to":[6.5,6.75,8],"faces":{"east":{"uv":[7.33333,6,9.33333,7],"texture":"#0"},"south":{"uv":[2.66667,10,3.66667,11],"texture":"#0"},"north":{"uv":[0,10,1,11],"texture":"#0"},"west":{"uv":[1.33333,8,3.33333,9],"texture":"#0"},"up":{"uv":[4.33333,10,3.33333,8],"texture":"#0"},"down":{"uv":[9,1.33333,8,3.33333],"texture":"#0"}}},{"rotation":{"origin":[7.25,3,8],"angle":22.5,"axis":"x"},"from":[6.51,0.01,7.26],"to":[7.99,2.99,8.74],"faces":{"east":{"uv":[6,8.66667,7,10.66667],"texture":"#0"},"south":{"uv":[7.33333,8.66667,8.33333,10.66667],"texture":"#0"},"north":{"uv":[4.66667,8.66667,5.66667,10.66667],"texture":"#0"},"west":{"uv":[8.66667,8.66667,9.66667,10.66667],"texture":"#0"},"up":{"uv":[11,11,10,10],"texture":"#0"},"down":{"uv":[11,3.33333,10,4.33333],"texture":"#0"}}}],"display":{"firstperson_righthand":{"rotation":[15,120,-15],"translation":[0,7,0]},"thirdperson_lefthand":{"rotation":[40,25,-15],"translation":[1.25,4,2.75]},"firstperson_lefthand":{"rotation":[15,120,-15],"translation":[0,7,0]},"thirdperson_righthand":{"rotation":[47.75,25,-15],"translation":[1.25,4,2.75]},"ground":{"rotation":[30,35,-25],"translation":[0,4,0]},"gui":{"rotation":[30,225,0],"translation":[0,2.5,0]}}}