{"textures":{"1":"mineclub/games/minesweeper/sign"},"texture_size":[192,64],"elements":[{"from":[0,0,0],"to":[32,32,0],"faces":{"east":{"uv":[0.25,1,0.5,2.5],"texture":"#missing"},"south":{"uv":[1.25,0.25,15.75,0.75],"texture":"#missing"},"north":{"uv":[5,0,11,16],"texture":"#1"},"west":{"uv":[0,0.25,16,0.75],"texture":"#missing"},"up":{"uv":[1,0.25,16,0.5],"texture":"#missing"},"down":{"uv":[2.25,0.25,15.5,0.75],"texture":"#missing"}}}],"display":{"fixed":{"translation":[-32,-32,17.75],"scale":[2,2.00391,2]}}}