{"parent":"minecraft:block/button","textures":{"texture":"block/polished_granite"},"texture_size":[32,32],"elements":[{"rotation":{"origin":[8,12,8],"angle":0,"axis":"y"},"from":[0,4,0],"to":[16,4,16],"faces":{"east":{"uv":[0,0,8,0],"texture":"#texture"},"south":{"uv":[0,0,8,0],"texture":"#texture"},"north":{"uv":[0,0,8,0],"texture":"#texture"},"west":{"uv":[0,0,8,0],"texture":"#texture"},"up":{"uv":[0,0,8,8],"texture":"#texture"},"down":{"uv":[8,0.5,16,8.5],"texture":"#texture"}}},{"rotation":{"origin":[24,8,8],"angle":0,"axis":"z"},"from":[16,0,0],"to":[16,4,16],"faces":{"east":{"uv":[0,0,2,8],"texture":"#texture","rotation":90},"south":{"uv":[0,0,8,0],"texture":"#texture","rotation":90},"north":{"uv":[0,0,8,0],"texture":"#texture","rotation":270},"west":{"uv":[8,0,16,8],"texture":"#texture","rotation":90},"up":{"uv":[0,0,8,0],"texture":"#texture","rotation":90},"down":{"uv":[0,0,8,0],"texture":"#texture","rotation":90}}},{"rotation":{"origin":[8,8,-8],"angle":0,"axis":"y"},"from":[0,0,0],"to":[16,4,0],"faces":{"east":{"uv":[0,0,8,0],"texture":"#texture","rotation":90},"south":{"uv":[8,0,16,8],"texture":"#texture","rotation":90},"north":{"uv":[0,0,2,8],"texture":"#texture","rotation":90},"west":{"uv":[0,0,8,0],"texture":"#texture","rotation":270},"up":{"uv":[0,0,8,0],"texture":"#texture"},"down":{"uv":[0,0,8,0],"texture":"#texture","rotation":180}}},{"rotation":{"origin":[8,8,24],"angle":0,"axis":"y"},"from":[0,0,16],"to":[16,4,16],"faces":{"east":{"uv":[0,0,8,0],"texture":"#texture","rotation":270},"south":{"uv":[0,0,2,8],"texture":"#texture","rotation":90},"north":{"uv":[8,0,16,8],"texture":"#texture","rotation":90},"west":{"uv":[0,0,8,0],"texture":"#texture","rotation":90},"up":{"uv":[0,0,8,0],"texture":"#texture","rotation":180},"down":{"uv":[0,0,8,0],"texture":"#texture"}}},{"rotation":{"origin":[-8,8,8],"angle":0,"axis":"y"},"from":[0,0,0],"to":[0,4,16],"faces":{"east":{"uv":[8,0,16,8],"texture":"#texture","rotation":90},"south":{"uv":[0,0,8,0],"texture":"#texture","rotation":270},"north":{"uv":[0,0,8,0],"texture":"#texture","rotation":90},"west":{"uv":[0,0,2,8],"texture":"#texture","rotation":90},"up":{"uv":[0,0,8,0],"texture":"#texture","rotation":270},"down":{"uv":[0,0,8,0],"texture":"#texture","rotation":270}}}]}