{"variants":{"extended=true,facing=down":{"x":90,"model":"minecraft:block/barrier"},"extended=false,facing=down":{"x":90,"model":"minecraft:block/barrier"},"extended=false,facing=west":{"y":270,"model":"minecraft:block/barrier"},"extended=true,facing=north":{"model":"minecraft:block/barrier"},"extended=true,facing=up":{"x":270,"model":"minecraft:block/barrier"},"extended=false,facing=east":{"y":90,"model":"minecraft:block/barrier"},"extended=true,facing=south":{"y":180,"model":"minecraft:block/barrier"},"extended=true,facing=west":{"y":270,"model":"minecraft:block/barrier"},"extended=false,facing=north":{"model":"minecraft:block/barrier"},"extended=false,facing=south":{"y":180,"model":"minecraft:block/barrier"},"extended=true,facing=east":{"y":90,"model":"minecraft:block/barrier"},"extended=false,facing=up":{"x":270,"model":"minecraft:block/barrier"}}}