{"textures":{"particle":"mineclub/games/lasertag/gfx_gemstone"},"elements":[{"from":[0,-11.3125,0],"to":[16,27.3125,16],"faces":{"up":{"uv":[12.75,4.25,8.75,0.25],"texture":"#particle","tintindex":0},"down":{"uv":[12.75,8.75,8.75,4.75],"texture":"#particle","tintindex":0}}},{"rotation":{"origin":[8,8,8],"angle":22.5,"axis":"x"},"from":[0,1.87707,-6.78207],"to":[16.0125,22.78332,1.21793],"faces":{"east":{"uv":[0.25,0.25,2.25,5.5],"texture":"#particle","tintindex":0},"north":{"uv":[2.25,0.25,6.25,5.5],"texture":"#particle","tintindex":0},"west":{"uv":[6.25,0.25,8.25,5.5],"texture":"#particle","tintindex":0}}},{"rotation":{"origin":[8,8,8],"angle":22.5,"axis":"z"},"from":[14.78207,1.87707,0],"to":[22.78207,22.78332,16.0125],"faces":{"east":{"uv":[2.25,0.25,6.25,5.5],"texture":"#particle","tintindex":0},"south":{"uv":[0.25,0.25,2.25,5.5],"texture":"#particle","tintindex":0},"north":{"uv":[6.25,0.25,8.25,5.5],"texture":"#particle","tintindex":0}}},{"rotation":{"origin":[8,8,8],"angle":-22.5,"axis":"x"},"from":[-0.0125,1.87707,14.78207],"to":[16,22.78332,22.78207],"faces":{"east":{"uv":[6.25,0.25,8.25,5.5],"texture":"#particle","tintindex":0},"south":{"uv":[2.25,0.25,6.25,5.5],"texture":"#particle","tintindex":0},"west":{"uv":[0.25,0.25,2.25,5.5],"texture":"#particle","tintindex":0}}},{"rotation":{"origin":[8,8,8],"angle":-22.5,"axis":"z"},"from":[-6.78207,1.87707,-0.0125],"to":[1.21793,22.78332,16],"faces":{"south":{"uv":[6.25,0.25,8.25,5.5],"texture":"#particle","tintindex":0},"north":{"uv":[0.25,0.25,2.25,5.5],"texture":"#particle","tintindex":0},"west":{"uv":[2.25,0.25,6.25,5.5],"texture":"#particle","tintindex":0}}},{"rotation":{"origin":[8,8,8],"angle":-22.5,"axis":"x"},"from":[0,-6.78332,-6.78207],"to":[16,14.12293,1.21793],"faces":{"east":{"uv":[0.25,6,2.25,11.25],"texture":"#particle","tintindex":0},"north":{"uv":[2.25,6,6.25,11.25],"texture":"#particle","tintindex":0},"west":{"uv":[6.25,6,8.25,11.25],"texture":"#particle","tintindex":0}}},{"rotation":{"origin":[8,8,8],"angle":-22.5,"axis":"z"},"from":[14.78207,-6.78332,0],"to":[22.78207,14.12293,16],"faces":{"east":{"uv":[2.25,6,6.25,11.25],"texture":"#particle","tintindex":0},"south":{"uv":[0.25,6,2.25,11.25],"texture":"#particle","tintindex":0},"north":{"uv":[6.25,6,8.25,11.25],"texture":"#particle","tintindex":0}}},{"rotation":{"origin":[8,8,8],"angle":22.5,"axis":"x"},"from":[0,-6.78332,14.78207],"to":[16,14.12293,22.78207],"faces":{"east":{"uv":[6.25,6,8.25,11.25],"texture":"#particle","tintindex":0},"south":{"uv":[2.25,6,6.25,11.25],"texture":"#particle","tintindex":0},"west":{"uv":[0.25,6,2.25,11.25],"texture":"#particle","tintindex":0}}},{"rotation":{"origin":[8,8,8],"angle":22.5,"axis":"z"},"from":[-6.78207,-6.78332,0],"to":[1.21793,14.12293,16],"faces":{"south":{"uv":[6.25,6,8.25,11.25],"texture":"#particle","tintindex":0},"north":{"uv":[0.25,6,2.25,11.25],"texture":"#particle","tintindex":0},"west":{"uv":[2.25,6,6.25,11.25],"texture":"#particle","tintindex":0}}}],"display":{"firstperson_righthand":{"rotation":[0,45,0],"translation":[1.5,2,0.5],"scale":[0.2,0.2,0.2]},"thirdperson_lefthand":{"rotation":[45,22.5,0],"translation":[0,0,-2],"scale":[0.25,0.25,0.25]},"firstperson_lefthand":{"rotation":[0,45,0],"translation":[1.5,2,0.5],"scale":[0.2,0.2,0.2]},"thirdperson_righthand":{"rotation":[45,22.5,0],"translation":[0,0,-2],"scale":[0.25,0.25,0.25]},"ground":{"translation":[0,4,0]},"gui":{"rotation":[30,225,0],"scale":[0.3,0.3,0.3]},"fixed":{"scale":[0.5,0.5,0.5]}}}