{"textures":{"particle":"mineclub/games/lasertag/gfx_laser_bolt"},"elements":[{"rotation":{"origin":[15.5,8,8],"angle":0,"axis":"y"},"from":[7.5,0,5],"to":[8.5,1,11],"faces":{"east":{"uv":[1,7,7,8],"texture":"#particle"},"south":{"uv":[14,7,15,8],"texture":"#particle"},"north":{"uv":[7,7,8,8],"texture":"#particle"},"west":{"uv":[8,7,14,8],"texture":"#particle"},"up":{"uv":[8,7,7,1],"texture":"#particle"},"down":{"uv":[8,14,7,8],"texture":"#particle"}}}],"display":{"firstperson_righthand":{"rotation":[90,0,0],"translation":[3,1,6]},"thirdperson_lefthand":{"rotation":[90,0,0],"translation":[0,0,8]},"firstperson_lefthand":{"rotation":[90,0,0],"translation":[3,1,6]},"thirdperson_righthand":{"rotation":[90,0,0],"translation":[0,0,8]},"ground":{"translation":[0,8,0]},"gui":{"rotation":[30,225,0],"translation":[0,6,0]}}}