{"textures":{"particle":"mineclub/games/lasertag/gfx_laser_helmet_diamond"},"elements":[{"rotation":{"origin":[12,15,11],"angle":0,"axis":"y"},"from":[3,5,3],"to":[13,9,13],"faces":{"east":{"uv":[10.5,5.5,5.5,7.5],"texture":"#particle"},"south":{"uv":[10.5,5.5,15.5,7.5],"texture":"#particle"},"north":{"uv":[0.5,5.5,5.5,7.5],"texture":"#particle"},"west":{"uv":[5.5,5.5,10.5,7.5],"texture":"#particle"},"up":{"uv":[5.5,5.5,0.5,0.5],"texture":"#particle"},"down":{"uv":[5.5,12.5,0.5,7.5],"texture":"#particle"}}},{"rotation":{"origin":[12,16,11],"angle":0,"axis":"y"},"from":[4,9,4],"to":[12,10,12],"faces":{"east":{"uv":[5.5,15,9.5,15.5],"texture":"#particle"},"south":{"uv":[5.5,15,9.5,15.5],"texture":"#particle"},"north":{"uv":[11.5,0.5,15.5,1],"texture":"#particle"},"west":{"uv":[5.5,15,9.5,15.5],"texture":"#particle"},"up":{"uv":[10.5,4.5,6.5,0.5],"texture":"#particle"}}},{"rotation":{"origin":[12,12,11],"angle":0,"axis":"y"},"from":[3,1,6],"to":[4,5,13],"faces":{"east":{"uv":[6.5,8.5,10,10.5],"texture":"#particle"},"south":{"uv":[14,8.5,14.5,10.5],"texture":"#particle"},"north":{"uv":[10,8.5,10.5,10.5],"texture":"#particle"},"west":{"uv":[10.5,8.5,14,10.5],"texture":"#particle"},"down":{"uv":[14.5,15,14,11.5],"texture":"#particle"}}},{"rotation":{"origin":[4,12,11],"angle":0,"axis":"y"},"from":[12,1,6],"to":[13,5,13],"faces":{"east":{"uv":[14,8.5,10.5,10.5],"texture":"#particle"},"south":{"uv":[14.5,8.5,14,10.5],"texture":"#particle"},"north":{"uv":[10.5,8.5,10,10.5],"texture":"#particle"},"west":{"uv":[10,8.5,6.5,10.5],"texture":"#particle"},"down":{"uv":[14,15,14.5,11.5],"texture":"#particle"}}},{"rotation":{"origin":[11,12,11],"angle":0,"axis":"y"},"from":[2,2,7],"to":[3,6,12],"faces":{"south":{"uv":[9.5,11.5,10,13.5],"texture":"#particle"},"north":{"uv":[6.5,11.5,7,13.5],"texture":"#particle"},"west":{"uv":[7,11.5,9.5,13.5],"texture":"#particle"},"up":{"uv":[11.5,14,11,11.5],"texture":"#particle"},"down":{"uv":[13,14,12.5,11.5],"texture":"#particle"}}},{"rotation":{"origin":[5,12,11],"angle":0,"axis":"y"},"from":[13,2,7],"to":[14,6,12],"faces":{"east":{"uv":[9.5,11.5,7,13.5],"texture":"#particle"},"south":{"uv":[10,11.5,9.5,13.5],"texture":"#particle"},"north":{"uv":[7,11.5,6.5,13.5],"texture":"#particle"},"up":{"uv":[11,14,11.5,11.5],"texture":"#particle"},"down":{"uv":[12.5,14,13,11.5],"texture":"#particle"}}},{"rotation":{"origin":[21,12,12],"angle":0,"axis":"y"},"from":[4,1,12],"to":[12,5,13],"faces":{"south":{"uv":[0.5,13.5,4.5,15.5],"texture":"#particle"},"north":{"uv":[11.5,2,15.5,4],"texture":"#particle"},"down":{"uv":[15.5,4.5,11.5,4],"texture":"#particle"}}}],"display":{"head":{"translation":[0,6.4,0],"scale":[1.6,1.6,1.6]},"firstperson_righthand":{"rotation":[0,45,0],"translation":[1,3.5,0.5],"scale":[0.4,0.4,0.4]},"thirdperson_lefthand":{"rotation":[75,45,0],"translation":[0,2.5,-0.25],"scale":[0.55,0.55,0.55]},"firstperson_lefthand":{"rotation":[0,45,0],"translation":[1,3.5,0.5],"scale":[0.4,0.4,0.4]},"thirdperson_righthand":{"rotation":[75,45,-3],"translation":[0,2.5,-0.25],"scale":[0.55,0.55,0.55]},"ground":{"translation":[0,4,0]},"gui":{"rotation":[30,225,0],"translation":[0,1.5,0],"scale":[0.8,0.8,0.8]},"fixed":{"translation":[0,2.5,0]}}}