{"textures":{"particle":"mineclub/games/lasertag/pistol/saphrel"},"elements":[{"rotation":{"origin":[16,17,8],"angle":0,"axis":"y"},"from":[6,10,-1],"to":[10,15,16],"faces":{"east":{"uv":[7.33333,6.66667,1.66667,8.33333],"texture":"#particle"},"south":{"uv":[7.33333,6.66667,8.66667,8.33333],"texture":"#particle"},"north":{"uv":[0.33333,6.66667,1.66667,8.33333],"texture":"#particle"},"west":{"uv":[1.66667,6.66667,7.33333,8.33333],"texture":"#particle"},"up":{"uv":[1.66667,6,0.33333,0.33333],"texture":"#particle"},"down":{"uv":[3.66667,6,2.33333,0.33333],"texture":"#particle"}}},{"rotation":{"origin":[16,18,8],"angle":0,"axis":"y"},"from":[7,15,-1],"to":[9,17,1],"faces":{"east":{"uv":[5.66667,4,6.33333,4.66667],"texture":"#particle"},"south":{"uv":[7.66667,4,8.33333,4.66667],"texture":"#particle"},"north":{"uv":[6.33333,4,7,4.66667],"texture":"#particle"},"west":{"uv":[7,4,7.66667,4.66667],"texture":"#particle"},"up":{"uv":[7,4,6.33333,3.33333],"texture":"#particle"}}},{"rotation":{"origin":[16,18,9],"angle":0,"axis":"y"},"from":[7,15,1],"to":[9,16,14],"faces":{"east":{"uv":[8.66667,5.33333,4.33333,5.66667],"texture":"#particle"},"south":{"uv":[8.66667,5.33333,9.33333,5.66667],"texture":"#particle"},"west":{"uv":[4.33333,5.33333,8.66667,5.66667],"texture":"#particle"},"up":{"uv":[5,4.66667,4.33333,0.33333],"texture":"#particle"}}},{"rotation":{"origin":[16,15,8],"angle":0,"axis":"y"},"from":[6,8,6],"to":[10,10,11],"faces":{"east":{"uv":[8.66667,0.33333,7,1],"texture":"#particle"},"south":{"uv":[8.66667,0.33333,10,1],"texture":"#particle"},"north":{"uv":[5.66667,0.33333,7,1],"texture":"#particle"},"west":{"uv":[7,0.33333,8.66667,1],"texture":"#particle"},"down":{"uv":[7,2.66667,5.66667,1],"texture":"#particle"}}},{"rotation":{"origin":[15.5,15,8],"angle":0,"axis":"y"},"from":[7.5,7,10],"to":[8.5,8,12],"faces":{"east":{"uv":[11.66667,6.33333,11,6.66667],"texture":"#particle"},"north":{"uv":[10.66667,6.33333,11,6.66667],"texture":"#particle"},"west":{"uv":[11,6.33333,11.66667,6.66667],"texture":"#particle"},"down":{"uv":[11,7.33333,10.66667,6.66667],"texture":"#particle"}}},{"rotation":{"origin":[16.5,18.5,7],"angle":0,"axis":"y"},"from":[6.5,11.5,-2],"to":[9.5,14.5,-1],"faces":{"east":{"uv":[7.66667,2,8,3],"texture":"#particle"},"north":{"uv":[8,2,9,3],"texture":"#particle"},"west":{"uv":[9,2,9.33333,3],"texture":"#particle"},"up":{"uv":[9,2,8,1.66667],"texture":"#particle"},"down":{"uv":[9,3.33333,8,3],"texture":"#particle"}}},{"rotation":{"origin":[16.5,14,8],"angle":0,"axis":"y"},"from":[6.5,6,-1],"to":[9.5,10,8],"faces":{"east":{"uv":[4.33333,9,1.33333,10.33333],"texture":"#particle"},"south":{"uv":[4.33333,9,5.33333,10.33333],"texture":"#particle"},"north":{"uv":[0.33333,9,1.33333,10.33333],"texture":"#particle"},"west":{"uv":[1.33333,9,4.33333,10.33333],"texture":"#particle"},"down":{"uv":[1.33333,13.33333,0.33333,10.33333],"texture":"#particle"}}},{"rotation":{"origin":[16.5,14,8],"angle":0,"axis":"y"},"from":[7,6,8],"to":[9,8,9],"faces":{"east":{"uv":[9.33333,4,9,4.66667],"texture":"#particle"},"south":{"uv":[9.33333,4,10,4.66667],"texture":"#particle"},"west":{"uv":[9,4,9.33333,4.66667],"texture":"#particle"}}},{"rotation":{"origin":[16.5,14,8],"angle":0,"axis":"y"},"from":[7,5,8],"to":[9,6,13],"faces":{"east":{"uv":[11.66667,8,10,8.33333],"texture":"#particle"},"north":{"uv":[9.33333,8,10,8.33333],"texture":"#particle"},"west":{"uv":[10,8,11.66667,8.33333],"texture":"#particle"},"up":{"uv":[10,8,9.33333,6.33333],"texture":"#particle"},"down":{"uv":[10,10,9.33333,8.33333],"texture":"#particle"}}},{"rotation":{"origin":[16.5,14,19],"angle":0,"axis":"y"},"from":[6.4875,8,11],"to":[9.5125,10,15],"faces":{"east":{"uv":[12,0.33333,10.66667,1],"texture":"#particle"},"south":{"uv":[12,0.33333,13,1],"texture":"#particle"},"west":{"uv":[10.66667,0.33333,12,1],"texture":"#particle"},"down":{"uv":[12,1,13,2.33333],"texture":"#particle"}}},{"rotation":{"origin":[8,7.84149,13.23044],"angle":-22.5,"axis":"x"},"from":[6.5,2.84149,11.23044],"to":[9.5,8.84149,15.23044],"faces":{"east":{"uv":[13,3,11.66667,5],"texture":"#particle"},"south":{"uv":[13,3,14,5],"texture":"#particle"},"north":{"uv":[10.66667,3,11.66667,5],"texture":"#particle"},"west":{"uv":[11.66667,3,13,5],"texture":"#particle"}}},{"rotation":{"origin":[8,7.84149,13.23044],"angle":-22.5,"axis":"x"},"from":[6,-0.15851,10.73044],"to":[10,2.84149,15.73044],"faces":{"east":{"uv":[9,10.66667,7.33333,11.66667],"texture":"#particle"},"south":{"uv":[9,10.66667,10.33333,11.66667],"texture":"#particle"},"north":{"uv":[6,10.66667,7.33333,11.66667],"texture":"#particle"},"west":{"uv":[7.33333,10.66667,9,11.66667],"texture":"#particle"},"up":{"uv":[7.33333,10.66667,6,9],"texture":"#particle"},"down":{"uv":[7.33333,13.33333,6,11.66667],"texture":"#particle"}}}],"display":{"firstperson_righthand":{"translation":[0,3,0],"scale":[0.4,0.4,0.4]},"thirdperson_lefthand":{"translation":[0,-0.75,-3],"scale":[0.55,0.55,0.55]},"firstperson_lefthand":{"translation":[0,3,0],"scale":[0.4,0.4,0.4]},"thirdperson_righthand":{"translation":[0,-0.75,-3],"scale":[0.55,0.55,0.55]},"ground":{"translation":[0,1,0],"scale":[0.5,0.5,0.5]},"gui":{"rotation":[30,225,0],"translation":[0,-1.25,0],"scale":[0.625,0.625,0.625]},"fixed":{"rotation":[0,90,0],"scale":[0.5,0.5,0.5]}}}