{"textures":{"particle":"mineclub/games/lasertag/knife/gfx_laser_knife_sapphire"},"elements":[{"rotation":{"origin":[15,10,16],"angle":0,"axis":"y"},"from":[7,2,7],"to":[9,10,10],"faces":{"east":{"uv":[3,0.5,1.5,4.5],"texture":"#particle"},"south":{"uv":[3,0.5,4,4.5],"texture":"#particle"},"north":{"uv":[0.5,0.5,1.5,4.5],"texture":"#particle"},"west":{"uv":[1.5,0.5,3,4.5],"texture":"#particle"}}},{"rotation":{"origin":[15,20,16],"angle":0,"axis":"y"},"from":[7,12,8],"to":[9,28,10],"faces":{"east":{"uv":[2.5,6.5,1.5,14.5],"texture":"#particle"},"south":{"uv":[2.5,6.5,3.5,14.5],"texture":"#particle"},"north":{"uv":[0.5,6.5,1.5,14.5],"texture":"#particle"},"west":{"uv":[1.5,6.5,2.5,14.5],"texture":"#particle"}}},{"rotation":{"origin":[15.5,20,13.5],"angle":0,"axis":"y"},"from":[7.5,12,5.5],"to":[8.5,28,6.5],"faces":{"east":{"uv":[4.5,6.5,5,14.5],"texture":"#particle"},"south":{"uv":[4.5,6.5,5,14.5],"texture":"#particle"},"north":{"uv":[4.5,6.5,5,14.5],"texture":"#particle"},"west":{"uv":[4.5,6.5,5,14.5],"texture":"#particle"}}},{"rotation":{"origin":[15,21,16],"angle":0,"axis":"y"},"from":[7,28,5],"to":[9,30,10],"faces":{"east":{"uv":[14.5,3,12,4],"texture":"#particle"},"south":{"uv":[14.5,3,15.5,4],"texture":"#particle"},"north":{"uv":[11,3,12,4],"texture":"#particle"},"west":{"uv":[12,3,14.5,4],"texture":"#particle"},"up":{"uv":[12,3,11,0.5],"texture":"#particle"},"down":{"uv":[12,6.5,11,4],"texture":"#particle"}}},{"rotation":{"origin":[15,12,16],"angle":0,"axis":"y"},"from":[6,10,5],"to":[10,12,10],"faces":{"east":{"uv":[10.5,9,8,10],"texture":"#particle"},"south":{"uv":[10.5,9,12.5,10],"texture":"#particle"},"north":{"uv":[6,9,8,10],"texture":"#particle"},"west":{"uv":[8,9,10.5,10],"texture":"#particle"},"up":{"uv":[8,9,6,6.5],"texture":"#particle"},"down":{"uv":[8,12.5,6,10],"texture":"#particle"}}},{"rotation":{"origin":[15.5,8,16],"angle":0,"axis":"y"},"from":[6.5,0,6],"to":[9.5,2,10],"faces":{"east":{"uv":[8.5,2.5,6.5,3.5],"texture":"#particle"},"south":{"uv":[8.5,2.5,10,3.5],"texture":"#particle"},"north":{"uv":[5,2.5,6.5,3.5],"texture":"#particle"},"west":{"uv":[6.5,2.5,8.5,3.5],"texture":"#particle"},"up":{"uv":[6.5,2.5,5,0.5],"texture":"#particle"},"down":{"uv":[6.5,5.5,5,3.5],"texture":"#particle"}}}],"display":{"firstperson_righthand":{"rotation":[8,0,0],"translation":[1.5,1,0],"scale":[0.4,0.4,0.4]},"thirdperson_lefthand":{"translation":[0,-0.75,-0.25],"scale":[0.55,0.55,0.55]},"firstperson_lefthand":{"rotation":[8,0,0],"translation":[1.5,1,0],"scale":[0.4,0.4,0.4]},"thirdperson_righthand":{"translation":[0,-0.75,-0.25],"scale":[0.55,0.55,0.55]},"ground":{"translation":[0,1,0],"scale":[0.5,0.5,0.5]},"gui":{"rotation":[-45,-180,45],"translation":[-3,-2,0],"scale":[0.6,0.6,0.6]},"fixed":{"rotation":[90,135,-90],"translation":[2.5,-2.5,0],"scale":[0.5,0.5,0.5]}}}