{"textures":{"particle":"mineclub/games/lasertag/heavy/saphready"},"elements":[{"rotation":{"origin":[16,20,8],"angle":0,"axis":"y"},"from":[6,10,-4],"to":[10,16,2],"faces":{"east":{"uv":[3.66667,0.33333,1.66667,2.33333],"texture":"#particle"},"south":{"uv":[3.66667,0.33333,5,2.33333],"texture":"#particle"},"north":{"uv":[0.33333,0.33333,1.66667,2.33333],"texture":"#particle"},"west":{"uv":[1.66667,0.33333,3.66667,2.33333],"texture":"#particle"},"up":{"uv":[7,2.33333,5.66667,0.33333],"texture":"#particle"},"down":{"uv":[9,2.33333,7.66667,0.33333],"texture":"#particle"}}},{"rotation":{"origin":[16,19,8],"angle":0,"axis":"y"},"from":[7,9,-3],"to":[9,10,2],"faces":{"east":{"uv":[10.66667,3,9,3.33333],"texture":"#particle"},"south":{"uv":[10.66667,3,11.33333,3.33333],"texture":"#particle"},"north":{"uv":[8.33333,3,9,3.33333],"texture":"#particle"},"west":{"uv":[9,3,10.66667,3.33333],"texture":"#particle"},"down":{"uv":[9,5,8.33333,3.33333],"texture":"#particle"}}},{"rotation":{"origin":[16,20,7],"angle":0,"axis":"y"},"from":[7,13,-5],"to":[9,15,-4],"faces":{"east":{"uv":[3,9.33333,3.33333,10],"texture":"#particle"},"north":{"uv":[3.33333,9.33333,4,10],"texture":"#particle"},"west":{"uv":[4,9.33333,4.33333,10],"texture":"#particle"},"up":{"uv":[4,9.33333,3.33333,9],"texture":"#particle"},"down":{"uv":[4,10.33333,3.33333,10],"texture":"#particle"}}},{"rotation":{"origin":[16,20,22],"angle":0,"axis":"y"},"from":[6,10,9],"to":[10,16,16],"faces":{"east":{"uv":[13.33333,0.33333,11,2.33333],"texture":"#particle"},"south":{"uv":[13.33333,0.33333,14.66667,2.33333],"texture":"#particle"},"north":{"uv":[9.66667,0.33333,11,2.33333],"texture":"#particle"},"west":{"uv":[11,0.33333,13.33333,2.33333],"texture":"#particle"},"up":{"uv":[1.66667,5.33333,0.33333,3],"texture":"#particle"},"down":{"uv":[3.66667,5.33333,2.33333,3],"texture":"#particle"}}},{"rotation":{"origin":[7.5,8.73359,16.64701],"angle":-22.5,"axis":"x"},"from":[6.5,3.23359,15.14701],"to":[9.5,11.23359,19.14701],"faces":{"east":{"uv":[2.66667,12.33333,1.33333,15],"texture":"#particle"},"south":{"uv":[2.66667,12.33333,3.66667,15],"texture":"#particle"},"north":{"uv":[0.33333,12.33333,1.33333,15],"texture":"#particle"},"west":{"uv":[1.33333,12.33333,2.66667,15],"texture":"#particle"}}},{"rotation":{"origin":[8.5,8.73359,16.64701],"angle":-22.5,"axis":"x"},"from":[5.5,0.23359,14.14701],"to":[10.5,3.23359,19.14701],"faces":{"east":{"uv":[14,11.66667,12.33333,12.66667],"texture":"#particle"},"south":{"uv":[14,11.66667,15.66667,12.66667],"texture":"#particle"},"north":{"uv":[10.66667,11.66667,12.33333,12.66667],"texture":"#particle"},"west":{"uv":[12.33333,11.66667,14,12.66667],"texture":"#particle"},"up":{"uv":[12.33333,11.66667,10.66667,10],"texture":"#particle"},"down":{"uv":[12.33333,14.33333,10.66667,12.66667],"texture":"#particle"}}},{"rotation":{"origin":[14.5,18,24],"angle":0,"axis":"y"},"from":[5.5,10,12],"to":[10.5,14,18],"faces":{"east":{"uv":[13.33333,4,11.33333,5.33333],"texture":"#particle"},"south":{"uv":[13.33333,4,15,5.33333],"texture":"#particle"},"north":{"uv":[9.66667,4,11.33333,5.33333],"texture":"#particle"},"west":{"uv":[11.33333,4,13.33333,5.33333],"texture":"#particle"},"up":{"uv":[15.33333,8,13.66667,6],"texture":"#particle"},"down":{"uv":[15.33333,10.66667,13.66667,8.66667],"texture":"#particle"}}},{"rotation":{"origin":[14.5,17,24],"angle":0,"axis":"y"},"from":[7.5,9,13],"to":[8.5,10,15],"faces":{"east":{"uv":[4,6,3.33333,6.33333],"texture":"#particle"},"north":{"uv":[3,6,3.33333,6.33333],"texture":"#particle"},"west":{"uv":[3.33333,6,4,6.33333],"texture":"#particle"},"down":{"uv":[3.33333,7,3,6.33333],"texture":"#particle"}}},{"rotation":{"origin":[14,14,23],"angle":0,"axis":"y"},"from":[7,8,11],"to":[9,10,12],"faces":{"east":{"uv":[11.33333,6,11,6.66667],"texture":"#particle"},"south":{"uv":[11.33333,6,12,6.66667],"texture":"#particle"},"north":{"uv":[10.33333,6,11,6.66667],"texture":"#particle"},"west":{"uv":[11,6,11.33333,6.66667],"texture":"#particle"}}},{"rotation":{"origin":[14,13,24],"angle":0,"axis":"y"},"from":[7,7,11],"to":[9,8,17],"faces":{"east":{"uv":[9.66667,12.33333,7.66667,12.66667],"texture":"#particle"},"north":{"uv":[7,12.33333,7.66667,12.66667],"texture":"#particle"},"west":{"uv":[7.66667,12.33333,9.66667,12.66667],"texture":"#particle"},"up":{"uv":[5,14.33333,4.33333,12.33333],"texture":"#particle"},"down":{"uv":[6.33333,14.33333,5.66667,12.33333],"texture":"#particle"}}},{"rotation":{"origin":[16.5,17.5,14],"angle":0,"axis":"y"},"from":[5.5,9.5,3],"to":[10.5,14.5,8],"faces":{"east":{"uv":[11.33333,7.66667,9.66667,9.33333],"texture":"#particle"},"south":{"uv":[11.33333,7.66667,13,9.33333],"texture":"#particle"},"north":{"uv":[8,7.66667,9.66667,9.33333],"texture":"#particle"},"west":{"uv":[9.66667,7.66667,11.33333,9.33333],"texture":"#particle"},"up":{"uv":[9.66667,7.66667,8,6],"texture":"#particle"},"down":{"uv":[9.66667,11,8,9.33333],"texture":"#particle"}}},{"rotation":{"origin":[16,18,14],"angle":0,"axis":"y"},"from":[7,11,2],"to":[9,13,9],"faces":{"east":{"uv":[7.33333,9,5,9.66667],"texture":"#particle"},"west":{"uv":[5,9,7.33333,9.66667],"texture":"#particle"},"up":{"uv":[6,8.33333,5.33333,6],"texture":"#particle"},"down":{"uv":[7.33333,8.33333,6.66667,6],"texture":"#particle"}}},{"rotation":{"origin":[16,21,12],"angle":0,"axis":"y"},"from":[7,16,-3],"to":[9,17,13],"faces":{"east":{"uv":[6.33333,11.33333,1,11.66667],"texture":"#particle"},"north":{"uv":[0.33333,11.33333,1,11.66667],"texture":"#particle"},"west":{"uv":[1,11.33333,6.33333,11.66667],"texture":"#particle"},"up":{"uv":[1,11.33333,0.33333,6],"texture":"#particle"}}},{"rotation":{"origin":[16,21,14],"angle":0,"axis":"y"},"from":[7,16,13],"to":[9,18,18],"faces":{"east":{"uv":[4,7.66667,2.33333,8.33333],"texture":"#particle"},"south":{"uv":[4,7.66667,4.66667,8.33333],"texture":"#particle"},"north":{"uv":[1.66667,7.66667,2.33333,8.33333],"texture":"#particle"},"west":{"uv":[2.33333,7.66667,4,8.33333],"texture":"#particle"},"up":{"uv":[2.33333,7.66667,1.66667,6],"texture":"#particle"},"down":{"uv":[2.33333,10,1.66667,8.33333],"texture":"#particle"}}},{"rotation":{"origin":[16,20,13],"angle":0,"axis":"y"},"from":[6,15,2],"to":[10,16,9],"faces":{"east":{"uv":[14.33333,3,12,3.33333],"texture":"#particle"},"west":{"uv":[12,3,14.33333,3.33333],"texture":"#particle"},"up":{"uv":[5.66667,5.33333,4.33333,3],"texture":"#particle"},"down":{"uv":[7.66667,5.33333,6.33333,3],"texture":"#particle"}}}],"display":{"firstperson_righthand":{"translation":[0,2.5,-1],"scale":[0.4,0.4,0.4]},"thirdperson_lefthand":{"translation":[0,-1,-4],"scale":[0.55,0.55,0.55]},"firstperson_lefthand":{"translation":[0,2.5,-1],"scale":[0.4,0.4,0.4]},"thirdperson_righthand":{"translation":[0,-1,-4],"scale":[0.55,0.55,0.55]},"ground":{"translation":[0,1,0],"scale":[0.5,0.5,0.5]},"gui":{"rotation":[30,225,0],"translation":[0,-2.5,0],"scale":[0.625,0.625,0.625]},"fixed":{"rotation":[0,90,0],"translation":[0,-0.5,0],"scale":[0.5,0.5,0.5]}}}