{"textures":{"0":"block/white_wool","particle":"block/white_wool"},"elements":[{"rotation":{"origin":[0,0,0],"angle":0,"axis":"y"},"from":[5,0,5],"to":[11,2,11],"faces":{"east":{"uv":[0,0,6,2],"texture":"#0","tintindex":0},"south":{"uv":[0,0,6,2],"texture":"#0","tintindex":0},"north":{"uv":[0,0,6,2],"texture":"#0","tintindex":0},"west":{"uv":[0,0,6,2],"texture":"#0","tintindex":0},"up":{"uv":[0,0,6,6],"texture":"#0","tintindex":0},"down":{"uv":[0,0,6,6],"texture":"#0","tintindex":0}}}],"display":{"fixed":{"translation":[0,32.25,18],"scale":[2,2,2]}}}