{"textures":{"particle":"mineclub/games/battlebox/gfx_flag"},"elements":[{"rotation":{"origin":[15,17.5,16],"angle":0,"axis":"y"},"from":[-14.5,0,8],"to":[7.5,16,8.01],"faces":{"south":{"uv":[15.33333,0.66667,8,6],"texture":"#particle","tintindex":0},"north":{"uv":[8,0.66667,15.33333,6],"texture":"#particle","tintindex":0}}}],"display":{"head":{"rotation":[0,90,0],"translation":[-0.85,-32,0],"scale":[4,4,4]},"ground":{"translation":[6,1,0],"scale":[0.5,0.5,0.5]},"fixed":{"translation":[8.5,0,-1],"scale":[0.75,0.75,0.75]}}}