{"providers":[{"file":"minecraft:ascii.ttf","size":7,"shift":[0,0],"oversample":1,"type":"ttf"},{"file":"minecraft:font/ascii.png","ascent":7,"type":"bitmap","chars":["\u0000\u0000\u0000\u0000\u0000\u0000\u0000\u0000\u0000\u0000\u0000\u0000\u0000\u0000\u0000\u0000","\u0000\u0000\u0000\u0000\u0000\u0000\u0000\u0000\u0000\u0000\u0000\u0000\u0000\u0000\u0000\u0000"," !\"#$%&'()*+,-./","0123456789:;<=>?","@ABCDEFGHIJKLMNO","PQRSTUVWXYZ[\\]^_","`abcdefghijklmno","pqrstuvwxyz{|}~\u0000","\u0000\u0000\u0000\u0000\u0000\u0000\u0000\u0000\u0000\u0000\u0000\u0000\u0000\u0000\u0000\u0000","\u0000\u0000\u0000\u0000\u0000\u0000\u0000\u0000\u0000\u0000\u0000\u0000£\u0000\u0000ƒ","\u0000\u0000\u0000\u0000\u0000\u0000ªº\u0000\u0000¬\u0000\u0000\u0000«»","░▒▓│┤╡╢╖╕╣║╗╝╜╛┐","└┴┬├─┼╞╟╚╔╩╦╠═╬╧","╨╤╥╙╘╒╓╫╪┘┌█▄▌▐▀","\u0000\u0000\u0000\u0000\u0000\u0000\u0000\u0000\u0000\u0000\u0000\u0000\u0000∅∈\u0000","≡±≥≤⌠⌡÷≈°∙·√\u207f²■\u0000"]},{"file":"mineclub:space_split.png","ascent":-32768,"type":"bitmap","chars":["ꈁ"],"height":-1},{"file":"mineclub:space_split.png","ascent":-32768,"type":"bitmap","chars":["委"],"height":-2},{"file":"mineclub:space_split.png","ascent":-32768,"type":"bitmap","chars":["麖"],"height":-2},{"file":"mineclub:space_split.png","ascent":-32768,"type":"bitmap","chars":["ꈂ"],"height":-3},{"file":"mineclub:space_split.png","ascent":-32768,"type":"bitmap","chars":["ꈃ"],"height":-4},{"file":"mineclub:space_split.png","ascent":-32768,"type":"bitmap","chars":["ꈄ"],"height":-5},{"file":"mineclub:space_split.png","ascent":-32768,"type":"bitmap","chars":["ꈅ"],"height":-6},{"file":"mineclub:space_split.png","ascent":-32768,"type":"bitmap","chars":["ꈆ"],"height":-7},{"file":"mineclub:space_split.png","ascent":-32768,"type":"bitmap","chars":["ꈇ"],"height":-8},{"file":"mineclub:space_split.png","ascent":-32768,"type":"bitmap","chars":["ꈈ"],"height":-9},{"file":"mineclub:space_split.png","ascent":-32768,"type":"bitmap","chars":["ꈉ"],"height":-10},{"file":"mineclub:space_split.png","ascent":-32768,"type":"bitmap","chars":["久"],"height":-11},{"file":"mineclub:space_split.png","ascent":-32768,"type":"bitmap","chars":["魉"],"height":-10},{"file":"mineclub:space_split.png","ascent":-32768,"type":"bitmap","chars":["沩"],"height":-13},{"file":"mineclub:space_split.png","ascent":-32768,"type":"bitmap","chars":["漷"],"height":-16},{"file":"mineclub:space_split.png","ascent":-32768,"type":"bitmap","chars":["ꈊ"],"height":-18},{"file":"mineclub:space_split.png","ascent":-32768,"type":"bitmap","chars":["秬"],"height":-19},{"file":"mineclub:space_split.png","ascent":-32768,"type":"bitmap","chars":["籽"],"height":-20},{"file":"mineclub:space_split.png","ascent":-32768,"type":"bitmap","chars":["泽"],"height":-23},{"file":"mineclub:space_split.png","ascent":-32768,"type":"bitmap","chars":["洼"],"height":-25},{"file":"mineclub:space_split.png","ascent":-32768,"type":"bitmap","chars":["髌"],"height":-26},{"file":"mineclub:space_split.png","ascent":-32768,"type":"bitmap","chars":["泗"],"height":-27},{"file":"mineclub:space_split.png","ascent":-32768,"type":"bitmap","chars":["穙"],"height":-28},{"file":"mineclub:space_split.png","ascent":-32768,"type":"bitmap","chars":["邸"],"height":-29},{"file":"mineclub:space_split.png","ascent":-32768,"type":"bitmap","chars":["粽"],"height":-32},{"file":"mineclub:space_split.png","ascent":-32768,"type":"bitmap","chars":["ꈋ"],"height":-34},{"file":"mineclub:space_split.png","ascent":-32768,"type":"bitmap","chars":["乏"],"height":-35},{"file":"mineclub:space_split.png","ascent":-32768,"type":"bitmap","chars":["袭"],"height":-36},{"file":"mineclub:space_split.png","ascent":-32768,"type":"bitmap","chars":["说"],"height":-37},{"file":"mineclub:space_split.png","ascent":-32768,"type":"bitmap","chars":["魋"],"height":-41},{"file":"mineclub:space_split.png","ascent":-32768,"type":"bitmap","chars":["廋"],"height":-42},{"file":"mineclub:space_split.png","ascent":-32768,"type":"bitmap","chars":["糠"],"height":-44},{"file":"mineclub:space_split.png","ascent":-32768,"type":"bitmap","chars":["稿"],"height":-45},{"file":"mineclub:space_split.png","ascent":-32768,"type":"bitmap","chars":["膑"],"height":-50},{"file":"mineclub:space_split.png","ascent":-32768,"type":"bitmap","chars":["滍"],"height":-51},{"file":"mineclub:space_split.png","ascent":-32768,"type":"bitmap","chars":["稆"],"height":-52},{"file":"mineclub:space_split.png","ascent":-32768,"type":"bitmap","chars":["鹅"],"height":-55},{"file":"mineclub:space_split.png","ascent":-32768,"type":"bitmap","chars":["丢"],"height":-56},{"file":"mineclub:space_split.png","ascent":-32768,"type":"bitmap","chars":["瓜"],"height":-57},{"file":"mineclub:space_split.png","ascent":-32768,"type":"bitmap","chars":["糯"],"height":-58},{"file":"mineclub:space_split.png","ascent":-32768,"type":"bitmap","chars":["魁"],"height":-60},{"file":"mineclub:space_split.png","ascent":-32768,"type":"bitmap","chars":["簏"],"height":-61},{"file":"mineclub:space_split.png","ascent":-32768,"type":"bitmap","chars":["升"],"height":-64},{"file":"mineclub:space_split.png","ascent":-32768,"type":"bitmap","chars":["晕"],"height":-65},{"file":"mineclub:space_split.png","ascent":-32768,"type":"bitmap","chars":["ꈌ"],"height":-66},{"file":"mineclub:space_split.png","ascent":-32768,"type":"bitmap","chars":["鸱"],"height":-67},{"file":"mineclub:space_split.png","ascent":-32768,"type":"bitmap","chars":["粞"],"height":-68},{"file":"mineclub:space_split.png","ascent":-32768,"type":"bitmap","chars":["楂"],"height":-72},{"file":"mineclub:space_split.png","ascent":-32768,"type":"bitmap","chars":["笞"],"height":-73},{"file":"mineclub:space_split.png","ascent":-32768,"type":"bitmap","chars":["膛"],"height":-75},{"file":"mineclub:space_split.png","ascent":-32768,"type":"bitmap","chars":["鼫"],"height":-80},{"file":"mineclub:space_split.png","ascent":-32768,"type":"bitmap","chars":["廒"],"height":-84},{"file":"mineclub:space_split.png","ascent":-32768,"type":"bitmap","chars":["婪"],"height":-85},{"file":"mineclub:space_split.png","ascent":-32768,"type":"bitmap","chars":["愆"],"height":-89},{"file":"mineclub:space_split.png","ascent":-32768,"type":"bitmap","chars":["棽"],"height":-89},{"file":"mineclub:space_split.png","ascent":-32768,"type":"bitmap","chars":["所"],"height":-90},{"file":"mineclub:space_split.png","ascent":-32768,"type":"bitmap","chars":["超"],"height":-96},{"file":"mineclub:space_split.png","ascent":-32768,"type":"bitmap","chars":["笸"],"height":-99},{"file":"mineclub:space_split.png","ascent":-32768,"type":"bitmap","chars":["棘"],"height":-102},{"file":"mineclub:space_split.png","ascent":-32768,"type":"bitmap","chars":["爷"],"height":-104},{"file":"mineclub:space_split.png","ascent":-32768,"type":"bitmap","chars":["域"],"height":-110},{"file":"mineclub:space_split.png","ascent":-32768,"type":"bitmap","chars":["汉"],"height":-111},{"file":"mineclub:space_split.png","ascent":-32768,"type":"bitmap","chars":["丫"],"height":-113},{"file":"mineclub:space_split.png","ascent":-32768,"type":"bitmap","chars":["策"],"height":-114},{"file":"mineclub:space_split.png","ascent":-32768,"type":"bitmap","chars":["租"],"height":-115},{"file":"mineclub:space_split.png","ascent":-32768,"type":"bitmap","chars":["稠"],"height":-116},{"file":"mineclub:space_split.png","ascent":-32768,"type":"bitmap","chars":["稻"],"height":-117},{"file":"mineclub:space_split.png","ascent":-32768,"type":"bitmap","chars":["疒"],"height":-125},{"file":"mineclub:space_split.png","ascent":-32768,"type":"bitmap","chars":["垿"],"height":-127},{"file":"mineclub:space_split.png","ascent":-32768,"type":"bitmap","chars":["梾"],"height":-128},{"file":"mineclub:space_split.png","ascent":-32768,"type":"bitmap","chars":["ꈍ"],"height":-130},{"file":"mineclub:space_split.png","ascent":-32768,"type":"bitmap","chars":["懋"],"height":-131},{"file":"mineclub:space_split.png","ascent":-32768,"type":"bitmap","chars":["瑬"],"height":-134},{"file":"mineclub:space_split.png","ascent":-32768,"type":"bitmap","chars":["肤"],"height":-135},{"file":"mineclub:space_split.png","ascent":-32768,"type":"bitmap","chars":["程"],"height":-140},{"file":"mineclub:space_split.png","ascent":-32768,"type":"bitmap","chars":["暿"],"height":-148},{"file":"mineclub:space_split.png","ascent":-32768,"type":"bitmap","chars":["飗"],"height":-150},{"file":"mineclub:space_split.png","ascent":-32768,"type":"bitmap","chars":["毪"],"height":-153},{"file":"mineclub:space_split.png","ascent":-32768,"type":"bitmap","chars":["浬"],"height":-157},{"file":"mineclub:space_split.png","ascent":-32768,"type":"bitmap","chars":["腒"],"height":-158},{"file":"mineclub:space_split.png","ascent":-32768,"type":"bitmap","chars":["骷"],"height":-160},{"file":"mineclub:space_split.png","ascent":-32768,"type":"bitmap","chars":["淟"],"height":-162},{"file":"mineclub:space_split.png","ascent":-32768,"type":"bitmap","chars":["千"],"height":-165},{"file":"mineclub:space_split.png","ascent":-32768,"type":"bitmap","chars":["貉"],"height":-166},{"file":"mineclub:space_split.png","ascent":-32768,"type":"bitmap","chars":["涞"],"height":-171},{"file":"mineclub:space_split.png","ascent":-32768,"type":"bitmap","chars":["晌"],"height":-174},{"file":"mineclub:space_split.png","ascent":-32768,"type":"bitmap","chars":["邿"],"height":-175},{"file":"mineclub:space_split.png","ascent":-32768,"type":"bitmap","chars":["勹"],"height":-177},{"file":"mineclub:space_split.png","ascent":-32768,"type":"bitmap","chars":["暝"],"height":-179},{"file":"mineclub:space_split.png","ascent":-32768,"type":"bitmap","chars":["赳"],"height":-185},{"file":"mineclub:space_split.png","ascent":-32768,"type":"bitmap","chars":["盩"],"height":-186},{"file":"mineclub:space_split.png","ascent":-32768,"type":"bitmap","chars":["墘"],"height":-187},{"file":"mineclub:space_split.png","ascent":-32768,"type":"bitmap","chars":["貌"],"height":-192},{"file":"mineclub:space_nosplit.png","ascent":-32768,"type":"bitmap","chars":["糈"],"height":-193},{"file":"mineclub:space_nosplit.png","ascent":-32768,"type":"bitmap","chars":["糅"],"height":-211},{"file":"mineclub:space_split.png","ascent":-32768,"type":"bitmap","chars":["求"],"height":-223},{"file":"mineclub:space_split.png","ascent":-32768,"type":"bitmap","chars":["敷"],"height":-226},{"file":"mineclub:space_split.png","ascent":-32768,"type":"bitmap","chars":["ꈎ"],"height":-258},{"file":"mineclub:space_split.png","ascent":-32768,"type":"bitmap","chars":["ꌁ"],"height":-514},{"file":"mineclub:space_split.png","ascent":-32768,"type":"bitmap","chars":["洱"],"height":-790},{"file":"mineclub:space_split.png","ascent":-32768,"type":"bitmap","chars":["ꌂ"],"height":-1026},{"file":"mineclub:space_split.png","ascent":-65536,"type":"bitmap","chars":["ꌃ"],"height":-32770},{"file":"mineclub:space_split.png","ascent":-32768,"type":"bitmap","chars":["ꌄ"],"height":0},{"file":"mineclub:space_split.png","ascent":-32768,"type":"bitmap","chars":["ꌅ"],"height":1},{"file":"mineclub:space_split.png","ascent":-32768,"type":"bitmap","chars":["ꌆ"],"height":2},{"file":"mineclub:space_split.png","ascent":-32768,"type":"bitmap","chars":["香"],"height":3},{"file":"mineclub:space_split.png","ascent":-32768,"type":"bitmap","chars":["ꌈ"],"height":4},{"file":"mineclub:space_split.png","ascent":-32768,"type":"bitmap","chars":["ꌉ"],"height":5},{"file":"mineclub:space_split.png","ascent":-32768,"type":"bitmap","chars":["ꌋ"],"height":6},{"file":"mineclub:space_split.png","ascent":-32768,"type":"bitmap","chars":["ꌌ"],"height":7},{"file":"mineclub:space_split.png","ascent":-32768,"type":"bitmap","chars":["晖"],"height":8},{"file":"mineclub:space_split.png","ascent":-32768,"type":"bitmap","chars":["腈"],"height":9},{"file":"mineclub:space_split.png","ascent":-32768,"type":"bitmap","chars":["殷"],"height":10},{"file":"mineclub:space_split.png","ascent":-32768,"type":"bitmap","chars":["麒"],"height":12},{"file":"mineclub:space_split.png","ascent":-32768,"type":"bitmap","chars":["谣"],"height":13},{"file":"mineclub:space_split.png","ascent":-32768,"type":"bitmap","chars":["麈"],"height":15},{"file":"mineclub:space_split.png","ascent":-32768,"type":"bitmap","chars":["ꌍ"],"height":15},{"file":"mineclub:space_split.png","ascent":-32768,"type":"bitmap","chars":["鼬"],"height":16},{"file":"mineclub:space_split.png","ascent":-32768,"type":"bitmap","chars":["诐"],"height":17},{"file":"mineclub:space_split.png","ascent":-32768,"type":"bitmap","chars":["棼"],"height":18},{"file":"mineclub:space_split.png","ascent":-32768,"type":"bitmap","chars":["鹘"],"height":19},{"file":"mineclub:space_split.png","ascent":-32768,"type":"bitmap","chars":["祯"],"height":29},{"file":"mineclub:space_split.png","ascent":-32768,"type":"bitmap","chars":["ꌎ"],"height":31},{"file":"mineclub:space_split.png","ascent":-32768,"type":"bitmap","chars":["臭"],"height":37},{"file":"mineclub:space_nosplit.png","ascent":-32768,"type":"bitmap","chars":["糖"],"height":38},{"file":"mineclub:space_split.png","ascent":-32768,"type":"bitmap","chars":["诅"],"height":40},{"file":"mineclub:space_split.png","ascent":-32768,"type":"bitmap","chars":["脒"],"height":54},{"file":"mineclub:space_split.png","ascent":-32768,"type":"bitmap","chars":["郎"],"height":56},{"file":"mineclub:space_split.png","ascent":-32768,"type":"bitmap","chars":["ꌏ"],"height":63},{"file":"mineclub:space_split.png","ascent":-32768,"type":"bitmap","chars":["犁"],"height":95},{"file":"mineclub:space_split.png","ascent":-32768,"type":"bitmap","chars":["糊"],"height":100},{"file":"mineclub:space_split.png","ascent":-32768,"type":"bitmap","chars":["ꌐ"],"height":127},{"file":"mineclub:space_split.png","ascent":-32768,"type":"bitmap","chars":["禘"],"height":130},{"file":"mineclub:space_split.png","ascent":-32768,"type":"bitmap","chars":["囱"],"height":145},{"file":"mineclub:space_split.png","ascent":-32768,"type":"bitmap","chars":["笯"],"height":156},{"file":"mineclub:space_split.png","ascent":-32768,"type":"bitmap","chars":["清"],"height":180},{"file":"mineclub:space_split.png","ascent":-32768,"type":"bitmap","chars":["皂"],"height":182},{"file":"mineclub:space_split.png","ascent":-32768,"type":"bitmap","chars":["启"],"height":192},{"file":"mineclub:space_split.png","ascent":-32768,"type":"bitmap","chars":["ꌑ"],"height":255},{"file":"mineclub:space_split.png","ascent":-32768,"type":"bitmap","chars":["ꌒ"],"height":511},{"file":"mineclub:space_split.png","ascent":-32768,"type":"bitmap","chars":["ꌓ"],"height":1023},{"file":"mineclub:space_split.png","ascent":-65536,"type":"bitmap","chars":["ꌔ"],"height":32767},{"file":"mineclub:space_nosplit.png","ascent":-32768,"type":"bitmap","chars":["ꌕ"],"height":-3},{"file":"mineclub:space_nosplit.png","ascent":-32768,"type":"bitmap","chars":["婆"],"height":-110},{"file":"mineclub:space_nosplit.png","ascent":-32768,"type":"bitmap","chars":["ꌖ"],"height":-4},{"file":"mineclub:space_nosplit.png","ascent":-32768,"type":"bitmap","chars":["ꌗ"],"height":-5},{"file":"mineclub:space_nosplit.png","ascent":-32768,"type":"bitmap","chars":["ꌘ"],"height":-6},{"file":"mineclub:space_nosplit.png","ascent":-32768,"type":"bitmap","chars":["ꌙ"],"height":-7},{"file":"mineclub:space_nosplit.png","ascent":-32768,"type":"bitmap","chars":["ꌚ"],"height":-8},{"file":"mineclub:space_nosplit.png","ascent":-32768,"type":"bitmap","chars":["ꌛ"],"height":-9},{"file":"mineclub:space_nosplit.png","ascent":-32768,"type":"bitmap","chars":["ꌜ"],"height":-10},{"file":"mineclub:space_nosplit.png","ascent":-32768,"type":"bitmap","chars":["扌"],"height":-12},{"file":"mineclub:space_nosplit.png","ascent":-32768,"type":"bitmap","chars":["ꌝ"],"height":-18},{"file":"mineclub:space_nosplit.png","ascent":-32768,"type":"bitmap","chars":["ꌞ"],"height":-34},{"file":"mineclub:space_nosplit.png","ascent":-32768,"type":"bitmap","chars":["ꌟ"],"height":-66},{"file":"mineclub:space_split.png","ascent":-32768,"type":"bitmap","chars":["汀"],"height":-80},{"file":"mineclub:space_nosplit.png","ascent":-32768,"type":"bitmap","chars":["ꌠ"],"height":-130},{"file":"mineclub:space_nosplit.png","ascent":-32768,"type":"bitmap","chars":["ꌡ"],"height":-258},{"file":"mineclub:space_nosplit.png","ascent":-32768,"type":"bitmap","chars":["ꌢ"],"height":-514},{"file":"mineclub:space_nosplit.png","ascent":-32768,"type":"bitmap","chars":["ꌣ"],"height":-1026},{"file":"mineclub:space_nosplit.png","ascent":-65536,"type":"bitmap","chars":["ꌤ"],"height":-32770},{"file":"mineclub:space_nosplit.png","ascent":-32768,"type":"bitmap","chars":["ꌥ"],"height":0},{"file":"mineclub:space_nosplit.png","ascent":-32768,"type":"bitmap","chars":["ꌦ"],"height":1},{"file":"mineclub:space_nosplit.png","ascent":-32768,"type":"bitmap","chars":["ꌧ"],"height":2},{"file":"mineclub:space_nosplit.png","ascent":-32768,"type":"bitmap","chars":["ꌨ"],"height":3},{"file":"mineclub:space_nosplit.png","ascent":-32768,"type":"bitmap","chars":["ꌩ"],"height":4},{"file":"mineclub:space_nosplit.png","ascent":-32768,"type":"bitmap","chars":["ꌪ"],"height":5},{"file":"mineclub:space_nosplit.png","ascent":-32768,"type":"bitmap","chars":["ꌫ"],"height":6},{"file":"mineclub:space_nosplit.png","ascent":-32768,"type":"bitmap","chars":["ꌬ"],"height":7},{"file":"mineclub:space_nosplit.png","ascent":-32768,"type":"bitmap","chars":["ꌭ"],"height":15},{"file":"mineclub:space_nosplit.png","ascent":-32768,"type":"bitmap","chars":["ꌮ"],"height":31},{"file":"mineclub:space_nosplit.png","ascent":-32768,"type":"bitmap","chars":["ꌯ"],"height":63},{"file":"mineclub:space_split.png","ascent":-32768,"type":"bitmap","chars":["洌"],"height":70},{"file":"mineclub:space_split.png","ascent":-32768,"type":"bitmap","chars":["渌"],"height":125},{"file":"mineclub:space_nosplit.png","ascent":-32768,"type":"bitmap","chars":["ꌰ"],"height":127},{"file":"mineclub:space_split.png","ascent":-32768,"type":"bitmap","chars":["溺"],"height":190},{"file":"mineclub:space_nosplit.png","ascent":-32768,"type":"bitmap","chars":["ꌱ"],"height":255},{"file":"mineclub:space_nosplit.png","ascent":-32768,"type":"bitmap","chars":["ꌲ"],"height":511},{"file":"mineclub:space_nosplit.png","ascent":-32768,"type":"bitmap","chars":["ꌳ"],"height":1023},{"file":"mineclub:space_nosplit.png","ascent":-65536,"type":"bitmap","chars":["ꌴ"],"height":32767},{"file":"mineclub/emojis/emojis.png","ascent":7,"type":"bitmap","chars":["ꌵꌶꌷꌸꌹ臜爟灿辉煓耀数舡舾舸艋","ꌺꌻꌼꌽꌾ胝爅烟煨焯煺熵艇舲艅舴","ꌿꍀꍁꍂꍃ胍炷炕炆熥熇焞舱虒舭鸼","ꍄꍅꍆꍇꍈ脾爙燧焙炫土埘咎篙舠艉","ꍉꍊꍋꍌ섰舀声坦垾堤埸堨簇笠艨艏","ꍍꍎꍏꍐꍑ腴塌垠墁冉堋埒艚舢篱航","ꍒꍓꍔꍕꍖ膊壳觳悫坥壸垌舫舻艟舷","ꍗꍘꍙꍚꍛ朘壹垺坝坰壶坍戈、丶良","ꍜꍝꍞꍟꍠ脏赫赭郝赦坋赧宀塱鵏郙","ꍡꍢꍣꍤꍥ脯丧增啬赪坡榖能翩廞床","鄀鄁鄂鄐鄑胈寺块瞽墚馨鼙术麻糜黁","鄒鄓鄔鄕鄖胧磬罄謦埫縠垙麽麾魔靡","鄗鄘鄙鄚鄿脉款垱圭堎墙封磨摩书縻","縢塍螣腾媵消垚邽恚卦垧垍昶盚皴姿","肚氍貔腯貊盍墦坂垎塮圲塅裘禔视祖","貆肌冗股貅埌埵圻垢甏坼垛禅社祾祛","豹胜貂貘见圹圫埠坻坬埤去禧卬睾鷭"],"height":8},{"file":"mineclub/emojis/emojis.png","ascent":8,"type":"bitmap","chars":["烽脎然肱肽网少煌燠烅省燔篾箩箅粤","刚腌胯胰军肋烙烀熘煅劣炘鄱鹠翻臼","胁肿朓腓刖胂熄烁熜烺焌炉盥身舆叟","且肛囗臑胚县煸煽熔烤煊烷歃臾舄舁","肝爰助删具肟烧煳尖烠瞥燎鼠舅忄昝","朊雎同膈豚冢尜煃氅烯鳖憋舥舰盘艄","冠膘腼腰冤孚蹩弊炼烛烑焖舶艎舨篷","腱脆肷胫膙肠烜烦兴焐灯炣般船簉艘","贝赗腹赐肭赒炳炻光熛焕燏舣舵笾舯","赑赠财赕贩赂焰烶烻炊烃炀螽舳祈祋","胗贬赙赃贼贱雀燋焓炌爚烩祗祇祓禛","赇贻赌贮赎贿烨熻炸炝灼炮祜祐祧神","则脍脸祭赈腧炖半眷桊叛判应祆祏福","赋赡脞罂败赊豢鲞拳炜券翷禋祢祁弋","胣购账贶胙赆卷粼誊焆炽燥祃祚祕鹧","赚婴贴赔赅脂燀当熠烬炬焗禊祷祎祝","胀朐胞肫胸用烘爔煤烂煁烊祸祀蹙祲"],"height":8},{"file":"mineclub/icons/speech.png","ascent":8,"type":"bitmap","chars":["谿"],"height":8},{"file":"mineclub/icons/error_mark.png","ascent":7,"type":"bitmap","chars":["膣冈鏻鎓矣"],"height":7},{"file":"mineclub/titles/title_3ch.png","ascent":7,"type":"bitmap","chars":["朕胼肼"],"height":7},{"file":"mineclub/titles/title_4ch.png","ascent":7,"type":"bitmap","chars":["뜐셿膳罔目瞷"],"height":7},{"file":"mineclub/titles/title_5ch.png","ascent":7,"type":"bitmap","chars":["셥뜑셯셹솜셤","眼瞑瞬睬睇盼","睐睄瞠渺쐃쐅","씁篚ꑝꑝꑝꑝ"],"height":7},{"file":"mineclub/titles/title_6ch.png","ascent":7,"type":"bitmap","chars":["셧眯뜒셪셼鼓","솀뜏솚솝瞵雒","眇睦眭瞌瞅凉","眨睡眊繇睥堪","瞍睨睃瞟瞫垟"],"height":7},{"file":"mineclub/titles/title_7ch.png","ascent":7,"type":"bitmap","chars":["셭셽셦셴","셳셲셶셵","셨셩뜓셺","뜔셸眸眬","眙瞋睹睫","瞻觃泳牤"],"height":7},{"file":"mineclub/titles/title_8ch.png","ascent":7,"type":"bitmap","chars":["셣셫솛셰","셬셮瞎瞭","睎眈眺ꑝ"],"height":7},{"file":"mineclub/titles/title_9ch.png","ascent":7,"type":"bitmap","chars":["셾셷셱뜕","셻腨盱睚","眵犒ꑝꑝ"],"height":7},{"file":"mineclub/titles/title_10ch.png","ascent":7,"type":"bitmap","chars":["셒眄盯"],"height":7},{"file":"mineclub/ui/premium/collector_ui.png","ascent":19,"type":"bitmap","chars":["欢"],"height":103},{"file":"mineclub/titles/partyban.png","ascent":7,"type":"bitmap","chars":["戎"],"height":7},{"file":"mineclub/titles/banner_0ch.png","ascent":7,"type":"bitmap","chars":["鉮"],"height":7},{"file":"mineclub/titles/banner_1ch.png","ascent":7,"type":"bitmap","chars":["쐆"],"height":7},{"file":"mineclub/titles/banner_2ch.png","ascent":7,"type":"bitmap","chars":["뜅"],"height":7},{"file":"mineclub/titles/banner_3ch.png","ascent":7,"type":"bitmap","chars":["뜆"],"height":7},{"file":"mineclub/titles/banner_4ch.png","ascent":7,"type":"bitmap","chars":["뜇"],"height":7},{"file":"mineclub/titles/banner_5ch.png","ascent":7,"type":"bitmap","chars":["뜈"],"height":7},{"file":"mineclub/titles/banner_6ch.png","ascent":7,"type":"bitmap","chars":["뜉"],"height":7},{"file":"mineclub/titles/banner_7ch.png","ascent":7,"type":"bitmap","chars":["뜊"],"height":7},{"file":"mineclub/titles/banner_8ch.png","ascent":7,"type":"bitmap","chars":["뜋"],"height":7},{"file":"mineclub/titles/banner_9ch.png","ascent":7,"type":"bitmap","chars":["뜌"],"height":7},{"file":"mineclub/titles/banner_10ch.png","ascent":7,"type":"bitmap","chars":["솂"],"height":7},{"file":"mineclub/titles/title_1manager.png","ascent":7,"type":"bitmap","chars":["쐄"],"height":7},{"file":"mineclub/titles/title_1moderator.png","ascent":7,"type":"bitmap","chars":["쐇"],"height":7},{"file":"mineclub/titles/title_ico.png","ascent":7,"type":"bitmap","chars":["솁뜖솣솊솗솑솠솢솔솓솉솦솏솋뜗솖솆솕","뜘손솤뜛뜙뜚속솄솇송솅소솃솧솘솙뜝솨","솥뜜솞솎솈솟睽瞪睁瞿睢矍瞧睑盷盹鹞睛","眠瞩眍眶瞒瞄朏鼎眦瞳ꑝ妥奚鹦胭胛爵腘","腮丹腿膪膀鄫ꑝ彤ꑝ肮肪脐胩腋胪写臆脑","臃胲膻金甑渗幸敌ꑝꑝꑝꑝꑝꑝꑝꑝꑝꑝ","쌆쌈쐂쌇쐁凛ꑝꑝꑝꑝꑝꑝꑝꑝꑝꑝꑝꑝ","ꑝꑝꑝꑝꑝꑝꑝꑝꑝꑝꑝꑝꑝꑝꑝꑝꑝꑝ","ꑝꑝꑝꑝꑝꑝꑝꑝꑝꑝꑝꑝꑝꑝꑝꑝꑝꑝ","ꑝꑝꑝꑝꑝꑝꑝꑝꑝꑝꑝꑝꑝꑝꑝꑝꑝꑝ","ꑝꑝꑝꑝꑝꑝꑝꑝꑝꑝꑝꑝꑝꑝꑝꑝꑝꑝ","ꑝꑝꑝꑝꑝꑝꑝꑝꑝꑝꑝꑝꑝꑝꑝꑝꑝꑝ","ꑝꑝꑝꑝꑝꑝꑝꑝꑝꑝꑝꑝꑝꑝꑝꑝꑝꑝ","ꑝꑝꑝꑝꑝꑝꑝꑝꑝꑝꑝꑝꑝꑝꑝꑝꑝꑝ","ꑝꑝꑝꑝꑝꑝꑝꑝꑝꑝꑝꑝꑝꑝꑝꑝꑝꑝ","ꑝꑝꑝꑝꑝꑝꑝꑝꑝꑝꑝꑝꑝꑝꑝꑝꑝꑝ","ꑝꑝꑝꑝꑝꑝꑝꑝꑝꑝꑝꑝꑝꑝꑝꑝꑝꑝ","ꑝꑝꑝꑝꑝꑝꑝꑝꑝꑝꑝꑝꑝꑝꑝꑝꑝꑝ"],"height":7},{"file":"mineclub/titles/title_ico_tab.png","ascent":7,"type":"bitmap","chars":["彳得爬很衢徂徭彼符徕衍徜待街徒徨循役","瓞徼筏衠德徛筱徘律籥筌衎签行鸻答衙征","篌衡酂径徐御衔徇篯彻笮徉徽徵微媭後徊","往彷衒徙乇昏筷笏剩筚ꑝ笣印牛筢犋看掰","籍箨牡特牿牲ꑝ牦ꑝ我犏牻犊牯筹犄生箐","牺牾箦拜犍失牧鹄ꑝꑝꑝꑝꑝꑝꑝꑝꑝꑝ","筘箍箝毛牥冖ꑝꑝꑝꑝꑝꑝꑝꑝꑝꑝꑝꑝ","ꑝꑝꑝꑝꑝꑝꑝꑝꑝꑝꑝꑝꑝꑝꑝꑝꑝꑝ","ꑝꑝꑝꑝꑝꑝꑝꑝꑝꑝꑝꑝꑝꑝꑝꑝꑝꑝ","ꑝꑝꑝꑝꑝꑝꑝꑝꑝꑝꑝꑝꑝꑝꑝꑝꑝꑝ","ꑝꑝꑝꑝꑝꑝꑝꑝꑝꑝꑝꑝꑝꑝꑝꑝꑝꑝ","ꑝꑝꑝꑝꑝꑝꑝꑝꑝꑝꑝꑝꑝꑝꑝꑝꑝꑝ","ꑝꑝꑝꑝꑝꑝꑝꑝꑝꑝꑝꑝꑝꑝꑝꑝꑝꑝ","ꑝꑝꑝꑝꑝꑝꑝꑝꑝꑝꑝꑝꑝꑝꑝꑝꑝꑝ","ꑝꑝꑝꑝꑝꑝꑝꑝꑝꑝꑝꑝꑝꑝꑝꑝꑝꑝ","ꑝꑝꑝꑝꑝꑝꑝꑝꑝꑝꑝꑝꑝꑝꑝꑝꑝꑝ","ꑝꑝꑝꑝꑝꑝꑝꑝꑝꑝꑝꑝꑝꑝꑝꑝꑝꑝ","ꑝꑝꑝꑝꑝꑝꑝꑝꑝꑝꑝꑝꑝꑝꑝꑝꑝꑝ"],"height":7},{"file":"mineclub/images/holograms/market.png","ascent":35,"type":"bitmap","chars":["솪","섘"],"height":60},{"file":"mineclub/icons/game_connect4.png","ascent":17,"type":"bitmap","chars":["섢"],"height":28},{"file":"mineclub/icons/game_tictactoe.png","ascent":17,"type":"bitmap","chars":["섣"],"height":28},{"file":"mineclub/icons/game_luckyblock.png","ascent":17,"type":"bitmap","chars":["솫"],"height":28},{"file":"mineclub/icons/game_luckyshot.png","ascent":17,"type":"bitmap","chars":["솬"],"height":28},{"file":"mineclub/ui/final_lock.png","ascent":32,"type":"bitmap","chars":["섋섌섍섎섓"],"height":32},{"file":"mineclub:minecoin_numbers.png","ascent":-55,"type":"bitmap","chars":["성섲섳섴섵섶섷세섹셀"],"height":22},{"file":"mineclub/ui/login.png","ascent":13,"type":"bitmap","chars":["庳"],"height":131},{"file":"mineclub/ui/gemsdealer/arrowgems.png","ascent":-79,"type":"bitmap","chars":["凰飚殳凤"],"height":12},{"file":"mineclub/titles/gemnames.png","ascent":13,"type":"bitmap","chars":["笥","敫"],"height":15},{"file":"mineclub:minecoin_numbers.png","ascent":-14,"type":"bitmap","chars":["飕凡风筵第颓箓夙飏簦"],"height":8},{"file":"mineclub:minecoin_comma.png","ascent":-14,"type":"bitmap","chars":["飑"],"height":8},{"file":"mineclub/ui/backpack_ui.png","ascent":19,"type":"bitmap","chars":["셕"],"height":103},{"file":"mineclub/ui/inventory_scroll.png","ascent":-12,"type":"bitmap","chars":["洣瀵潾溇淡沙洸泮圣瀔"],"height":55},{"file":"mineclub/ui/mobile_phone/friends_main.png","ascent":19,"type":"bitmap","chars":["씅"],"height":103},{"file":"mineclub/ui/mobile_phone/friends_scroll.png","ascent":-10,"type":"bitmap","chars":["腺脓豺胳滇浡溹溶渤潮"],"height":57},{"file":"mineclub:minecoin_comma.png","ascent":-10,"type":"bitmap","chars":["뜤"],"height":8},{"file":"mineclub:minecoin_numbers.png","ascent":-10,"type":"bitmap","chars":["뜥뜦뜧뜨뜩뜪뜫뜬뜭뜮"],"height":8},{"file":"mineclub:premium_numbers.png","ascent":-28,"type":"bitmap","chars":["颂瓮翁鋐郸冁父爸斧釜爹兮弟"],"height":8},{"file":"mineclub:minecoin_hud_comma.png","ascent":-28,"type":"bitmap","chars":["뜯"],"height":8},{"file":"mineclub:minecoin_numbers.png","ascent":-27,"type":"bitmap","chars":["뜰뜱띀띁띂띃섁섂섃섄"],"height":8},{"file":"mineclub/icons/gem_1ui.png","ascent":-36,"type":"bitmap","chars":["씂"],"height":8},{"file":"mineclub:minecoin_numbers.png","ascent":-33,"type":"bitmap","chars":["埼垮埭圳赤垏坤垣堧毂"],"height":8},{"file":"mineclub:minecoin_hud_comma.png","ascent":-34,"type":"bitmap","chars":["坞"],"height":8},{"file":"mineclub:minecoin_numbers.png","ascent":-3,"type":"bitmap","chars":["桴僰樱相枣朳松枍梯棁"],"height":8},{"file":"mineclub:realm_logo.png","ascent":32,"type":"bitmap","chars":["섏섐","섑섒"],"height":120},{"file":"mineclub:realm_logo.png","ascent":32,"type":"bitmap","chars":["셚셙","션셗"],"height":80},{"file":"mineclub/titles/rarity_1normal.png","ascent":7,"type":"bitmap","chars":["섟"],"height":7},{"file":"mineclub/titles/rarity_2common.png","ascent":7,"type":"bitmap","chars":["석"],"height":7},{"file":"mineclub/titles/rarity_3rare.png","ascent":7,"type":"bitmap","chars":["섞"],"height":7},{"file":"mineclub/titles/rarity_4epic.png","ascent":7,"type":"bitmap","chars":["서"],"height":7},{"file":"mineclub/titles/rarity_5mythical.png","ascent":7,"type":"bitmap","chars":["섙"],"height":7},{"file":"mineclub/titles/rarity_6unobtain.png","ascent":7,"type":"bitmap","chars":["선"],"height":7},{"file":"mineclub/titles/item_hat.png","ascent":7,"type":"bitmap","chars":["섚"],"height":7},{"file":"mineclub/titles/item_title.png","ascent":7,"type":"bitmap","chars":["앒"],"height":7},{"file":"mineclub/titles/item_all.png","ascent":7,"type":"bitmap","chars":["앓"],"height":7},{"file":"mineclub/titles/item_hand.png","ascent":7,"type":"bitmap","chars":["섛"],"height":7},{"file":"mineclub/titles/item_currency.png","ascent":7,"type":"bitmap","chars":["섡"],"height":7},{"file":"mineclub/titles/item_personal.png","ascent":7,"type":"bitmap","chars":["셇"],"height":7},{"file":"mineclub/icons/14xico.png","ascent":8,"type":"bitmap","chars":["埴셆鸹筥允成庥"],"height":9},{"file":"mineclub/icons/tabicon.png","ascent":8,"type":"bitmap","chars":["瀱洇漍涸섔섕"],"height":9},{"file":"mineclub/ui/hudbar.png","ascent":-26,"type":"bitmap","chars":["渍","潜","呇","浥","涓","涢","渑","潞"],"height":9},{"file":"mineclub/ui/hudtimer.png","ascent":0,"type":"bitmap","chars":["溚","洋","溠","灌","洴","汫","湴","溯","滋","漕","澧","汕","鎏","漴","汹","湍"],"height":15},{"file":"mineclub/ui/hudstart.png","ascent":0,"type":"bitmap","chars":["溦","漼","涔","汝","潍","洳","淄","沺","渭","反","夂","条","槃","箔","簿"],"height":15},{"file":"mineclub/ui/eventxpbar.png","ascent":-36,"type":"bitmap","chars":["鋆圩","坏坪","坯堐","塬垤","坜埂","坛圬","圢坷","塥垭","堙堍","埆圾","彀埇","埏坎","场趄","趟堆","趱坽","趑埝","越赵","赶趔","圪堠","趋趁","垲坳","堟埋","毐堌","堽塄","坶塝","盐墒","塆墩","坑坊","堉坟","垯埗","址走","墟坫","壕壤","垆垃","培境","垴垓","竹丿","白馧","皭泉"],"height":5},{"file":"mineclub/ui/xpbar.png","ascent":-36,"type":"bitmap","chars":["趯"],"height":5},{"file":"mineclub/ui/hudheart.png","ascent":8,"type":"bitmap","chars":["沼"],"height":9},{"file":"mineclub/ui/hudicons.png","ascent":-25,"type":"bitmap","chars":["涡","湣","澡","汜","泯","浞","渠","涮"],"height":11},{"file":"mineclub/ui/hudiconslobby.png","ascent":-30,"type":"bitmap","chars":["螫","却"],"height":12},{"file":"mineclub/ui/notifications/announce_frame.png","ascent":6,"type":"bitmap","chars":["逗"],"height":40},{"file":"mineclub/ui/notifications/notifications.png","ascent":6,"type":"bitmap","chars":["ꑝꑝꑝꑝ鄆","ꑝ栅测懑溅","逘這澴敉分","通鄃虢艮鄄","鄅郯曏ꑝꑝ","ꑝ皛皞皤皈","ꑝ祺ꑝꑝ永"],"height":40},{"file":"mineclub/ui/chathead.png","ascent":6,"type":"bitmap","chars":["猗","犰","狭","狮"],"height":50},{"file":"mineclub/icons/message_icon.png","ascent":8,"type":"bitmap","chars":["逑"],"height":9},{"file":"mineclub/ui/crates/crate_animate.png","ascent":-12,"type":"bitmap","chars":["腑","悬","腻","胎","臁"],"height":44},{"file":"mineclub/ui/market/market_scroll.png","ascent":-27,"type":"bitmap","chars":["滴滦洨湙湾滚"],"height":59},{"file":"mineclub/ui/crates/crate_n.png","ascent":-80,"type":"bitmap","chars":["息"],"height":16},{"file":"mineclub/ui/crates/crate_c.png","ascent":-80,"type":"bitmap","chars":["鬼"],"height":16},{"file":"mineclub/ui/crates/crate_r.png","ascent":-80,"type":"bitmap","chars":["臬"],"height":16},{"file":"mineclub/ui/crates/crate_e.png","ascent":-47,"type":"bitmap","chars":["毯"],"height":16},{"file":"mineclub/ui/crates/crate_m.png","ascent":-47,"type":"bitmap","chars":["毳"],"height":16},{"file":"mineclub/items/premium_token.png","ascent":-47,"type":"bitmap","chars":["氇"],"height":16},{"file":"mineclub/ui/market/mkt_list_off.png","ascent":-97,"type":"bitmap","chars":["씘","씗"],"height":14},{"file":"mineclub/ui/market/listingsbutton.png","ascent":-94,"type":"bitmap","chars":["颡","漆"],"height":16},{"file":"mineclub/ui/menu_titles/menu_titles.png","ascent":19,"type":"bitmap","chars":["앗","았","앙","앚","앛","앜","앝","앞","앟","애","액","앢","앣","雕","앥","앦","憩","앨","앩","逅","逆","逇","逈","选","逊"],"height":20},{"file":"mineclub/ui/announce_bars/announce_bars.png","ascent":9,"type":"bitmap","chars":["逸","逹","逺","逼","逽","庾"],"height":16},{"file":"mineclub/ui/tabletop/numbers.png","ascent":-18,"type":"bitmap","chars":["退送适逃逄逿逛逜逝逞"],"height":8},{"file":"mineclub/ui/tabletop/semicolon.png","ascent":-18,"type":"bitmap","chars":["速"],"height":8},{"file":"mineclub/ui/tabletop/queue_small.png","ascent":19,"type":"bitmap","chars":["朗"],"height":98},{"file":"mineclub/ui/tabletop/queue_sprites.png","ascent":-31,"type":"bitmap","chars":["垒","廊","庞"],"height":29},{"file":"mineclub/ui/mobile_phone/trade_request.png","ascent":19,"type":"bitmap","chars":["鼩"],"height":103},{"file":"mineclub/ui/mobile_phone/friend_request.png","ascent":19,"type":"bitmap","chars":["卑"],"height":103},{"file":"mineclub/ui/mobile_phone/party_request.png","ascent":19,"type":"bitmap","chars":["囟"],"height":103},{"file":"mineclub/ui/mobile_phone/request_buttons.png","ascent":-61,"type":"bitmap","chars":["庄","庱","庤","戊"],"height":15},{"file":"mineclub/ui/mobile_phone/phone_main.png","ascent":19,"type":"bitmap","chars":["鄛"],"height":99},{"file":"mineclub/ui/party/party_main.png","ascent":19,"type":"bitmap","chars":["脶"],"height":99},{"file":"mineclub/ui/party/party_people.png","ascent":-4,"type":"bitmap","chars":["欻氆"],"height":72},{"file":"mineclub/ui/party/party_chat.png","ascent":-4,"type":"bitmap","chars":["箬","簧","廆"],"height":17},{"file":"mineclub/ui/party/party_games.png","ascent":-22,"type":"bitmap","chars":["腭","尘","废"],"height":17},{"file":"mineclub/ui/party/party_invite.png","ascent":-40,"type":"bitmap","chars":["凸","祊"],"height":17},{"file":"mineclub/ui/party/party_create.png","ascent":-58,"type":"bitmap","chars":["皿","豸"],"height":17},{"file":"mineclub:space_split.png","ascent":-32768,"type":"bitmap","chars":["毽"],"height":-172},{"file":"mineclub:space_split.png","ascent":-32768,"type":"bitmap","chars":["鼻"],"height":-90},{"file":"mineclub/ui/view_profile/view_main.png","ascent":19,"type":"bitmap","chars":["鄌"],"height":256},{"file":"mineclub/ui/view_profile/theme_sprite.png","ascent":-9,"type":"bitmap","chars":["汈漏淠糍颉皖","浸濯溷娄埚皋","洭渥泅料堰帛","漻浔涠喆喜座"],"height":60},{"file":"mineclub/ui/view_profile/profile_ui_overlay.png","ascent":-4,"type":"bitmap","chars":["潺浕笼埙"],"height":72},{"file":"mineclub/ui/view_profile/button_icons.png","ascent":-6,"type":"bitmap","chars":["泥澼氾漠"],"height":66},{"file":"mineclub/ui/view_profile/title_sprite.png","ascent":-9,"type":"bitmap","chars":["溁","潆","滢","潵","湔","濛","涝","洪","潽","澌","洄","精","粪","糕","糒","袁","嚭","熹","墀","嘉","皇","箕","毵","恣"],"height":12},{"file":"mineclub/ui/view_profile/price_sprite.png","ascent":-38,"type":"bitmap","chars":["渼竽","濭筑","漭毁","滞甡","潢竿","渶斤","潇筻","泔竺","满筇","淇筮","潩惩","焱后","燊卮","爃笄","燚簪","劼篥","埕簟","圯甥","埽斥","憙几","馥飓","鼹鼷","戍戌","咨鹒"],"height":9},{"file":"mineclub/ui/view_profile/button_sprite.png","ascent":-58,"type":"bitmap","chars":["溢","港","漾"],"height":17},{"file":"mineclub/ui/view_profile/view_request.png","ascent":19,"type":"bitmap","chars":["晱"],"height":99},{"file":"mineclub/ui/gift/gift_sent.png","ascent":19,"type":"bitmap","chars":["乐"],"height":99},{"file":"mineclub/ui/mobile_phone/settings_main.png","ascent":19,"type":"bitmap","chars":["暻"],"height":99},{"file":"mineclub/ui/mobile_phone/settings_private.png","ascent":-4,"type":"bitmap","chars":["明","曝","晘","彩"],"height":17},{"file":"mineclub/ui/mobile_phone/settings_private.png","ascent":-22,"type":"bitmap","chars":["暧","暖","冒","肘"],"height":17},{"file":"mineclub/ui/mobile_phone/settings_private.png","ascent":-40,"type":"bitmap","chars":["盟","杲","晰","郛"],"height":17},{"file":"mineclub/ui/mobile_phone/settings_private.png","ascent":-58,"type":"bitmap","chars":["曌","时","暕","膝"],"height":17},{"file":"mineclub/ui/mobile_phone/settings_icons.png","ascent":-4,"type":"bitmap","chars":["乳炙堵垸"],"height":72},{"file":"mineclub/ui/view_profile/profile_spectate.png","ascent":19,"type":"bitmap","chars":["鄇"],"height":256},{"file":"mineclub/ui/mobile_phone/z_off.png","ascent":-19,"type":"bitmap","chars":["眉","昄","曛","昴","剔","昕","星","旵","暾"],"height":4},{"file":"mineclub/ui/mobile_phone/z_on.png","ascent":-19,"type":"bitmap","chars":["昳","昇","昂","晷","旷","晙","晟","曦","鹖"],"height":4},{"file":"mineclub/ui/mobile_phone/z_pending.png","ascent":-19,"type":"bitmap","chars":["晡","昽","既","昈","即","昪","早","郿","脚"],"height":4},{"file":"mineclub/ui/mobile_phone/z_off.png","ascent":-37,"type":"bitmap","chars":["昧","暑","暄","晓","晏","晞","旯","暨","昉"],"height":4},{"file":"mineclub/ui/mobile_phone/z_on.png","ascent":-37,"type":"bitmap","chars":["映","堲","晁","旦","晅","晒","旴","暵","曙"],"height":4},{"file":"mineclub/ui/mobile_phone/z_pending.png","ascent":-37,"type":"bitmap","chars":["旺","戥","晊","旱","旰","昊","昙","鱀","周"],"height":4},{"file":"mineclub/ui/mobile_phone/z_off.png","ascent":-55,"type":"bitmap","chars":["晤","晨","昃","昺","量","是","晚","塈","旻"],"height":4},{"file":"mineclub/ui/mobile_phone/z_on.png","ascent":-55,"type":"bitmap","chars":["冕","闉","暌","旸","昣","昤","晗","曔","曼"],"height":4},{"file":"mineclub/ui/mobile_phone/z_pending.png","ascent":-55,"type":"bitmap","chars":["旿","题","匙","晔","韪","昨","晦","鹛","臌"],"height":4},{"file":"mineclub/ui/mobile_phone/z_off.png","ascent":-73,"type":"bitmap","chars":["易","昒","昀","暅","昆","鹍","昫","勖","胠"],"height":4},{"file":"mineclub/ui/mobile_phone/z_on.png","ascent":-73,"type":"bitmap","chars":["曷","暳","晴","照","煦","冔","暇","巴","晫"],"height":4},{"file":"mineclub/ui/mobile_phone/z_pending.png","ascent":-73,"type":"bitmap","chars":["昭","最","曜","昵","晪","显","暴","岊","膨"],"height":4},{"file":"mineclub:frame_color.png","ascent":7,"type":"bitmap","chars":["섆"],"height":7},{"file":"mineclub/titles/voice-icon.png","ascent":8,"type":"bitmap","chars":["鄍"],"height":9},{"file":"mineclub/titles/voice1.png","ascent":7,"type":"bitmap","chars":["鄎"],"height":7},{"file":"mineclub/titles/voice2.png","ascent":7,"type":"bitmap","chars":["鄏"],"height":7},{"file":"mineclub/titles/voice3.png","ascent":7,"type":"bitmap","chars":["鄋"],"height":7},{"file":"mineclub/titles/voice4.png","ascent":7,"type":"bitmap","chars":["賸"],"height":7},{"file":"mineclub/titles/voice5.png","ascent":7,"type":"bitmap","chars":["滕"],"height":7},{"file":"mineclub/ui/black_box.png","ascent":250,"type":"bitmap","chars":["鄜"],"height":2000},{"file":"mineclub/ui/red_box.png","ascent":250,"type":"bitmap","chars":["或"],"height":2000},{"file":"mineclub/ui/red_box_hit.png","ascent":250,"type":"bitmap","chars":["峱"],"height":2000},{"file":"mineclub/images/holograms/activewager.png","ascent":67,"type":"bitmap","chars":["景"],"height":80},{"file":"mineclub/images/holograms/wager_1.png","ascent":28,"type":"bitmap","chars":["腥"],"height":35},{"file":"mineclub/images/holograms/wager_5.png","ascent":28,"type":"bitmap","chars":["幂"],"height":35},{"file":"mineclub/images/holograms/wager_25.png","ascent":28,"type":"bitmap","chars":["胆"],"height":35},{"file":"mineclub/images/holograms/wager_100.png","ascent":28,"type":"bitmap","chars":["肥"],"height":35},{"file":"mineclub/images/holograms/wager_1000.png","ascent":28,"type":"bitmap","chars":["冥"],"height":35},{"file":"mineclub/images/holograms/wager_comma.png","ascent":25,"type":"bitmap","chars":["晾"],"height":26},{"file":"mineclub/images/holograms/wager_numbers.png","ascent":25,"type":"bitmap","chars":["曩暶昱暗曈暲昡晐月腽"],"height":26},{"file":"mineclub/icons/staff_token_1.png","ascent":8,"type":"bitmap","chars":["恳"],"height":9},{"file":"mineclub/ui/crates/crate_r_chat.png","ascent":7,"type":"bitmap","chars":["泂"],"height":7},{"file":"mineclub/ui/crates/crate_e_chat.png","ascent":7,"type":"bitmap","chars":["泪"],"height":7},{"file":"mineclub/ui/crates/crate_m_chat.png","ascent":7,"type":"bitmap","chars":["灈"],"height":7},{"file":"mineclub/items/premium_token_chat.png","ascent":8,"type":"bitmap","chars":["濉"],"height":9},{"file":"mineclub/images/exit_screen.png","ascent":128,"type":"bitmap","chars":["胖"],"height":256},{"file":"mineclub/titles/banner_guide.png","ascent":7,"type":"bitmap","chars":["錞"],"height":7},{"file":"mineclub/titles/banner_mod.png","ascent":7,"type":"bitmap","chars":["鐩"],"height":7},{"file":"mineclub/titles/banner_admin.png","ascent":7,"type":"bitmap","chars":["木"],"height":7},{"file":"mineclub/titles/banner_manager.png","ascent":7,"type":"bitmap","chars":["杳"],"height":7},{"file":"mineclub/titles/banner_owner.png","ascent":7,"type":"bitmap","chars":["榅"],"height":7},{"file":"mineclub/titles/banner_team.png","ascent":7,"type":"bitmap","chars":["楣"],"height":7},{"file":"mineclub/ui/game_bars/bar_parts.png","ascent":10,"type":"bitmap","chars":["曾单兽"],"height":27},{"file":"mineclub/ui/announce_bars/annouce_numbers.png","ascent":8,"type":"bitmap","chars":["材彬梵村麓樊攀禁梦郴楚"],"height":8},{"file":"mineclub/icons/team_icons.png","ascent":7,"type":"bitmap","chars":["楠植榕","榨枝橞","杖楮ꑝ"],"height":7},{"file":"mineclub/titles/title_teams.png","ascent":7,"type":"bitmap","chars":["榰","桡","椀","槟","柁","椟","柠","楦"],"height":7},{"file":"mineclub/icons/team_icons_chat.png","ascent":7,"type":"bitmap","chars":["橑栋椅","整慭朸","枷束ꑝ"],"height":7},{"file":"mineclub/icons/socials.png","ascent":4,"type":"bitmap","chars":["墈塃"],"height":14},{"file":"mineclub:space_split.png","ascent":-32768,"type":"bitmap","chars":["墡"],"height":-107},{"file":"mineclub/images/spawnsign1.png","ascent":20,"type":"bitmap","chars":["氏氐"],"height":96},{"file":"mineclub/images/spawnsign1.png","ascent":250,"type":"bitmap","chars":["温灏"],"height":388},{"file":"mineclub/images/spawnsign1.png","ascent":350,"type":"bitmap","chars":["浮漈"],"height":578},{"file":"mineclub/images/skylounge.png","ascent":77,"type":"bitmap","chars":["湄"],"height":180},{"file":"mineclub/ui/crates/crate_states.png","ascent":-96,"type":"bitmap","chars":["观","滔","浑","沮","湲","洞"],"height":14},{"file":"mineclub/images/welcome_main.png","ascent":46,"type":"bitmap","chars":["씍腊","膜朦"],"height":256},{"file":"mineclub/images/holograms/spring_event.png","ascent":-650,"type":"bitmap","chars":["馞"],"height":140},{"file":"mineclub/images/holograms/easter_event_sel.png","ascent":30,"type":"bitmap","chars":["筝"],"height":150},{"file":"mineclub/images/holograms/signframe.png","ascent":40,"type":"bitmap","chars":["垕","舐"],"height":150},{"file":"mineclub/games/parkourtag/overtime.png","ascent":12,"type":"bitmap","chars":["箱"],"height":13},{"file":"mineclub/games/parkourtag/playeralive.png","ascent":-25,"type":"bitmap","chars":["笨秤秆季称秀移邾稳"],"height":11},{"file":"mineclub/games/parkourtag/arrowpt.png","ascent":-25,"type":"bitmap","chars":["簃躺筶筅彡躲躴笑","笊须躬黎笙笔躯卯","孵卵篼留黧篦篪么","筤簠魍魈箴魃魆笺"],"height":11},{"file":"mineclub/games/parkourtag/tabicons.png","ascent":8,"type":"bitmap","chars":["穰穜穟务磐冬处黏灬","筲乎筠筜愁壬等熏筀"],"height":9},{"file":"mineclub/games/parkourtag/teamspt.png","ascent":-26,"type":"bitmap","chars":["税箖","秣释","秋稍","秒稑","穑秸","穆秾","秃乘","釉秭"],"height":9},{"file":"mineclub/ui/hudicons.png","ascent":-25,"type":"bitmap","chars":["稚","稔","稌","悉","秘","秕","和","积"],"height":11},{"file":"mineclub/images/holograms/clubs.png","ascent":-880,"type":"bitmap","chars":["榱皦魄"],"height":240},{"file":"mineclub/images/holograms/clubs.png","ascent":-600,"type":"bitmap","chars":["皓檩檀"],"height":240},{"file":"mineclub/games/battlebox/howtoplay.png","ascent":50,"type":"bitmap","chars":["沁"],"height":340},{"file":"mineclub/games/battlebox/sidebargreen.png","ascent":-63,"type":"bitmap","chars":["洵","池"],"height":96},{"file":"mineclub/games/battlebox/sidebarblue.png","ascent":-149,"type":"bitmap","chars":["柒","泌"],"height":96},{"file":"mineclub/games/battlebox/sidebarred.png","ascent":-235,"type":"bitmap","chars":["沕","淴"],"height":96},{"file":"mineclub/games/battlebox/sidebaryellow.png","ascent":-321,"type":"bitmap","chars":["湉","汋"],"height":96},{"file":"mineclub/games/battlebox/arrow.png","ascent":-63,"type":"bitmap","chars":["湑","澛","洑"],"height":192},{"file":"mineclub/games/battlebox/crossbow.png","ascent":-235,"type":"bitmap","chars":["澄","溆","滫"],"height":192},{"file":"mineclub/games/battlebox/health.png","ascent":-53,"type":"bitmap","chars":["泾","渔","浛"],"height":192},{"file":"mineclub/games/battlebox/knockback.png","ascent":-225,"type":"bitmap","chars":["涨","泠","浟"],"height":192},{"file":"mineclub/games/diamond.png","ascent":43,"type":"bitmap","chars":["瀹"],"height":250},{"file":"mineclub/games/ruby.png","ascent":43,"type":"bitmap","chars":["涂"],"height":250},{"file":"mineclub/games/amethyst.png","ascent":43,"type":"bitmap","chars":["潋"],"height":250},{"file":"mineclub/games/gold.png","ascent":43,"type":"bitmap","chars":["沲"],"height":250},{"file":"mineclub/games/amber.png","ascent":43,"type":"bitmap","chars":["汔"],"height":250},{"file":"mineclub/games/emerald.png","ascent":43,"type":"bitmap","chars":["洢"],"height":250},{"file":"mineclub/games/lazul.png","ascent":43,"type":"bitmap","chars":["渝"],"height":250},{"file":"mineclub/games/sapphire.png","ascent":43,"type":"bitmap","chars":["濮"],"height":250},{"file":"mineclub/icons/team_icons.png","ascent":20,"type":"bitmap","chars":["渰浍沦","沧浜洽","汽海ꑝ"],"height":70},{"file":"mineclub/images/selector/sidebar.png","ascent":217,"type":"bitmap","chars":["讠之"],"height":680},{"file":"mineclub/images/selector/sidebarselect.png","ascent":227,"type":"bitmap","chars":["资","盗"],"height":680},{"file":"mineclub/images/selector/selectorimages.png","ascent":82,"type":"bitmap","chars":["ꑝꑝꑝ翱","ꑝꑝꑝꑝ","ꑝꑝꑝꑝ","ꑝꑝ垂鼽"],"height":325},{"file":"mineclub/images/selector/select.png","ascent":92,"type":"bitmap","chars":["乔","ꑝ"],"height":325},{"file":"mineclub/images/selector/selectorimages.png","ascent":54,"type":"bitmap","chars":["重ꑝꑝꑝ","ꑝꑝꑝꑝ","ꑝꑝꑝꑝ","夭ꑝꑝꑝ"],"height":325},{"file":"mineclub/images/selector/select.png","ascent":64,"type":"bitmap","chars":["簝","准"],"height":325},{"file":"mineclub/images/selector/selectorimages.png","ascent":24,"type":"bitmap","chars":["ꑝꑝꑝꑝ","颀ꑝꑝꑝ","箫ꑝꑝꑝ","ꑝꑝꑝꑝ"],"height":325},{"file":"mineclub/images/selector/select.png","ascent":34,"type":"bitmap","chars":["简","笛"],"height":325},{"file":"mineclub/images/selector/selectorimages.png","ascent":55,"type":"bitmap","chars":["ꑝ欣ꑝꑝ","ꑝ爪ꑝ篑","ꑝꑝꑝ朵","ꑝꑝꑝꑝ"],"height":325},{"file":"mineclub/images/selector/select.png","ascent":65,"type":"bitmap","chars":["斶","笫"],"height":325},{"file":"mineclub/images/selector/time.png","ascent":-286,"type":"bitmap","chars":["檽樗","檑栖","杯枰","枉桎","杆枥","梗标","柰橱","梧柯","柄柘","椓枅","桠橛","杌朽","槱槚","橡槲","檞桷","檐李","杻橘","楙极","桶栘","杼橄","梃楗","梴椭","桅橙","杨楹","杩橹","枘榷","栴椎","樵榫","槜柃","杵枚","梌栓","桧楩","朴棹","桢榜","校椒","柱杭"],"height":28},{"file":"mineclub/images/selector/time.png","ascent":-318,"type":"bitmap","chars":["柞枪","梅檎","栒杓","构枨","枇楷","枸枹","楪楔","梆椿","梼榛","楱棒","杏枳","柷桯","枵梠","榀楫","樨榍","柖椰","椐枢","榧棂","框栩","柩柜","杞来","棤模","檬赉","欂横","槿柑","棋栏","椹样","槎栉","栟椪","槽棵","樽札","梣想","桤橼","椽檵","槌枋","梳梿"],"height":28},{"file":"mineclub/images/selector/time2.png","ascent":-286,"type":"bitmap","chars":["柿","樋","槁","稙","稹","嵇","稽","秫","稂","私","稗","秩","穄","椸","椸","椸","椸","椸"],"height":28},{"file":"mineclub/images/selector/time2.png","ascent":-318,"type":"bitmap","chars":["榇","橦","樟","簌","籁","剁","利","秧","秉","种","稀","稼","穗","椸","椸","椸","椸","椸"],"height":28},{"file":"mineclub/images/selector/time2.png","ascent":-233,"type":"bitmap","chars":["ꑝ","ꑝ","ꑝ","ꑝ","ꑝ","ꑝ","ꑝ","ꑝ","ꑝ","ꑝ","ꑝ","ꑝ","ꑝ","齇","凄","ꑝ","ꑝ","ꑝ"],"height":28},{"file":"mineclub/images/selector/time2.png","ascent":-258,"type":"bitmap","chars":["ꑝ","ꑝ","ꑝ","ꑝ","ꑝ","ꑝ","ꑝ","ꑝ","ꑝ","ꑝ","ꑝ","ꑝ","ꑝ","篢","ꑝ","ꑝ","ꑝ","ꑝ"],"height":28},{"file":"mineclub/ui/view_profile/view_profile_friends.png","ascent":15,"type":"bitmap","chars":["湜"],"height":15},{"file":"mineclub/ui/view_profile/view_profile_numbers.png","ascent":15,"type":"bitmap","chars":["混渴溻湿瀑艰漫溟淝淜滑"],"height":15},{"file":"mineclub/ui/market/market_icons.png","ascent":-95,"type":"bitmap","chars":["淫浫滘亻币禹衅簕"],"height":16},{"file":"mineclub/ui/market/mkt_text.png","ascent":13,"type":"bitmap","chars":["涑","濑","漱","齉","齄","篮"],"height":15},{"file":"mineclub/ui/lores/lore_icons.png","ascent":-4,"type":"bitmap","chars":["双","淼","桑","叕","剟","叠","汊","溞","滩"],"height":7},{"file":"mineclub/ui/lores/accent_lore.png","ascent":19,"type":"bitmap","chars":["法溘洁澎澍泊湟澳洫洎浓潲湫浰潘涤浲洚洛烫浩洗泖滗派溜泛洙","活沃沂没沨沿鲨挲涐湃溵激溴濞娑泺泜溲潟裟戏叉浪溥浚沭沇浅"],"height":32},{"file":"mineclub/ui/lores/apos.png","ascent":19,"type":"bitmap","chars":["漯淖澈浈"],"height":32},{"file":"mineclub/ui/chatrooms/chatbase.png","ascent":19,"type":"bitmap","chars":["城"],"height":102},{"file":"mineclub/ui/chatrooms/chat_trade.png","ascent":19,"type":"bitmap","chars":["垅"],"height":102},{"file":"mineclub/ui/chatrooms/chattitle.png","ascent":19,"type":"bitmap","chars":["埃","质","冱","鹰"],"height":20},{"file":"mineclub/ui/effectsbar.png","ascent":13,"type":"bitmap","chars":["盏"],"height":256},{"file":"mineclub/ui/summer_tokens.png","ascent":19,"type":"bitmap","chars":["廨"],"height":133},{"file":"mineclub/ui/chatrooms/rooms.png","ascent":-4,"type":"bitmap","chars":["埔段"],"height":72},{"file":"mineclub/ui/chatrooms/joinchat.png","ascent":-60,"type":"bitmap","chars":["塘","箜","冽","腐"],"height":14},{"file":"mineclub/ui/chatrooms/chattop.png","ascent":3,"type":"bitmap","chars":["墉","盾","冲","膺"],"height":57},{"file":"mineclub/titles/gem_name.png","ascent":7,"type":"bitmap","chars":["舔","劄","刮","甜","乱","笤"],"height":8},{"file":"mineclub/icons/2dall.png","ascent":-46,"type":"bitmap","chars":["瀣淑注沆濒淯流汶ꑝꑝꑝꑝꑝꑝꑝꑝ","滧济浏涟涉沚泚瀛ꑝꑝꑝꑝꑝꑝꑝꑝ","淬液滹澽滤沾淳渟ꑝꑝꑝꑝꑝꑝꑝꑝ","濠瀼泸游漩淤泣潼ꑝꑝꑝꑝꑝꑝꑝꑝ","漳涪漓澭泫澶汴火ꑝꑝꑝꑝꑝꑝꑝꑝ","煋炟焊焜爆熳煜肖ꑝꑝꑝꑝꑝꑝꑝꑝ","泶喾燃削尝烔学鲎ꑝꑝꑝꑝꑝꑝꑝꑝ","敞鹡尚炯赏棠堂党ꑝꑝꑝꑝꑝꑝꑝꑝ","牚掌裳黉峃爝烿脊ꑝꑝꑝꑝꑝꑝꑝꑝ","誉米粑粗粉粕糗糌ꑝꑝꑝꑝꑝꑝꑝꑝ","糁浐煴觉敝常举粮ꑝꑝꑝꑝꑝꑝꑝꑝ","ꑝꑝꑝꑝꑝꑝꑝꑝꑝꑝꑝꑝꑝꑝꑝꑝ","ꑝꑝꑝꑝꑝꑝꑝꑝꑝꑝꑝꑝꑝꑝꑝꑝ","ꑝꑝꑝꑝꑝꑝꑝꑝꑝꑝꑝꑝꑝꑝꑝꑝ","ꑝꑝꑝꑝꑝꑝꑝꑝꑝꑝꑝꑝꑝꑝꑝꑝ","ꑝꑝꑝꑝꑝꑝꑝꑝꑝꑝꑝꑝꑝꑝꑝꑝ","ꑝꑝꑝꑝꑝꑝꑝꑝꑝꑝꑝꑝꑝꑝꑝꑝ"],"height":15},{"file":"mineclub/ui/6slotuis.png","ascent":19,"type":"bitmap","chars":["盆鉊岔贫忿","掣箸髃歇逵","鼢馝的笈篝","씖암脖씓압","씔씕颁邠服"],"height":133},{"file":"mineclub/ui/discord/discord_letter.png","ascent":-63,"type":"bitmap","chars":["璺筒甪向血自纂篡算农舟鄮"],"height":6},{"file":"mineclub/ui/discord/discord_text.png","ascent":-63,"type":"bitmap","chars":["箪","禾"],"height":6},{"file":"mineclub/ui/discord/discord_numbers.png","ascent":-84,"type":"bitmap","chars":["笆癿皑簋皎爨笕奥筋制"],"height":14},{"file":"mineclub/ui/maintenance.png","ascent":19,"type":"bitmap","chars":["邝"],"height":103},{"file":"mineclub/games/lasertag/tutorial.png","ascent":129,"type":"bitmap","chars":["狼狻","狁狨"],"height":384},{"file":"mineclub/games/lasertag/tutnum.png","ascent":54,"type":"bitmap","chars":["痢痿疼狄猿","狐瘤猊犷獯"],"height":240},{"file":"mineclub/games/lasertag/numbers.png","ascent":6,"type":"bitmap","chars":["麋麟垄麇麝麂麑式贰庼","诿诰诜谢诛话诟诉讥设","讽诋谀诚议诶谘试诒谝","诫计谳谊诧诸读诂发诙","订诃诬诼谮讶谭证谵谲"],"height":7},{"file":"mineclub/games/lasertag/players.png","ascent":6,"type":"bitmap","chars":["谗认讷谁谯诊谶谂许猱"],"height":7},{"file":"mineclub/games/lasertag/timer.png","ascent":10,"type":"bitmap","chars":["甙"],"height":15},{"file":"mineclub/games/lasertag/topbar.png","ascent":10,"type":"bitmap","chars":["砻"],"height":15},{"file":"mineclub/games/lasertag/bars.png","ascent":-32,"type":"bitmap","chars":["谱宜窟宥","谥真窈觌","诺直窠寮","谨橐窣宏","谋蠹窨漦","谌孛未寄","详察宋嫠","讲囊守考","谦南勃釐","谎索教宄","讪疐鹁孝","讻穴支老","诎窅墼耇","谓窭頍协","谡窸翅吏","课窖灾事","讣窆宵寝","谛窳客妻","谤窊宪宙","谪窗宅审","谜戭牢士","谚突博宣","访窦栽寡","谴究宬宇","让穷宠宝","谇帘载室","谑窜截矗","谆窕惠寅","谅空哉宗","谙颠戴完","该窒裁宸","廛窍艹宁","廙穿廾宕","鹿穹朝富","廓穸戟家","店窿寁寇","廪窑乾定","十窬翰字","煮容斡宛","都窄韩麴","翥窃軎卖","宴窀輶宿","赍窎丈宾","献窘者甯"],"height":9},{"file":"mineclub/games/lasertag/healthhead.png","ascent":7,"type":"bitmap","chars":["寞宰","贲大","宽乂","寨瘟","鶱橥","塞疸","骞疤","赛痕","蹇有","搴殽","謇牵","褰疽","寒瓻","七郗","兢郁","剜欷","剋瘵","翘瘿","安痈","案癯","寐瘅","寤东","郪杀","寓疲","寰夺","寂弑","实癞"],"height":7},{"file":"mineclub/games/lasertag/exhaustionregen.png","ascent":-32,"type":"bitmap","chars":["态","翃","癫","奢","奔","爻","肴","鸑","爽","希","痍","瘸","夯","痂","瘗","暂","布","錾","椠","在","堑","夼"],"height":9},{"file":"mineclub/games/lasertag/lasertagban.png","ascent":45,"type":"bitmap","chars":["独狉","狂犴","獗獬","狲猛"],"height":288},{"file":"mineclub/games/lasertag/gems2.png","ascent":6,"type":"bitmap","chars":["谏译诮谠谈诗诖诵","诠谕讫论讹诈诲诱"],"height":7},{"file":"mineclub/games/lasertag/gems.png","ascent":-48,"type":"bitmap","chars":["扈扇房扆戽扂戒猾诨","疯猕狰犸狳狯猃猞ꑝ"],"height":12},{"file":"mineclub/games/lasertag/gems.png","ascent":15,"type":"bitmap","chars":["猬猓狸狎猡猥瘦瘐狡","ꑝꑝꑝꑝꑝꑝꑝꑝꑝ"],"height":16},{"file":"mineclub/games/lasertag/numbers2.png","ascent":-48,"type":"bitmap","chars":["度庶席廑庠庹廉谒谩调","宓蜜耄密耋尧害古胡鹕","豁克割官额故鸪宫嘏辜","肀宦宧寥卉鸫友痧瘙瘫"],"height":12},{"file":"mineclub/games/lasertag/numbers2.png","ascent":15,"type":"bitmap","chars":["ꑝꑝꑝꑝꑝꑝꑝꑝ","痫奄左奭癗痞癍痓疬奈","痦夸疔奇疴病痘疠瘃痖","狗狍猰猜狷犯猎獴獾猫"],"height":16}]}